channel_id,tier,wd_item,wd_class,label,country,reason,alt_of
UC-3Vp3Qy14wylC9WK8F1zUA,0,Q7956030,television station,NewsChannel 9 WSYR Syracuse,United States,newsguard_validated,
UC-6OW5aJYBFM33zXQlBKPNA,0,,,Engadget,US,newsguard_validated,
UC-7qscJH_SncZvCm9Ty014Q,0,Q511397,mass media|television channel|television station,ServusTV On,AT,newsguard_validated,
UC-8_qAhNVG8G1wxONMnYr3Q,0,,,GZERO Media,US,newsguard_validated,
UC-8a74zfriBsymbiL-P-Uaw,0,,,Suffolk Now,GB,newsguard_validated,
UC-9pUIg89Z9BYNDAZaJe-bg,0,,,charlestoncitypaper,US,newsguard_validated,
UC-BK0umNP6ozZcPE60nEIsw,0,,,Conservative Post,GB,newsguard_validated,
UC-BSVXejMFhhml4V_VyoGxg,0,Q6327252,television station,KCRA 3,US,newsguard_validated,
UC-C-jqc7H3wmAT4MZ64uobA,0,,,Deeside.com,,newsguard_validated,
UC-E5ZuD7wEB2HLNKF_B90-Q,0,,,Radio Regenbogen,,newsguard_validated,
UC-ELXMsXaIIc40mD1-LNaZg,0,,,Te Ao News,NZ,newsguard_validated,
UC-FVhfqCwhzpJ4DTJOMMofA,0,,,Latinus_us,MX,newsguard_validated,
UC-G6Uf34BVr_N14PA6uJodg,0,,,WSAW NewsChannel 7,US,newsguard_validated,
UC-GECsIra5RwmzYapD_-pww,0,,,Presseportal Videos,,newsguard_validated,
UC-H-L8u8PzzgdAzBLrqU6PQ,0,,,WBFF FOX45 Baltimore,US,newsguard_validated,
UC-JSIhoXcKetaEeYOpvwcIQ,0,,,Salon,US,newsguard_validated,
UC-JblcinswY50lrUdSaRNEg,0,Q33511,magazine|mass media,Rolling Stone,US,newsguard_validated,
UC-JlxQDZn5hLzhGSbtSJjzw,0,,,Climate Home News,GB,newsguard_validated,
UC-LaL6VO2SpXpjPdQT668wg,0,,,Groupe Nice-Matin,,newsguard_validated,
UC-MCjIJ5Wo61YyzJjC7Mh7w,0,,,Orlando Sentinel,,newsguard_validated,
UC-MFWZ6WppyTGSixw-HHqSg,0,,,WFMJ,US,newsguard_validated,
UC-PfbmXWqUYO_UCKP08LKDA,0,,,Fatherly,US,newsguard_validated,
UC-RxXi2Xws6Uk22vp-sLbGA,0,,,WCNC,US,newsguard_validated,
UC-VTsJEc1B95nyFbbUJrGMg,0,,,environmentaldefence,CA,newsguard_validated,
UC-ZZYTNXNKGuA1rx2fd5w4A,0,,,NZ Fiji Times,NZ,newsguard_validated,
UC-a4RHg1oIzQ7CfAg42AncA,0,,,Catholics for Truth,US,newsguard_validated,
UC-agfgA5Ia5Z7aCUQy8b80A,0,,,News 11 Yuma,,newsguard_validated,
UC-b1JdevG6fVeb06rRN_Xhw,0,,,40/29 News,,newsguard_validated,
UC-bmMRSCFUgOmo7Jy_-2osg,0,,,blogsicilia,,newsguard_validated,
UC-cKNl4zXGEvzoQWgii0NjQ,0,,,Wayne “Newsninja2012” Dupree,,newsguard_validated,
UC-cYPtPHsK7le0G_nX8M2NA,0,,,Suffolk Gazette,GB,newsguard_validated,
UC-dmTM1R31S8uFgPmexxkNg,0,,,Decrypt,US,newsguard_validated,
UC-eYsy604erwAkG3EgP_JNw,0,,,WABE Archive,,newsguard_validated,
UC-excOuNV0q1_H72C1qaYcg,0,,,FOX21 News,US,newsguard_validated,
UC-f-EC3-yv-_Ok-m5Dd5akw,0,,,KGUN9,US,newsguard_validated,
UC-gOKwgu5_g9Pm1YBMb5G_A,0,,,Tes Magazine,GB,newsguard_validated,
UC-haXOxWKiH9iF1rIM5iDtw,0,,,Asheville Citizen Times,,newsguard_validated,
UC-idb36hJ03TyM8CMhSDhdQ,0,,,FrederickNewsPost,,newsguard_validated,
UC-jkFwXtlvglqqQUFvJNkvQ,0,,,UCSF Health ,US,newsguard_validated,
UC-nDa6eoeSk8xeb5UnNVp5g,0,,,JihadWatchVideo,,newsguard_validated,
UC-oA0kQQV1qmxWrXgTzM9rQ,0,,,Tulsa's News Pulse,US,newsguard_validated,
UC-oTA_XeeMcA-UgV-3Ey6dA,0,,,Affari Italiani,,newsguard_validated,
UC-rZbNdZSGa1Uan8aTj_SsQ,0,,,American Diabetes Association,US,newsguard_validated,
UC-skSIVB3n7EGIP6CRjy5BQ,0,,,Hans Tolzin,DE,newsguard_validated,
UC-wbUUytMNII9M-hF8U5IDA,0,,,Billy Penn,,newsguard_validated,
UC-yXuc1__OzjwpsJPlxYUCQ,0,Q8035308,mass media|news media|news website,WORLDSTARHIPHOP,US,newsguard_validated,
UC-zGV4r8Dtvj6hjr65SIDyg,0,,,CovertAction Magazine,US,newsguard_validated,
UC-zv2jqax3GKtLCjycy4FDg,0,,,Волинські Новини (ЗМІ),,newsguard_validated,
UC01cT8kXmbVH6-mzwaa2qIQ,0,,,Cancer Research UK,GB,newsguard_validated,
UC0307R10cgh8JGdVnAgggXQ,0,,,The London Economic,,newsguard_validated,
UC030WRHQCV3ZG5GZdjUCRbw,0,,,Momdotcom,US,newsguard_validated,
UC04PB4RDbCoWdVsrz1MeO_Q,0,,,,,newsguard_validated,
UC0572E3x0gs8-5oSWa4hlNw,0,,,Understanding Compassion,US,newsguard_validated,
UC07-dOwgza1IguKA86jqxNA,0,,,World Health Organization (WHO),,newsguard_validated,
UC08cPiDQ32Pu-mVOsW3ch4A,0,,,CalNewsNOW7 EXTRA,,newsguard_validated,
UC0CHrJSsDJk2DfrIY8xOD9Q,0,,,Sky & Telescope,,newsguard_validated,
UC0COu43Li7CUL2jseBpH9kQ,0,,,Center For American Progress,,newsguard_validated,
UC0CdhzMLYr7zl3xkVNrYL2w,0,,,Pappas Post,,newsguard_validated,
UC0DB1y2diqTXdlQEbuvZhNg,0,,,Lausitzer Rundschau Sport,DE,newsguard_validated,
UC0DJ3Z4ky7uAF8rIqrHTpmA,0,,,NCRonline,US,newsguard_validated,
UC0DOSW9TYOCLUA4HC3usuBQ,0,,,ForAmerica,,newsguard_validated,
UC0FQySGV55z0ZH9ROPetapQ,0,,,NewsWatch 12,US,newsguard_validated,
UC0FrCjet_5k9dLByr7oSvYg,0,,,PI-NEWS,,newsguard_validated,
UC0Fzc2zX9vWkrQ7x4yRUrNw,0,,,Gazette live,FR,newsguard_validated,
UC0GDU8v6JtuozYQqfjJN8bg,0,,,Paul-Ehrlich-Institut (PEI),DE,newsguard_validated,
UC0H7JADShpxWDjGQ4WhXPtQ,0,,,WTTW,US,newsguard_validated,
UC0HDtkhrvpjwF_FMD6GIC9g,0,,,ABC7 Sarasota,US,newsguard_validated,
UC0HuASskjV3jhgj2ONLc8VA,0,,,Environmental Working Group (EWG),,newsguard_validated,
UC0IXvMUUPeYNVGe88ieMDEg,0,,,Seventeen,US,newsguard_validated,
UC0KdXtOA0G7P9nd_bUxL5gA,0,,,Інтент,UA,newsguard_validated,
UC0LNhT_EogkGvlMR3ccqWTw,0,,,Marie Claire UK,GB,newsguard_validated,
UC0OdUmGeFxc9ceZBPHTE0dQ,0,,,katholisch.de,DE,newsguard_validated,
UC0Pf4wHC2MA5ZzdFch_mtpw,0,,,Passauer Neue Presse,DE,newsguard_validated,
UC0R0N538mji8FUlyE8JZmug,0,,,Prospect Magazine,GB,newsguard_validated,
UC0R9oJ9ulQYEu4Xqzb9nFTA,0,,,La Opinión,US,newsguard_validated,
UC0RhatS1pyxInC00YKjjBqQ,0,,,GeeksforGeeks,IN,newsguard_validated,
UC0SGrA2Y4-jPGvF4sv8HMJA,0,,,WZ • Wiener Zeitung,AT,newsguard_validated,
UC0Sp2RuaVn69DK_tqqIk8sA,0,,,Les Affaires,CA,newsguard_validated,
UC0WFms0xto8h5FXkbjz4mvA,0,,,Todd Starnes,US,newsguard_validated,
UC0ZAg1KNrZh8jo47Cj_ah4Q,0,,,Time,,newsguard_validated,
UC0ZsHHC_frpcqneDpMiteCQ,0,Q7957644,television station,WXII 12 News,US,newsguard_validated,
UC0bCUnP5RrkJZUtd3bBz6Kw,0,,,WPTV News - FL Palm Beaches and Treasure Coast,,newsguard_validated,
UC0bCu89KV0nzdFkK9Oz_l_w,0,,,WPLNradio,,newsguard_validated,
UC0bIRiJsmjpuhx3tVUepQgg,0,,,Texas Monthly,US,newsguard_validated,
UC0duMiBZmDlbUue0eqd0htw,0,,,KMTV 3 News Now,US,newsguard_validated,
UC0fTbhgouDMneMzSluKaXAA,0,Q4037100,mass media|news media|news website,Deadline Hollywood,United States,newsguard_validated,
UC0gFXBCSn7U2VwE5j0jO-Gg,0,,,TDN,FR,newsguard_validated,
UC0gI048KH8MB8PxrMMVPzjg,0,Q109649881,mass media|news media|news website|newspaper|online newspaper,Panamza,FR,newsguard_validated,
UC0m-dhh4_ytlREg63hTMbsw,0,,,The Federalist,,newsguard_validated,
UC0mhFb96qRjYqx4-AfnDvPA,0,,,nrwaktuelltv,DE,newsguard_validated,
UC0nPmL_egF5bW2oCeyjGIxw,0,,,NewsCenter1,,newsguard_validated,
UC0ntvHJfviqvUHzdGBgrKlA,0,,,Vimeo,US,newsguard_validated,
UC0o2fGIRVh9mlVU97dzTMwg,0,,,La Nuova Sardegna,IT,newsguard_validated,
UC0p5jTq6Xx_DosDFxVXnWaQ,0,Q180089,magazine|mass media,The Economist,GB,newsguard_validated,
UC0sPBv78fAj46b_AaU159qQ,0,,,Press Herald,US,newsguard_validated,
UC0sfnuCUaYV2twmfZDtXZng,0,,,Epoch Times Deutschland,DE,newsguard_validated,
UC0tpt2CeQz9WwtytclhJXPg,0,,,wweek,,newsguard_validated,
UC0u04Fuq2qLUmYK12rVXFfQ,0,,,Ballotpedia,US,newsguard_validated,
UC0uVZd8N7FfIZnPu0y7o95A,0,Q1454090,magazine|mass media,ReasonTV,US,newsguard_validated,
UC0yUJjLhBNzjFENJXhNzjPw,0,,,The Root Cause Reset with Dr. Serge,US,newsguard_validated,
UC0zIez_iBFIOvJumpyKm7yA,0,,,Decision Desk HQ,US,newsguard_validated,
UC1038dBQ36pHs7r3VsqXWQQ,0,,,Onespot Tech,IN,newsguard_validated,
UC10H7NP2_73uxtXnDupfk-Q,0,,,The Los Angeles Tribune,US,newsguard_validated,
UC10MkHLwWeqADmF5i_wrW8Q,0,,,Manova,,newsguard_validated,
UC12YN49R5lavdqT4tD9M7vw,0,,,The Second Amendment Daily Show,US,newsguard_validated,
UC12ZNleBSS1SktV1EqY-gag,0,,,CitizensJournal.us,US,newsguard_validated,
UC13JU5kRDsxdG17SARuZ9aA,0,,,Associazione Marx21,IT,newsguard_validated,
UC13mSI38YWz5zfvxXDPpePA,0,,,FOX 13 Tampa Bay,US,newsguard_validated,
UC15_VPYQCnOZU4crj7g8aIA,0,,,The Center for Public Integrity,US,newsguard_validated,
UC16U7VCV8BCQtCWYBWGThsQ,0,,,Zeitungsverlag Der Patriot,DE,newsguard_validated,
UC16niRr50-MSBwiO3YDb3RA,0,Q1160945|Q4704926,mass media|news media|news website|newspaper,BBC News,GB,newsguard_validated,
UC17dbQvcg-vsJlDNKYi5t8A,0,,,Dr. Roberto Gava,IT,newsguard_validated,
UC18-7qYJWAqM9eF1GvMn6Og,0,,,Dane Wigington,US,newsguard_validated,
UC181dM_dq5kVFoOrQV89OwA,0,,,lovebscott,,newsguard_validated,
UC18BHaxZk7gCwIJ4bYxi3dg,0,,,NÖN,,newsguard_validated,
UC1AVtbGS9tJiTTHclBAsj3w,0,,,Rewire News Group,US,newsguard_validated,
UC1Ahz-Lx2CkejAunMWwCpYQ,0,,,WDTV 5 News,US,newsguard_validated,
UC1C8JlJz73gTwlnnsZWJp2A,0,,,Deutsche Wirtschafts Nachrichten,DE,newsguard_validated,
UC1FbPiXx59_ltnFVx7IxWow,0,,,FOX Weather,US,newsguard_validated,
UC1Gz1YkPBoLzQSBKbswBHAw,0,Q7951184,television station,WJHL,United States,newsguard_validated,
UC1HEz1GNfVMMBvCptQAa1Tw,0,,,Le Charlevoisien,,newsguard_validated,
UC1JAwKeDUjN2orv5t7LWODQ,0,,,KARE 11,US,newsguard_validated,
UC1JaWxosL7LG7JoArkGoP_g,0,,,Anderson Independent Mail,,newsguard_validated,
UC1KF4bZvT5iAbAHVv4MuNxg,0,Q737529,newspaper,Staten Island Advance,US,newsguard_validated,
UC1KjQvpVVQ7jhh7pHntvLGA,0,,,newsguardeditor,,newsguard_validated,
UC1M7j01tdu5TTKepAGatmyw,0,,,"Herbs, Health & Happiness",GB,newsguard_validated,
UC1ObaaFz4XHVPN2T5IFsU4w,0,Q1044328,newspaper,Le Nouvel Obs,FR,newsguard_validated,
UC1PRGaduTPEkvzBYAthpkhQ,0,,,The Patriot Post,,newsguard_validated,
UC1R8QmbLqSrOBVDiteYOGTA,0,,,Somerset Live,,newsguard_validated,
UC1ULMK_HfgcIZi1UI6TwlPg,0,,,Jeanmarcmorandini,,newsguard_validated,
UC1VKVKhJLc7PjdPPVxTDk0Q,0,,,NBC4 Washington,US,newsguard_validated,
UC1XUCiDr1YxQv-qdF9vGB9A,0,,,enVolve News,US,newsguard_validated,
UC1Y7onDsPyfP-lu--SXF-ew,0,,,Quarks,DE,newsguard_validated,
UC1Z1i5ClfrJhyu9z1hlmDkQ,0,,,Daily Kos,US,newsguard_validated,
UC1_PpwVGlUVHmUxubW8BucQ,0,,,The GrowthOp,CA,newsguard_validated,
UC1_T7IarN92qnedsIjUh4aw,0,,,VT Jungle Creations,,newsguard_validated,
UC1_tbS2W2Pn2cAhnxiDAa2w,0,Q6328929,television station,"Texomashomepage.com - KFDX, KJTL",United States,newsguard_validated,
UC1aJuxLHlw8bBV6mfCqVfog,0,,,Eater at Home ,,newsguard_validated,
UC1dVGItBqV4w-4xQHoX1UDg,0,Q2537497,television station,CBS 17,US,newsguard_validated,
UC1fl9poQ2U24RZ-6bJF1vZw,0,,,Renovatio 21,,newsguard_validated,
UC1hxUKIonH_8N7Xqj65IEsg,0,Q90055382,mass media|news media|news website|newspaper,Atlanta Black Star,US,newsguard_validated,
UC1lSJPfMswLZcpyfzmkX5HA,0,,,TRT Deutsch,DE,newsguard_validated,
UC1mX9vuLOYf8fhaXS_KcDRg,0,Q8478,mass media|television channel|television station,euronews (in Italiano),IT,newsguard_validated,
UC1nH663_wyphSHggA8gmY8g,0,,,12up,US,newsguard_validated,
UC1nIYaeAup3WP50QduXcUGQ,0,,,TalkGlitz TV,NG,newsguard_validated,
UC1nZ0Yu_CHkRZEkam8G3HtA,0,,,Snoozy,,newsguard_validated,
UC1qJzOLtUKbTV7YrnF7ys9A,0,,,NBC 24 WNWO,,newsguard_validated,
UC1twSmeoKBHBcZ1Uk98DQbg,0,,,One Voice,FR,newsguard_validated,
UC1uRlJ7rn8obq8LDlmsCD4g,0,,,SILVANA DE MARI,IT,newsguard_validated,
UC1w6pNGiiLdZgyNpXUnA4Zw,0,Q2309835,media company,DER SPIEGEL,DE,newsguard_validated,
UC1y1GtNgGiAUBfQz87ltjag,0,Q108799268,television station,exxpressTV,AT,newsguard_validated,
UC1yBKRuGpC1tSM73A0ZjYjQ,0,Q19655,mass media|news media|news program,The Young Turks,US,newsguard_validated,
UC1yLBhh8eDSPm-_Hgz8AvNA,0,Q64003230,magazine|mass media|news media|news website|newspaper|online newspaper,Slate.fr,FR,newsguard_validated,
UC1ybNBoltn5hDYzz5k1d0qw,0,,,Must Read Alaska,US,newsguard_validated,
UC2-yl__AsYzEQreG137gpEw,0,,,Tips Zeitungs GmbH & Co KG,AT,newsguard_validated,
UC20Z339VAGN-nm-R9p8JtkA,0,,,International Highlife,,newsguard_validated,
UC23_j50MxNLXL-m-auTryCw,0,,,La Commère 43,,newsguard_validated,
UC23fsA2wYAXh-l3V8UwZ5oA,0,,,Giornale Trentino,,newsguard_validated,
UC25UWq7xeoDDA208h_59fHA,0,Q55608783,mass media|news media|news website|newspaper|online newspaper,МикВісті ,UA,newsguard_validated,
UC2B6dPVaiSskiOFu43rYQhA,0,,,DNA L'Alsace,FR,newsguard_validated,
UC2CMVhcb4-BYjdK23O5cwYA,0,,,The News Tribune,US,newsguard_validated,
UC2DvckbWYnpEndFtzLqK7hA,0,,,PR Newswire,,newsguard_validated,
UC2J8-ykgWRStTGy6uUvhr_A,0,,,Цензор.НЕТ,UA,newsguard_validated,
UC2Kh0bwXue3rHD43QWwanMA,0,Q16995214,newspaper,The Herald-Dispatch,United States,newsguard_validated,
UC2LJFCluJAb9d_CqD-8_PXQ,0,,,Lansing State Journal,,newsguard_validated,
UC2M-cBWlcz0Te4xGqWyXf7A,0,,,HSJ | Health Service Journal,GB,newsguard_validated,
UC2NTBsmAC2ePOrUkpRvogoA,0,,,KXLF News Channel,,newsguard_validated,
UC2P4DK1L7z96yI6DvdumMTA,0,,,Le Courrier picard,,newsguard_validated,
UC2RLOCKaGAoIbba0THYbcmA,0,,,PLUS SAINE LA VIE (Florence),CA,newsguard_validated,
UC2SRToIoKHCJ2q8OWwjB8Nw,0,,,Fdesouche,,newsguard_validated,
UC2T4mfwr_h0CebfTzR9bZFg,0,,,Spencer Fernando,,newsguard_validated,
UC2ULCjBeItodhpq9RTW2LjQ,0,,,KRTV NEWS,US,newsguard_validated,
UC2ZwIr41qIhexNUFPEFrK0g,0,,,Ostsee-Zeitung,DE,newsguard_validated,
UC2_r6Z93uDWKpBcsdTr9PGA,0,,,KTVL 10,,newsguard_validated,
UC2a35q7eyzkfoIusBzdH4Hw,0,Q188413,magazine|mass media|news magazine|news media|news website|newspaper|online newspaper,Newsweek,US,newsguard_validated,
UC2cJbBzyHM48MVFB6eOW9og,0,,,stern TV,DE,newsguard_validated,
UC2dKu6fuHwNDNddj4NCDEtA,0,,,Corriere Di Como,IT,newsguard_validated,
UC2dTfkMAnI7_kco6QK7sQuA,0,,,Gallup,,newsguard_validated,
UC2e297AOk27Z9NAmOy031cA,0,,,New Hampshire Public Radio,US,newsguard_validated,
UC2eFAktrNx-SB7H9-KrksbQ,0,,,DeKalbChampNews,,newsguard_validated,
UC2eSXgrPW78B0Jv3vq1cg0A,0,,,Східний Варіант,UA,newsguard_validated,
UC2ezfc64OTaeobrKC0ZT-2A,0,,,Objectif Sud,FR,newsguard_validated,
UC2fdSG8UHZJe_BhOuZAKYKw,0,,,TheMindUnleashedTV,US,newsguard_validated,
UC2g1kgfva1Afux2YSXFuYcg,0,,,Il Piccolo di Alessandria,IT,newsguard_validated,
UC2gtDxC9NsSsb_SJoJgVw3A,0,,,21Alive Creative Services ,,newsguard_validated,
UC2i-BljAg1w_MMMA1JuFm7w,0,Q1799045,newspaper,La Provence,FR,newsguard_validated,
UC2itzMBo0R0kHZ8cF7nrcaA,0,,,Oregon Public Broadcasting,US,newsguard_validated,
UC2jWQRsOnWPjv-dX4OM2d8A,0,,,Poughkeepsie Journal,,newsguard_validated,
UC2lCxEqj8bfRfYbK1FNNNkQ,0,,,Corriere della Sera,IT,newsguard_validated,
UC2lU2XMD2FmqkpnBeJs0rPQ,0,,,VIBE Magazine,,newsguard_validated,
UC2nqvDNblYWts-6SdAMVnEw,0,,,Kieler Nachrichten,DE,newsguard_validated,
UC2oGvjIJwxn1KeZR3JtE-uQ,0,Q15280975,television station,hromadske,UA,newsguard_validated,
UC2pkHcwD4gnU5p1LhrcbJkA,0,,,Salim Laïbi,FR,newsguard_validated,
UC2rJLq19N0dGrxfib80M_fg,0,,,Hollywood Life,US,newsguard_validated,
UC2rLSYDm92QMytS9yIkT8UQ,0,,,FOX 4 Now,US,newsguard_validated,
UC2uoE98n7Pj-JJ2ilrRTp2A,0,,,Galesburg Register-Mail,,newsguard_validated,
UC2xLESFeytXO0j7pgVBf7fg,0,,,NBC Montana,,newsguard_validated,
UC30cxSTun8we1NuyNsQVcnQ,0,,,Howtodofor. com,,newsguard_validated,
UC33C9zjblykxVeO8mK05vWQ,0,Q108063889,mass media|news media|news website|newspaper,The Desert Review,US,newsguard_validated,
UC33oSUhJ4ZyRhXkERjt3HNw,0,,,Miami New Times,,newsguard_validated,
UC33o_RcCkVvQe6ct-aASJ1A,0,,,Journal Métro,CA,newsguard_validated,
UC36umLEHbPUS-lpucrXPcGQ,0,Q20720631,magazine|mass media|news media|news website|newspaper|online newspaper,Hong Kong Free Press,HK,newsguard_validated,
UC37i4KfSL6zkBF-n2dH6t-A,0,Q55668394,newspaper,Rome Sentinel Company,United States,newsguard_validated,
UC37mjSymr-ckeJJQInaCf0Q,0,,,Genesius Times,US,newsguard_validated,
UC38l1n6mIvpFNGWdtuv_N6A,0,Q7956874,television station,Louisiana First News,US,newsguard_validated,
UC3AWPKuSdMoJm_gWjyHc6yQ,0,,,Riverine Herald,,newsguard_validated,
UC3CR9r7koQTTAlZBr5oOo-A,0,,,Spektrum der Wissenschaft,DE,newsguard_validated,
UC3FPy4hb6A_0IkT0WVfxeQA,0,,,Autism Speaks,,newsguard_validated,
UC3H52GV5a5imEOw5hfiLX_g,0,,,Cape Gazette,,newsguard_validated,
UC3OHnLVkEKjfr43EIVvSWhg,0,,,MobileSyrup,CA,newsguard_validated,
UC3Oth1k-NUhCqLNhlKQYpog,0,,,CBS19 News Charlottesville News First,US,newsguard_validated,
UC3Pr6t2BL5rGxq8dGuOuJQw,0,,,The Daily Gazette,,newsguard_validated,
UC3QqoP-y3WG6NZEZPjGGEjA,0,,,Cheline TV,UA,newsguard_validated,
UC3UBF_16dd2UncCoR0lCgKQ,0,,,American Dental Association (ADA),US,newsguard_validated,
UC3UxJWrUACd2Hk4dMAQKOyw,0,,,WYFF News 4,,newsguard_validated,
UC3X-UJGNkd9N7lMFn1cMwUg,0,,,TerrafeminaTV,FR,newsguard_validated,
UC3ZumQAsKhQIdvOgVVVG4lA,0,,,The Dogwood,US,newsguard_validated,
UC3_RBc0M3JuT-d9fvGhM-rQ,0,,,The Midland Reporter-Telegram,,newsguard_validated,
UC3a7d38LEegdjJJWKSm11CQ,0,,,Loveworld TV UK,GB,newsguard_validated,
UC3bHsedO3Es_56I5E8r4XFA,0,,,The Lever,US,newsguard_validated,
UC3bg914-oEx24i_yDMTCuvg,0,,,Eunews,,newsguard_validated,
UC3e_wXVOLhkxenVqxQ8MBtA,0,,,TelebariWeb,IT,newsguard_validated,
UC3faT_bgElexFnqg100gUGw,0,Q1813221,mass media|news media|news website|newspaper|online newspaper,Stars and Stripes,US,newsguard_validated,
UC3i7aQ7O-yKgZEKqtZmUb1A,0,,,France Bleu Poitou,,newsguard_validated,
UC3iJFDLIMrruDC1qMlYIEHg,0,,,ABC 6 News - KAAL TV,US,newsguard_validated,
UC3ijTadOgOLbGWGC1rRy9lA,0,,,WVUE FOX 8 New Orleans,US,newsguard_validated,
UC3lacWBPVK-JfmGyyHx4AAw,0,Q137861066,magazine|mass media,OMERTA,FR,newsguard_validated,
UC3llEr2J42hNZrRFOq2t2Bw,0,,,American Pregnancy Association,US,newsguard_validated,
UC3lrLJrzoOU1g62LCaV4yyw,0,,,Oxford Mail,,newsguard_validated,
UC3oTTFZtBJ4g6FKihtB7cSQ,0,,,secoloditaliaonweb,IT,newsguard_validated,
UC3s3FP43fBfHUH0rmpb5r4Q,0,,,AAPS Video,,newsguard_validated,
UC3sDguDmaFzwULxplDo7X1Q,0,,,Herald-Whig,US,newsguard_validated,
UC3sKe-trz_uCyjyN616GlVQ,0,,,The Daily Examiner,NZ,newsguard_validated,
UC3sXqFJAZCz7eCZ3ZmHRDTw,0,,,Capital B,US,newsguard_validated,
UC3uBvJGDxB7QWWEXdnv44Zg,0,,,Contropiano video,IT,newsguard_validated,
UC3w4j2aVBnG3D98epDfssDA,0,,,RonPaulInstitute,,newsguard_validated,
UC3yh5vp9HPyUPzDWy46K0sA,0,,,The Oklahoman,US,newsguard_validated,
UC3zZykHaK-rvVMK2-BqZtYQ,0,,,romenewstribune,,newsguard_validated,
UC41xJSNY2xCPC4-gOsRcDcg,0,,,KOAT,US,newsguard_validated,
UC43KU9taZUSPWVB0bSdfcBA,0,,,The Morning Call,,newsguard_validated,
UC44ygHhf5-2W-uR44BpPVdg,0,,,Unity News Network (UNN),GB,newsguard_validated,
UC48dhDEO2a4QTzb7OcACkVw,0,,,TNMNews,US,newsguard_validated,
UC49MskGbikpViA029altivQ,0,,,Australian Geographic,AU,newsguard_validated,
UC4DGZQHLsQRK3v8lKTGu_Uw,0,Q7951102,television station,WJCL News,United States,newsguard_validated,
UC4HQkyqSlym3Ii-RqrDWsFA,0,,,WTRF,US,newsguard_validated,
UC4IDNf0IQu0C0lZvdwIOi0g,0,,,ELLE Nederland,NL,newsguard_validated,
UC4Im5_KZz7ViKD3ecmDJUkw,0,,,The Yorkshire Post,GB,newsguard_validated,
UC4JVxN39Y1vCOp8tQ8EbUSg,0,,,Anchorage Daily News,,newsguard_validated,
UC4KA3qEEEM7lj7I9NCWgOAQ,0,,,GQ Australia,AU,newsguard_validated,
UC4KiM--TtJujIXnFfl4ldPQ,0,,,TheHutchinsonNews,US,newsguard_validated,
UC4LADtN8xwppFydHUB1s5uA,0,Q333644,magazine|mass media,Cosmopolitan,US,newsguard_validated,
UC4LWNegp6rg21PMebmbmrOw,0,Q6330127,television station,NTV News,US,newsguard_validated,
UC4LtLbQFqaCDSEQAMuwC2dw,0,Q3522349,newspaper,The Providence Journal,United States,newsguard_validated,
UC4OjPndAMD8SvX01Kvlhnrg,0,,,The Good Lord,US,newsguard_validated,
UC4OqEJz6oABzz_7nu29zF3A,0,,,FOX 26 Houston,US,newsguard_validated,
UC4OvD2yIbofl9l4dIlqSNMw,0,Q310953,journalist|news presenter|podcaster,Bill O'Reilly,US,newsguard_validated,
UC4PDH_CilPOJnTJkKPaIvow,0,,,EMMAmagazin,DE,newsguard_validated,
UC4PDM-nQDVEw9lUhLY7KGYw,0,,,News 4 San Antonio,,newsguard_validated,
UC4SUWizzKc1tptprBkWjX2Q,0,Q1198574,mass media|news media|news website|newspaper|online newspaper,South China Morning Post,HK,newsguard_validated,
UC4WdIJ_D_lJb87uE3JV5SgQ,0,Q7276343,magazine|mass media,RELEVANT,US,newsguard_validated,
UC4Xi9zt3WlBv4iC0ysBgQ8A,0,,,Forum Communications Company,US,newsguard_validated,
UC4Y2V22Eh5Kich7YjvXd0zA,0,,,,,newsguard_validated,
UC4ZyUot7ROY6H1kV8_J__kQ,0,,,Mount Sinai Health System,US,newsguard_validated,
UC4_Q5kMwvsazSgaQiD0kH4Q,0,,,VRR,US,newsguard_validated,
UC4_jIK399r0Mz3Fr9_gBHPw,0,,,International Reporters (français),,newsguard_validated,
UC4aWK7nhEyAkpP5-8YRdvJA,0,,,WCIA News,US,newsguard_validated,
UC4abf1syFz5KZ6w3vRMRHoQ,0,,,KTAR News,US,newsguard_validated,
UC4acoSSPL4J9Z44BFIfZdMA,0,,,Elbareport,,newsguard_validated,
UC4baT4rM-36f4COke65iHTg,0,,,HelpGuide,US,newsguard_validated,
UC4ck4ta1A3eCyBmJGY1UVrw,0,,,Ed Dean Radio - Florida News and Politics,,newsguard_validated,
UC4f8Y1kvqGJ9oLXFVQ3M-UQ,0,,,Cornwall Live,GB,newsguard_validated,
UC4gRpwxvLLvPZ5rRMxeGDLw,0,,,TheMemphisFlyer,US,newsguard_validated,
UC4jz6K_fJiqG4XrnrcuQCNw,0,,,Midland Daily News,,newsguard_validated,
UC4kACRYsvvMHT1QG6LoAwCQ,0,,,Milano Città Stato,IT,newsguard_validated,
UC4lFjHsG5xMQxPs_b6Z49oA,0,,,InsideOver,IT,newsguard_validated,
UC4lUbhVTe4sdXlSvh-jwp5A,0,,,WACH FOX,US,newsguard_validated,
UC4mUo4o2YxNxLPgwnarrTAg,0,Q17072108,newspaper,Northeast Mississippi Daily Journal,US,newsguard_validated,
UC4nKycWaEfWUFNRdDKj2c_A,0,,,iLMeteo,IT,newsguard_validated,
UC4oFzmG-qEmZecvMJREBOmg,0,,,netzfrauen,,newsguard_validated,
UC4p6bEngiRCN7TyTxZVJ3OQ,0,,,JAMA Network,US,newsguard_validated,
UC4qGmRZ7aLOLfVsSdj5Se2A,0,Q82748211,mass media|news media|news website,Collider Behind the Scenes,US,newsguard_validated,
UC4qhj5cnX0MkbwXQ5vlI1NQ,0,,,Kronen Zeitung,AT,newsguard_validated,
UC4rlAVgAK0SGk-yTfe48Qpw,0,,,BRIGHT SIDE,,newsguard_validated,
UC4ruOtuX4qxw3MKqOUl0Feg,0,,,18000,UA,newsguard_validated,
UC4tNlDJkV_YdwMErMRutt4A,0,Q107860609,mass media|news media|news website,To Be Frank,US,newsguard_validated,
UC4vTRhmKoe2PKb19SGIH1aw,0,,,Green World Warriors,,newsguard_validated,
UC4xYcejEglOusOraL07nzdg,0,,,12 News,US,newsguard_validated,
UC5-X224ndse7Pqqe78qI0dg,0,,,il manifesto,IT,newsguard_validated,
UC50NGZ1gYvzd-opgL9dUnGw,0,,,Creative Healthy Family,US,newsguard_validated,
UC50e-KvWwnQ0PXlWQTJ45lQ,0,Q7760230,newspaper,"The Republic -- Columbus, Indiana",United States,newsguard_validated,
UC51mD_XpWzIuyGz5ZMivRVg,0,,,magetan official,,newsguard_validated,
UC52pck1qTRF9NSVJu-mnnqA,0,,,CJOnline,,newsguard_validated,
UC533uSPWSFXF_JmbknAtmOw,0,,,Saudi Gazette,,newsguard_validated,
UC53UQmpwLRQlnakfO5MHz7g,0,,,Healing Oracle,LU,newsguard_validated,
UC54U5gpKkaa_BpXRVNip2Dw,0,,,KCRW,US,newsguard_validated,
UC56kibh0myMRRAt3sBDu6KA,0,,,Demotivateur,FR,newsguard_validated,
UC588htN7jqso3D80OnGGrAw,0,Q103844322,mass media|news media|news website|newspaper|online newspaper,Just the News,US,newsguard_validated,
UC59NZI9h9pWQON3WlANJaLw,0,,,Corse Net Infos,FR,newsguard_validated,
UC5CEbfa5Q3j3w-rPIq-3XOg,0,,,WNYT NewsChannel 13 Albany,US,newsguard_validated,
UC5DOK_H_fkhHBw_7pl0TViQ,0,,,WAVY TV 10,US,newsguard_validated,
UC5DfxTznzawrHsjXIO739Ew,0,,,Republican American,,newsguard_validated,
UC5IEJQ2WAfueEyjnG3JYNtQ,0,,,Western Mass News,US,newsguard_validated,
UC5J1dpToOZLl37onLT6qe3g,0,,,Public Health,,newsguard_validated,
UC5JYzTOg0xQq7BAEu43shxA,0,,,Butac,IT,newsguard_validated,
UC5KD40UCDRUbR-od7sp9cuA,0,,,Collider Interviews,US,newsguard_validated,
UC5LUq9CyjIIuTsvC0jBnZNQ,0,,,ROUSSEAU,,newsguard_validated,
UC5Mb4wy8IMKt9-i8ZyvndwQ,0,,,Nation.Cymru,GB,newsguard_validated,
UC5NGBccFc9inD-62NMKGtVg,0,,,The Bulletin,US,newsguard_validated,
UC5NOEUbkLheQcaaRldYW5GA,0,,,tagesschau,DE,newsguard_validated,
UC5OIA7iOLi58uHoDwt5rHag,0,,,Echo Online,DE,newsguard_validated,
UC5QmrOsYUS5DKOpgVQ9NaFQ,0,,,Greensboro News & Record,,newsguard_validated,
UC5RMTB65W7HHY949CFdeJQA,0,,,Her Campus,US,newsguard_validated,
UC5SQnMaPmg79B8616fP2yBQ,0,,,Eyewitness News WTVO WQRF (MyStateline),US,newsguard_validated,
UC5T5s4kvmNxftUCFKfSQBaw,0,Q3191413,television station,KIRO 7 News,United States,newsguard_validated,
UC5T7D-Dh1eDGtsAFCuwv_Sw,0,,,7NEWS Australia,US,newsguard_validated,
UC5VramV9M45-deFTN1_bvqQ,0,Q55666466,newspaper,News Gazette,United States,newsguard_validated,
UC5XL7kG_0Wb5uPr4qEE-7tw,0,,,La Semaine des Pyrénées,,newsguard_validated,
UC5Y52fCWFDJh-4wkgSH4wDQ,0,Q3115193,newspaper,NOLA.com,US,newsguard_validated,
UC5YgtTD8fYr_oKWZrg-50IQ,0,,,PraxisVITA,,newsguard_validated,
UC5_Vo_vTN9wvujS3ozAhsyQ,0,,,Kopp Verlag,DE,newsguard_validated,
UC5a1vcRZdoI1qIRRdQoEX6g,0,,,GPTV L'ESSENTIEL,FR,newsguard_validated,
UC5bEfSFTYQVfLCwkhBt8NtQ,0,,,The Heritage Foundation,US,newsguard_validated,
UC5bKZHg4PzURMOWcvanl6nA,0,,,FOX 13 Seattle,US,newsguard_validated,
UC5dbVgS1YRR7thUpWB1C6MQ,0,,,Cogeco Média,CA,newsguard_validated,
UC5dksSIeCegztrYbSY5IgqA,0,,,Guido Fawkes,GB,newsguard_validated,
UC5eVGjO4ITJA1KM_tva_OSQ,0,,,Senegal7,SN,newsguard_validated,
UC5fZv7bPcF5j2RsfO-9OiLA,0,,,Investor's Business Daily,US,newsguard_validated,
UC5gtWtxtg2JG3nIrH6tmZwQ,0,,,kivitvnews,,newsguard_validated,
UC5lKJCWHxy9nORbFL_E4iTQ,0,Q7774724,newspaper,Wichita Eagle,US,newsguard_validated,
UC5lgVXBytsRdxupAff2cUjw,0,,,MissoulianVideo,,newsguard_validated,
UC5maSolHQX9er0BOxrzjMwA,0,Q6338498,television station,FOX 7 Austin,US,newsguard_validated,
UC5nobuNdkQug35-TMVlgeSA,0,,,Il Messaggero,IT,newsguard_validated,
UC5ocI9-mBt8O-eVZdNOqQ8g,0,,,KOB 4 Albuquerque,US,newsguard_validated,
UC5qtJeio-Hb3Fh9P2fNi7CA,0,,,RedState,US,newsguard_validated,
UC5uReSdfvzzReNAsV_e-asg,0,,,The Citizen Newspaper,,newsguard_validated,
UC5ujvySyX2svDmsle_--dpA,0,,,CBC,CA,newsguard_validated,
UC5vCwookDYaSy6ACyKaAjNA,0,,,ilmfeed,GB,newsguard_validated,
UC5w-uRIutST34hir01q1iSQ,0,,,The Day,US,newsguard_validated,
UC5wwnVH_10eM4RjoKugp6bg,0,,,Itz_Jason,,newsguard_validated,
UC5yvng1eSgffmybUM-51fTw,0,,,PennLive.com,US,newsguard_validated,
UC5zGLHfr1G8EGkBERaSHkFg,0,,,The Myrtle Beach Sun News - Archive,US,newsguard_validated,
UC6-6OwByUJVNFfFkUZ5lh7g,0,,,WBOC,,newsguard_validated,
UC60PdbxUp7XuKnJIJ2MFIxg,0,,,Courier-Post,US,newsguard_validated,
UC61Ms-qN_-mdtF_Dw5hsRYw,0,,,KUSI News,US,newsguard_validated,
UC62IIFhchBWQxLPSyUatD-A,0,,,DER AKTIONÄR TV,DE,newsguard_validated,
UC63Uq3FnVf6-wEaAV3RmfSw,0,,,The Modesto Bee,US,newsguard_validated,
UC64F2oovpjsxy06vTdrJG-g,0,Q6339344,television station,FOX40 News,US,newsguard_validated,
UC659PRLT5K2h7QBLN2Q6Iaw,0,,,WDTNTV,US,newsguard_validated,
UC65jmwvHLoCMBJXnzHrGwiA,0,,,The Virginian-Pilot,US,newsguard_validated,
UC673WfesrYoCgG9VsekGlEQ,0,,,LOCAL 12,US,newsguard_validated,
UC67Owvht7lFJR0ya2yqEZ0A,0,,,Dayton.com,,newsguard_validated,
UC6BANpmeFASZy5yoTAr8mSQ,0,,,DailyHealthPost,CA,newsguard_validated,
UC6E1FUUq5SuMxIFndY0yUEg,0,,,SciTech Daily,US,newsguard_validated,
UC6Ej9UdsZPXgRzyRD1yI0RQ,0,,,Portland Monthly,US,newsguard_validated,
UC6HHWRGuLD11spg9DxKAZlQ,0,,,WSYX ABC 6,US,newsguard_validated,
UC6HyKpYWmX4zsy6_bJZIK7A,0,,,WXYZ-TV Detroit | Channel 7,US,newsguard_validated,
UC6IuLPu_P6mfGsNUEH31ikA,0,,,Stroud News & Journal,,newsguard_validated,
UC6J5mP6CSu3Q_lb2XsQFw9g,0,,,Knowable Magazine,US,newsguard_validated,
UC6JhdqDQP3dTP1IGvD-mv9g,0,Q6333004,television station,FOX 16 KLRT,US,newsguard_validated,
UC6MUKZSg5p0csJYc9CJi8zg,0,,,Curiosando si impara,ES,newsguard_validated,
UC6MnBxu3PU1UQ8SVe1evPEQ,0,,,Vakilsearch,IN,newsguard_validated,
UC6MvIpGxljZrvmpgr4b19AQ,0,,,MedPage Today,,newsguard_validated,
UC6PiEr5ig3dT2lje5sCUnRw,0,,,Idaho Statesman,US,newsguard_validated,
UC6RMD2mY_D-iJ15GEslT0iw,0,,,Key Biscayne Independent,US,newsguard_validated,
UC6SJSO67LowuVBdqPCcRo1g,0,,,The News-Herald Ohio,,newsguard_validated,
UC6UcjqhROKEWmz7aGzees9A,0,,,WFMY News 2,US,newsguard_validated,
UC6V13T-dU0k5ixFo6lgOpHg,0,Q18573802,newspaper,The National,GB,newsguard_validated,
UC6V96rEBESaPrI0Z4aBoO2g,0,,,Pro Vita & Famiglia,IT,newsguard_validated,
UC6WdZQhg1wkZJWCmnDiIeOQ,0,Q7770195,newspaper,The Tribune,US,newsguard_validated,
UC6YN4FNhAKN3MDO5DbJSnOA,0,,,Queen City News,US,newsguard_validated,
UC6ZHmm8_Vup9S5Dqj5gtf-A,0,,,South Western Times News,,newsguard_validated,
UC6b9_V1wIz7zK3x2Lqo9zCQ,0,,,The Political Insider,US,newsguard_validated,
UC6bZHy1-ZIZ15Qd_NvviPtA,0,,,The Register-Guard,US,newsguard_validated,
UC6bthfVGJg-Eg_odWutXQ7w,0,,,News Herald,,newsguard_validated,
UC6bx8B0W0x_5NQFAF3Nbd-A,0,,,Süddeutsche Zeitung,DE,newsguard_validated,
UC6ekkA4mmUQBOisHgBqnkiA,0,,,WKOW 27 NEWS,US,newsguard_validated,
UC6ixzODPAdgVdY9aoSlPPew,0,,,Everyday Health,US,newsguard_validated,
UC6j9w-e3JM3_k2XOiFxAVVA,0,,,MIND UA,UA,newsguard_validated,
UC6jC6rHgoPN8SRUCHJe1-lw,0,,,The Daily Mash,GB,newsguard_validated,
UC6lZywTtQEODlHIh4sZSYVg,0,,,ELLE Australia,AU,newsguard_validated,
UC6tH6Et7FOTsNdK_r_ain1A,0,,,Andreas Kalcker,PK,newsguard_validated,
UC6wUoQ_2m65KvqtHU75I0XQ,0,,,WorldNetDaily,US,newsguard_validated,
UC6x5NWJ_aYfrZrlVD9Dh3jg,0,,,Report24news,AT,newsguard_validated,
UC6xBhF4QYIPPF2_-ExZzd2w,0,,,FUNKER530 - Veteran Community & Combat Footage,,newsguard_validated,
UC70Ka1XsIayIDvdSJPr60Ow,0,,,Courier Video,,newsguard_validated,
UC71XmGP91tsQBCrFaMDKYhA,0,,,OASI SANA,,newsguard_validated,
UC72nbKQLSDyiSARhg0Ywj4w,0,,,9NEWS,US,newsguard_validated,
UC72xzKVi3b_2oed6zQ8KKQg,0,,,WLUK-TV FOX 11,US,newsguard_validated,
UC73LU2udy27QFNIgurlBvXg,0,Q5561616,television station,KFOX14,United States,newsguard_validated,
UC77Wown_mgM9hhOmj5sAzuA,0,,,Neon Nettle,,newsguard_validated,
UC78CplreqNiSlpKzFRwfWpQ,0,,,NOTIZIE AUDACI,IT,newsguard_validated,
UC7CfDrRVN3yMVq7gq17hZdQ,0,,,Memorial Sloan Kettering Cancer Center,US,newsguard_validated,
UC7F2QS7wk6Eq9Z4uabl5rmg,0,,,Military.com,US,newsguard_validated,
UC7FjrOZJlFhqfhtHxan8U1Q,0,,,The Irish News,GB,newsguard_validated,
UC7HpYcGA7O17aS-nGigV0-A,0,,,The Betoota Advocate,AU,newsguard_validated,
UC7I-HCuYNdfpAkb2ukk_g1Q,0,,,WVVA,US,newsguard_validated,
UC7Ij5ZCf2E9GmZ86cIw3vVg,0,,,Miami Herald,US,newsguard_validated,
UC7LAgei9ap9M1yX0wQS4APg,0,,,BNN – Badische Neueste Nachrichten,DE,newsguard_validated,
UC7M42vQrNmZ0tnmmenLWwBA,0,,,ACLU,US,newsguard_validated,
UC7MnTnQ-iSU_dqA3QvQoj7A,0,,,Greeley Tribune,,newsguard_validated,
UC7PX-myPpcT4YfZEWqZxGGg,0,,,Sud Ouest,FR,newsguard_validated,
UC7TdBsciBKf78uf5bz9dCgg,0,,,Aspen Times,US,newsguard_validated,
UC7TghOL755nBk7HelHoi9LQ,0,,,CoinDesk,US,newsguard_validated,
UC7VAdKQv1h-6v9iogI-XdXg,0,,,SCOTUSblog,US,newsguard_validated,
UC7Vw6oq2LCbzAhdxF_UcIWg,0,,,WVTM 13 News,US,newsguard_validated,
UC7WJI0OeFU9zHKxLPjkSdXQ,0,,,Norfolk Daily News,,newsguard_validated,
UC7Z2Z_qjp3iDp9Ek5Vi6Xqg,0,,,Funke News,DE,newsguard_validated,
UC7f9888CwQq-XmKYRGa7k_g,0,,,American Lung Association,US,newsguard_validated,
UC7fWeaHhqgM4Ry-RMpM2YYw,0,Q6063045,television station,TRT World,TR,newsguard_validated,
UC7ga3FLMFOOpMQwaYoW42bw,0,,,Grist,US,newsguard_validated,
UC7mKzPLUBXiJoK3vo1OdGsQ,0,,,209 Times,,newsguard_validated,
UC7o7xRfm-MEAMMwES2crk5Q,0,,,Institut Pasteur,FR,newsguard_validated,
UC7oQL6bXDLVlfRzeF8_KcGw,0,,,Mondoweiss,US,newsguard_validated,
UC7pjcXDOGZ9uJlTJ8dIet5g,0,,,TruthTheory,GB,newsguard_validated,
UC7qZ_e097NBkgOljy1joVRA,0,,,The Daily Beast,US,newsguard_validated,
UC7sL-CtxlyCPeZ0Oj95kvDQ,0,,,NewsWest 9,US,newsguard_validated,
UC7snF15Idi7px6XujWe_h9A,0,,,Healthline,US,newsguard_validated,
UC7tPStufwtQk9-JHoo0TDig,0,,,Journal Lamarseillaise,FR,newsguard_validated,
UC7uqmK0_Nd6mqvbwQuugesg,0,,,Canadian Medical Association Journal — CMAJ,,newsguard_validated,
UC7xph2qAEotmyUPJbFVI95w,0,,,Courrier international,FR,newsguard_validated,
UC817X0RyyD6_23S9nHFoQlA,0,,,JewishPressTV,,newsguard_validated,
UC83ZER9j5q_ryXLHXFqRK1w,0,,,OBSERVER,US,newsguard_validated,
UC86P_OkHFxJFdghfVIL-5Xg,0,Q55666114,newspaper,The Clayton Tribune,US,newsguard_validated,
UC86dbj-lbDks_hZ5gRKL49Q,0,,,AFP News Agency,,newsguard_validated,
UC89FjSf9AT1O2qw6vxrrxDQ,0,Q28452506,mass media|news media|news website,STAT,US,newsguard_validated,
UC89gFnfbRuqDpCXccSH9WmQ,0,Q7566311,newspaper,South Bend Tribune,United States,newsguard_validated,
UC8FH9fy-axC0K3qsGtc2Clw,0,Q7949072,television station,WETM 18 News,United States,newsguard_validated,
UC8G71cymlwtAuUnaUPEuR5A,0,,,Teleclub,,newsguard_validated,
UC8GJ5jSV8_EgTOaJkQkdcIg,0,,,The Olympian,US,newsguard_validated,
UC8GakPIfSNd7frmurVh3KiQ,0,,,33 WYTV,US,newsguard_validated,
UC8IkdxFyPXgw11n4Ew0osHQ,0,,,Boston.com,US,newsguard_validated,
UC8Ioh4atNDO5a0Vy2qFmauQ,0,Q1334450,mass media|television channel|television station,NTD,US,newsguard_validated,
UC8Lg5y3YmAcVbkkuA0meA3w,0,,,WFXR NEWS,US,newsguard_validated,
UC8Tm7Xuz8QekHzjsDxgFNnw,0,Q3564700,television station,WISN 12 News,US,newsguard_validated,
UC8Wct_bD60IBsuA1dkstI5g,0,,,GeekWire,US,newsguard_validated,
UC8WpWxU-8LelYyZpYsCJfFQ,0,,,Kleine Zeitung,AT,newsguard_validated,
UC8YehF3ubdf1HMijXfwPTag,0,,,PLOS Media,US,newsguard_validated,
UC8bT1KkT-mRHi6LJiu7lg1g,0,,,Island Packet,US,newsguard_validated,
UC8d7OeUh-oCHkxm8Qfw3HDA,0,,,Dr.Mo7oG No Signal Found,,newsguard_validated,
UC8fQzKHIhSoZeSq3bwQx4mw,0,,,Mayo Clinic,US,newsguard_validated,
UC8fThw1O4sPhLlgSrfgwAGA,0,,,theGrio,US,newsguard_validated,
UC8gu-36a79TNI7fjJyYEzRA,0,,,Trust My Science,CH,newsguard_validated,
UC8hNH4tqFGKNk_Gi9StT2zA,0,Q3235218,newspaper,Pasadena Star-News,United States,newsguard_validated,
UC8hQEMhMbg8tlkyWCdpLuqQ,0,Q55668389,newspaper,NorthCountryNow,United States,newsguard_validated,
UC8hzWaP0JfFJ8a1UjLIl1FA,0,,,Northwestern Medicine,US,newsguard_validated,
UC8iolBC54uZTJAZhZiX5KuQ,0,,,Новости Донбасса,UA,newsguard_validated,
UC8kFJpBUHPUPSKz7-i6kVUw,0,,,Freespoke Search,,newsguard_validated,
UC8lpL02laIrnMRW19hK7JTQ,0,,,Wings Over Scotland,,newsguard_validated,
UC8nZEEBWm5HU8N1IZdBY0Ug,0,Q137186386,magazine|mass media|news media|news website,Closer France,FR,newsguard_validated,
UC8nn0FSkCYInO0L1cgrIEqw,0,,,TabletMagazine,US,newsguard_validated,
UC8qfIIxRUBEBcEVnqEsLcDw,0,,,The Philadelphia Inquirer,US,newsguard_validated,
UC8sTKrXyc6P6KgBONloatXw,0,,,Kenosha News,,newsguard_validated,
UC8shf8HKpyoa-MebNkx_Euw,0,,,Bring Me The News,US,newsguard_validated,
UC8tUPCtHWCWv7UsQqohIeLg,0,,,Live Love Fruit,,newsguard_validated,
UC8wXC0ZCfGt3HaVLy_fdTQw,0,,,Digital Trends,US,newsguard_validated,
UC8xG8FJ6wYOmYczDF6ZZjLQ,0,,,Futura - le média qui explore le monde,FR,newsguard_validated,
UC8xMwwNXhq_AVDGb9Uoe9YQ,0,,,KULR8,,newsguard_validated,
UC9-OpMMVoNP5o10_Iyq7Ndw,0,,,Bleacher Report,US,newsguard_validated,
UC925sw0rMm-F1TMO0LHel1Q,0,,,New Idea AU,,newsguard_validated,
UC95rEczXkRQvm8Rm8Tl71tA,0,,,KTBS 3,,newsguard_validated,
UC96nhN5RsqkDiV629X3uXQA,0,,,TheDailyTimes,,newsguard_validated,
UC97KsGz4JrwcUqrK564owXA,0,,,The Dallas Examiner,US,newsguard_validated,
UC97luaV_MfuOgLUXoRpqZ-Q,0,,,Daily Hampshire Gazette,,newsguard_validated,
UC9AZ9PM8UaMrsto6pCjJ75Q,0,,,WTKR News 3,US,newsguard_validated,
UC9BiNtgR44q9rmE1ybLXkiA,0,,,Free Dom,,newsguard_validated,
UC9C3-d99-qBI9Lf4UYpL88Q,0,,,Twisted Magazine,,newsguard_validated,
UC9CujfB962dlYdxBkalY_WA,0,Q7948400,television station,WDHN,United States,newsguard_validated,
UC9EEe4YaNpvDi1x95Jc4yOQ,0,,,KION News Channel 46,US,newsguard_validated,
UC9GGzAhhvhJO1hL10-BcgNA,0,Q3223501,mass media|news media|news website|newspaper|online newspaper,LeHuffPost,FR,newsguard_validated,
UC9HStaRSfpOdD1TTVK2iTJQ,0,,,ConwayDailySunArchive,,newsguard_validated,
UC9JkN7xY5i-39J3wRDgeSxA,0,,,EvangelischDE,DE,newsguard_validated,
UC9M3b9q8SsPraJVWacDU68Q,0,,,Prevention Magazine,US,newsguard_validated,
UC9M4zk6k_qvzULAz4nEyMzg,0,,,Vanity Fair,,newsguard_validated,
UC9MAhZQQd9egwWCxrwSIsJQ,0,Q1621107,mass media|television channel|television station,HISTORY,US,newsguard_validated,
UC9NO02975ptWh7UpLIVdC6w,0,,,Angry Asian Man,,newsguard_validated,
UC9OMgljDyqBZjzKe6i0dk8A,0,,,WDIO,US,newsguard_validated,
UC9RxmT78rlDD2Q8OTt7q9Mw,0,,,GoodRx,US,newsguard_validated,
UC9UDiDP8jlw1SMriSDM9PrQ,0,,,KTVH Helena,US,newsguard_validated,
UC9V4rFOj2B-Tq0JPLC2xpYA,0,,,R2020,IT,newsguard_validated,
UC9Y9isQRah3-7c7GCUf7ntg,0,,,Pocono Record,,newsguard_validated,
UC9YnfL4O8rQMjchcXsHJRSQ,0,,,WTOV News 9,US,newsguard_validated,
UC9ZGkLwawKeG5C0Dt9FS-lQ,0,,,Seeking Alpha,US,newsguard_validated,
UC9eSOKr_Mst813TPZDh9mJA,0,,,SiouxCity Journal,,newsguard_validated,
UC9f78Z5hgtDt0n8JWyfBk8Q,0,,,Quartz,US,newsguard_validated,
UC9ijza42jVR3T6b8bColgvg,0,,,Kitco NEWS,US,newsguard_validated,
UC9jks5z9QdImBogQrCWa2Yg,0,Q55635130,mass media|news media|news website,The College Fix,US,newsguard_validated,
UC9k-yiEpRHMNVOnOi_aQK8w,0,Q3151548,mass media|news media|news program|news website,Inside Edition,US,newsguard_validated,
UC9n60wvHw3GoNsEIHlSNXbw,0,,,MeridioNews,,newsguard_validated,
UC9oLvlUBxIKkd2nNLyjmmew,0,Q4702909,magazine|mass media|news media|news website|newspaper|online newspaper,AL-MONITOR,US,newsguard_validated,
UC9p4VHaB7JWTZgvVwMMWF3Q,0,,,The Mary Sue,US,newsguard_validated,
UC9sNSXRFqki_3KpFvcrH0Vw,0,,,Schwäbische Zeitung,DE,newsguard_validated,
UC9tfKWDz7ieDpKF04uQpsPw,0,,,San Gabriel Valley Tribune,,newsguard_validated,
UC9zW2ZBbt1nO3ZwDnQDSZVQ,0,,,Lowell Sun,US,newsguard_validated,
UCA-IcIBtmwCirNr1f-n_SRA,0,Q2819340,mass media|news media|news program,APTN News,CA,newsguard_validated,
UCA071Pllf2wk-B8Rkwt47bQ,0,,,Anonymous Official,US,newsguard_validated,
UCA0GRKtkmFP-PRAFoOFRImw,0,,,Реальная газета,UA,newsguard_validated,
UCA0b8FnGN5QpSA-edkOJoqQ,0,,,The Irish Post,GB,newsguard_validated,
UCA1LlVRSsTp8jflTNL8pO9A,0,,,The Players' Tribune,,newsguard_validated,
UCA2BYct7d-hTRyQJ8_3-gmw,0,Q109236522,newspaper,The Baltimore Banner,US,newsguard_validated,
UCA2CQh6DT8C8QogxusKVqQA,0,,,News 5 WCYB,US,newsguard_validated,
UCA2yiSArjG-0F_DIDXPMuFQ,0,,,Volksfreund TV,,newsguard_validated,
UCA52cETevf39q6mU7WiqkNQ,0,,,Out Magazine,US,newsguard_validated,
UCA5LGvPHx4qyzludM-gep8w,0,,,Index-Journal,,newsguard_validated,
UCA8sK_Bba0Eb-k33bD0ldhw,0,Q25094515,mass media|news media|news website|newspaper|online newspaper,Campus Reform,US,newsguard_validated,
UCAAHMxNyM8AQvsZy03bFLXQ,0,,,San Francesco d'Assisi,IT,newsguard_validated,
UCAAmkc2sRESFoEtiKRTaTRA,0,,,News 5 Cleveland,US,newsguard_validated,
UCACRim7l0tmc5lhNnDQyUvQ,0,,,The Dallas Morning News,US,newsguard_validated,
UCADXooBr5NEzs9nVchQHX-g,0,,,Milwaukee Community Journal,,newsguard_validated,
UCADaBeM0qiKEZIw9_OuYmuA,0,,,WMAR-2 News,US,newsguard_validated,
UCAEp26oeWu9jMo5E7tNB2kQ,0,,,AL.com,,newsguard_validated,
UCAGthwuZfIGv4zvP647_QIw,0,,,WSL Consultants,PK,newsguard_validated,
UCAJjqXbGLRavOcDSYTi0vIQ,0,,,Belleville News-Democrat,US,newsguard_validated,
UCAKK8dbcSmckr2sWJhv5ezA,0,,,WBNS 10TV,US,newsguard_validated,
UCAOcZRonkJWS8UzBiWZePeA,0,,,WFAE News,US,newsguard_validated,
UCAPlkRGvp4_JnsIyOJmpgDg,0,,,theGrio Politics,US,newsguard_validated,
UCAPnBJCm8Snn5wBVWR7wGFQ,0,,,Columbia Daily Tribune,,newsguard_validated,
UCAQj9y-tgPAvVuXBinjVxaA,0,,,Northwest Florida Daily News,US,newsguard_validated,
UCAR5RuPpdE9FAJTwnhfEnUw,0,,,France Saker,,newsguard_validated,
UCASQzDb4SUC0gZNPbwBubIQ,0,Q7753904,newspaper,The News & Observer,US,newsguard_validated,
UCATNzbTbfeoMhNonZGZmrhA,0,,,Johns Hopkins Medicine,US,newsguard_validated,
UCAUrmJSrzNADvh5yuZm3rIg,0,,,RADIO SCOOP,FR,newsguard_validated,
UCAWhvMzVqCu_N8O7kYL9jzg,0,,,TC Palm,,newsguard_validated,
UCAYwomlsmN0DsPeeumEKFXg,0,,,WWMT-TV,US,newsguard_validated,
UCAbr42lrHfq-QzMKaVnU5mw,0,,,KAMR Local 4 News,US,newsguard_validated,
UCAc795cA8pP78nBp0hRwSOQ,0,,,DoncasterFreePress,,newsguard_validated,
UCAdCHWcuoX2Rfc7FhgTz8lA,0,,,Jeff Rainforth,US,newsguard_validated,
UCAeFQtBlzIlG-O7LxWMR9lA,0,,,OnMilwaukee,US,newsguard_validated,
UCAizlZwsykWD0uOkciwG1QQ,0,,,The Anniston Star,US,newsguard_validated,
UCAlB2pLaioeCX-FQuGO_4Nw,0,,,Freeman Online News,,newsguard_validated,
UCAooFMshgmN8IX5yIcO5k-g,0,,,San Antonio Express-News,US,newsguard_validated,
UCAtThI15Q5QZIdHGN-9UWRA,0,,,Unser Tirol,AT,newsguard_validated,
UCAxljKT0ujiJZhGC8Ood7mw,0,,,"Zeste de science, les séries originales du CNRS",FR,newsguard_validated,
UCAz-755tH3m8_BwaluzdJwQ,0,Q3346288,mass media|news media|news website|newspaper|online newspaper,Numerama,FR,newsguard_validated,
UCB2aea_wLJJaklTOplAC82A,0,,,Chicago Tribune,US,newsguard_validated,
UCB37CFICVTUlewYdbMSChIA,0,Q27902651,magazine|mass media|news media|news website|newspaper|online newspaper,Tichys Einblick,DE,newsguard_validated,
UCB3e_9sPf7whZA4PfGXrIMQ,0,,,QuotidianoNazionale,IT,newsguard_validated,
UCB4T0p_EjoI58L0zI9FhiyQ,0,,,Beverly Hills Courier,US,newsguard_validated,
UCBA9cAuPy9L5IYYXqOduIvw,0,,,Encyclopaedia Britannica,US,newsguard_validated,
UCBAFGt6kgdUvecaInW_rHcw,0,,,Bama Politics,US,newsguard_validated,
UCBCmgYBzHpNtQZrsdgSXPOA,0,,,VegNews,US,newsguard_validated,
UCBEq1hcoKafyUj1-J55tvNQ,0,,,ilcorrierino,IT,newsguard_validated,
UCBFffDKlDElR-kLDPoRdhrQ,0,,,Huzlers,US,newsguard_validated,
UCBJFVT-TMlfR5dNAylNRQhQ,0,,,OrilliaMatters,,newsguard_validated,
UCBK33ZTtAmmhcGI-dcx__fw,0,,,Savannah Morning News & savannahnow.com,US,newsguard_validated,
UCBMFI7zba1Ho3F_U7czxD3w,0,,,SheKnows,,newsguard_validated,
UCBMbwN2-Ca9IQ5sNmWk3Fow,0,,,GP News,US,newsguard_validated,
UCBQz2pcWSzKbXQvu8YKEeGQ,0,,,World Politics Review,,newsguard_validated,
UCBR8-60-B28hp2BmDPdntcQ,0,,,YouTube,US,newsguard_validated,
UCBS9Fn8-aFK6ezfvQitokOQ,0,Q7947483,mass media|media company|news agency|news media|radio station,WBUR,US,newsguard_validated,
UCBX5er6E37_yWB3gCM32p3g,0,,,Science News,US,newsguard_validated,
UCBZ6gmVGA00snTKxL0_XKPQ,0,,,Becker's Hospital Review,,newsguard_validated,
UCBZFitD3nXfl3pKxhWhdb1w,0,,,Imola Oggi,,newsguard_validated,
UCBZsIGFN3RAP59vtMGvnEbg,0,,,OrlandoWeekly,US,newsguard_validated,
UCBaTw60WKgbGV6Mt4CNam4g,0,,,Lebanon Daily News,,newsguard_validated,
UCBcu7y-Sqgx-X2ss3SpEu2A,0,,,FOX4 News Kansas City,US,newsguard_validated,
UCBd4z-pRWOCWjhUn1NK-sdA,0,,,The Buffalo News,,newsguard_validated,
UCBervKMiCOzFv22EAZoDu5A,0,,,Published Reporter,US,newsguard_validated,
UCBgcPSn61UQ4l_-FvcEgLQA,0,,,NBC 6 South Florida,US,newsguard_validated,
UCBgjdhy2Ui3GdiE_N9Lb9fg,0,,,Termometro Politico,IT,newsguard_validated,
UCBglakNeXegrOZZPscKRxfQ,0,,,Law.com,,newsguard_validated,
UCBi2mrWuNuyYy4gbM6fU18Q,0,Q287171,mass media|news media|news website|newspaper|online newspaper|television channel|television station,ABC News,US,newsguard_validated,
UCBjofXtZArg9QSuzOWwbflw,0,Q6337616,television station,CBS47 KSEE24,United States,newsguard_validated,
UCBkwgMuUJ0HMkXan0eoOT5w,0,,,MsMagazine,,newsguard_validated,
UCBl9BzDDFfPWecdIt32ps0g,0,,,Wisconsin Watch,US,newsguard_validated,
UCBlms9YpWedqqtXRoi-0WUA,0,,,Tv2000it,IT,newsguard_validated,
UCBnLE14tUHTDyDc8Xij9rAg,0,Q16842281,mass media|news media|news website|newspaper|online newspaper,Hawaii News Now,US,newsguard_validated,
UCBnnls7hGYmkQmuFTDDe10g,0,,,WPXI-TV News Pittsburgh,US,newsguard_validated,
UCBqIMmJ53QNXnNkhYNF-AFw,0,,,vaccinestoday,BE,newsguard_validated,
UCBr0ZjSuQT0r0i1nYrpcbIA,0,,,9&10 News,US,newsguard_validated,
UCBrKHKamcyatiBLudofu5qw,0,,,Forward Times,US,newsguard_validated,
UCBslHB61iT9C2gVdbekQvkQ,0,,,MilanoToday,IT,newsguard_validated,
UCBu0KdNokE4MqdkacvH37_A,0,,,WFAA,US,newsguard_validated,
UCBuw3F9B-zT9clk1hIizKNg,0,,,Orange County Register,US,newsguard_validated,
UCBwCGrxCEdbAGO-QCrQzS4A,0,,,Etalk,CA,newsguard_validated,
UCBwEUpvtFEg07uQ_qphHYWA,0,,,Oumma,FR,newsguard_validated,
UCBxWnoPW-fXqfHQRxIvkD9Q,0,,,Medicitalia,IT,newsguard_validated,
UCByGc7P_siORkC1pum8T3_Q,0,,,WFSB 3,US,newsguard_validated,
UCByUhZQGKwoIeXoHBH0hFCw,0,,,The News-Press,US,newsguard_validated,
UCBy_C4Tg58BRzyKky45Pfow,0,,,FOX8 WGHP,US,newsguard_validated,
UCBzcofRMvb-Dao4OM-NnxdQ,0,,,WBRC 6 News,US,newsguard_validated,
UCC0Ff6iAdp-D6p8Nj-59yYQ,0,,,The Truth About Cancer,US,newsguard_validated,
UCC1r4avytF7EFw1XrqursvA,0,,,The Leaf-Chronicle,,newsguard_validated,
UCC4pMlNP2qkj1sLnaDdSwQw,0,,,Power of Positivity,US,newsguard_validated,
UCC59s1J7c7zreuvnvLUQ0Xg,0,,,Thrillist,US,newsguard_validated,
UCC69dxCZQB9VURlHQ8wesPA,0,Q954455,magazine|mass media,Inc.,US,newsguard_validated,
UCC7vORv1EJhpjpswGZNaTww,0,,,Oberösterreichische Nachrichten,,newsguard_validated,
UCC8APmdaRgAVOmGp0p4ct2Q,0,,,The Southern,,newsguard_validated,
UCCB-yLpR8jydfUM9rquJcnA,0,,,PRIDE,US,newsguard_validated,
UCCCPCZNChQdGa9EkATeye4g,0,Q166180,mass media|television channel|television station,FRANCE 24,FR,newsguard_validated,
UCCCjOcso1YN3OF50KTs5sKQ,0,,,TAPonTV,,newsguard_validated,
UCCDU1fsmgvWljcW2aodfJsA,0,Q584152,mass media|news media|news website,Ars Technica,,newsguard_validated,
UCCDz_XYeKWd0OIyjp95dqyQ,0,Q216047,newspaper,Le Figaro,FR,newsguard_validated,
UCCGS7RkJpH5nFNKczvXV6Dw,0,,,Illinois Policy,US,newsguard_validated,
UCCI9vm7Cb90TLC5pZUS9CUQ,0,,,The Hard Times,US,newsguard_validated,
UCCIWDT7Z_BY8vCeYbYAO2OA,0,,,Rickey Smiley Morning Show,US,newsguard_validated,
UCCInRC_-mCbDo0XvLArVV3Q,0,,,Foreign Affairs,US,newsguard_validated,
UCCJw7k4Vn38FjR7ULKSni8Q,0,,,Jan Walter,,newsguard_validated,
UCCKKD1RVN260FxIWzHCJArQ,0,Q122662573,mass media|newspaper,The Weekly Challenger News,US,newsguard_validated,
UCCMZZ6tN3l4FDVevdp5mf2Q,0,,,Burlington Free Press - USA TODAY Network,US,newsguard_validated,
UCCNOgyzq-nHisxzwlmmmXgA,0,,,Los Angeles Sentinel Newspaper,,newsguard_validated,
UCCSQ6Dq4FDyN6rgWCt_uurQ,0,,,Fondazione Veronesi,IT,newsguard_validated,
UCCTnj8-iADwD97mr_Ilmx1w,0,,,Famiglia Cristiana,IT,newsguard_validated,
UCCVtJvTny9T3zkCr43Qghwg,0,,,Humanitas Salute,IT,newsguard_validated,
UCCXltndyrDEQqzSBoiOzyCA,0,,,RGA Remscheid,DE,newsguard_validated,
UCCXoCcu9Rp7NPbTzIvogpZg,0,Q3735740,mass media|television channel|television station,Fox Business,US,newsguard_validated,
UCCZ4F8iGWpWh7eOi1v8wTTg,0,,,truthout,,newsguard_validated,
UCCZVmatSqIMTTB8uExk8xEg,0,,,London Real,GB,newsguard_validated,
UCC_t_4xDKdEM5WZbiN6h2MA,0,,,The Black Loop,,newsguard_validated,
UCCaklQ98ufViCAds5gdj49A,0,,,WLNS 6 News,,newsguard_validated,
UCCazRgUguTjT4V7Rb3_x9kA,0,,,WABI Bangor,,newsguard_validated,
UCCcUMVaNi_17chpBOCtXjtw,0,,,WebSalute / Vvox Broadcasting Platform,IT,newsguard_validated,
UCCdnN4v9Fia0pjUzYlUBsGg,0,,,The Children's Hospital of Philadelphia,US,newsguard_validated,
UCChUxyJ_AJllAZqZPaX4hCg,0,,,Washingtonian,,newsguard_validated,
UCChejCvhKP3ME33KEBQ8zag,0,,,Agence Science-Presse,CA,newsguard_validated,
UCCj2OE6mkIuPY3vP4pazmqQ,0,,,LARRY with Larry O'Connor,US,newsguard_validated,
UCCjG8NtOig0USdrT5D1FpxQ,0,,,NewsNation,US,newsguard_validated,
UCCjM7YaHZH64j128-O3SOig,0,,,The Herald TV,,newsguard_validated,
UCCjde5pZkCzVXIjodNXu-WA,0,Q590940,mass media|news media|news website|newspaper|online newspaper,t-online,DE,newsguard_validated,
UCCjsvWYJ00k9T6C20iBH2-g,0,,,ABC4 Utah,US,newsguard_validated,
UCCjyq_K1Xwfg8Lndy7lKMpA,0,,,TechCrunch,US,newsguard_validated,
UCCk3Vawj0QbjIOnUYLTqeNg,0,,,Heilpraxis,DE,newsguard_validated,
UCCkiOVS6uGicMDnBzdteosw,0,,,The Press Democrat,US,newsguard_validated,
UCCl9GMgbh3IbMwyMcU3YLjA,0,,,The Athletic,US,newsguard_validated,
UCCljzsYpepeNeY-nKPBKnhA,0,,,Hessischer Rundfunk,DE,newsguard_validated,
UCCn94WHokf4SdabF5RlpJNw,0,,,Black Press Media,,newsguard_validated,
UCCnGg1E02n7IMGueIvECN8g,0,,,Montgomery Advertiser,,newsguard_validated,
UCCnn2-bGlvJbWGrCE4JVRXg,0,,,Federazione degli Ordini FNOMCeO,,newsguard_validated,
UCCntxvVtqKNTuAyrwJsaeQw,0,,,Gazzetta di Siena,IT,newsguard_validated,
UCCt7igEpOrEK2NrP-_bIe_g,0,,,Lima News,,newsguard_validated,
UCCuZicOOisRgknWUSQArudg,0,,,Il Sole 24 ORE,IT,newsguard_validated,
UCCxL48txVWewugBaJhbghbg,0,,,Vosges Info,,newsguard_validated,
UCCxdUGgO6FcggQv1kKTvYxQ,0,,,The Grand Island Independent,,newsguard_validated,
UCCz8RjtVXc8lGie55HsSX_w,0,,,Destination Santé,FR,newsguard_validated,
UCD-OpL7VJ-nk8XHpbiU1ErQ,0,,,The Bipartisan Press,,newsguard_validated,
UCD158fKWVgwCkOooKEoJ1kw,0,,,NBC10 Philadelphia,US,newsguard_validated,
UCD25QI36ly-8hWm9OPOz7aw,0,Q7245532,newspaper,20 Minutes France,FR,newsguard_validated,
UCD2LsCAtBwCCkbaNsrvl4hA,0,,,UltimeNotizieFlash YouTube,,newsguard_validated,
UCD30o48852lPHGaPs5vXUIg,0,,,"KNOE 8 News | Monroe, LA",US,newsguard_validated,
UCD36Fcfb-fdFF1aaOpVQRWw,0,,,Weston A. Price Foundation,US,newsguard_validated,
UCD7gUyNjNK_yyp4oZfC0bbw,0,,,Vanity Fair France,FR,newsguard_validated,
UCD9nZ3qeRGbPuHJaJduiQxA,0,,,WESH 2 News,US,newsguard_validated,
UCDCgvwyjJqZWYs6j0D2FF6g,0,,,Euractiv,BE,newsguard_validated,
UCDDHvAu-pNOgdzgHha96Qnw,0,,,KOBI-TV NBC5,US,newsguard_validated,
UCDFLiE2iGUvlZMmhemzy6eA,0,Q7947919,television station,NBC4 Columbus,US,newsguard_validated,
UCDG0mJ_zkrODDT-4VTEV6TQ,0,,,WOOD TV8,US,newsguard_validated,
UCDGECor7yw2AkrgAcHkcJxQ,0,Q1897630,magazine|mass media,The Nation,US,newsguard_validated,
UCDGaa4L_jkBA50D77RLRNJg,0,,,Robert Koch-Institut,DE,newsguard_validated,
UCDGjAh6DJ_DgpKiC3kFaPKg,0,,,WVLT News,US,newsguard_validated,
UCDH6W-YM39hL0_vgeB3EDsA,0,,,heavy,US,newsguard_validated,
UCDI-R_ASsdHUo4zQYKsFx3g,0,,,CBS 58,US,newsguard_validated,
UCDKXqKVQz__gFavp64iyx8w,0,,,Kansas City Star,US,newsguard_validated,
UCDMQJYNV2urZ33xjWqRWXxQ,0,,,AvvenireNEI,IT,newsguard_validated,
UCDNgH3MCvJMW6Z6T4yXsc1g,0,,,goodblacknewschannel,,newsguard_validated,
UCDRmGMSgrtZkOsh_NQl4_xw,0,,,Secret Base,US,newsguard_validated,
UCDSreNCyez4zJtgchwGnWnQ,0,,,LVOGRUPPO,IT,newsguard_validated,
UCDTPoOFKENSEpHGVKdurAcQ,0,,,The Sports Leader,US,newsguard_validated,
UCDUJznNLlSKd9fd6fxk4dlA,0,,,Navajo Times,US,newsguard_validated,
UCDV7sHbpLrCWeKaQl7ev64Q,0,Q264205|Q279832,mass media|news media|news website|newspaper|online newspaper,Merkur.de,DE,newsguard_validated,
UCDXj3gKKeLjS88_iawKmBBQ,0,,,"Eat This, Not That!",,newsguard_validated,
UCDYiL8zLKtiaHZZElPfx6CA,0,,,KFDA NewsChannel 10,US,newsguard_validated,
UCDZTep8HCLZGEaw7_l1cVCw,0,,,Tendance Ouest,FR,newsguard_validated,
UCDZuNFwJ4BIRV_Z5IxFXVrA,0,,,Consortium News,US,newsguard_validated,
UCDbpFFyAeVdE5t8KR6OIQ6g,0,,,AeroLeads,IN,newsguard_validated,
UCDbqCRwCIPgBMtrwR6cIUDA,0,,,Alternative Facts,,newsguard_validated,
UCDcel3Uc10J8j-aVcM9plog,0,Q115041194,mass media|news media|news website,The Lincolnite,GB,newsguard_validated,
UCDfz74gMnHcckb48XzXzoGQ,0,,,Voici,FR,newsguard_validated,
UCDgw2Sp8zj8YMLZq2u1JffA,0,,,Fondazione AIRC per la Ricerca sul Cancro,IT,newsguard_validated,
UCDi0kbBfktecByFXHMzFkww,0,,,Audacy,US,newsguard_validated,
UCDkDKxDButZ3ltEDLjbe-_g,0,,,New Jersey 101.5,US,newsguard_validated,
UCDlkrCpxEOO1qLwCs_Br_Wg,0,,,The Denver Post,US,newsguard_validated,
UCDmXyuvUm8aDC4asAOgFrgQ,0,,,MassLive,US,newsguard_validated,
UCDn6zvBZNEWUv44xjgELicA,0,Q28495146,mass media|news media|news website,Reporterre 🌍| le média de l'écologie,FR,newsguard_validated,
UCDnJN3uXnTPa9bPV6FEeksQ,0,,,Courrier Laval,CA,newsguard_validated,
UCDoUTHgXzHLSqsAPGD_Rd9A,0,,,The National Pulse,,newsguard_validated,
UCDqchFCm3HNLAob6OpsLWLw,0,,,KTNV Channel 13 Las Vegas,,newsguard_validated,
UCDrLGkZTcNCshOLiKi5NtEw,0,,,WGN News,US,newsguard_validated,
UCDrQaGaHpOav5y7m1SCSJRg,0,,,Stanford Medicine,US,newsguard_validated,
UCDummp96hqu7KAUbs5k_zOw,0,,,Nemours KidsHealth,US,newsguard_validated,
UCDvJcb8Adv-_bOrtnRLmiDw,0,Q7949348,television station,WFLA News Channel 8,US,newsguard_validated,
UCDyTKLG1BzCgbzjRvtcKtHg,0,Q666186,mass media|media company|news agency|news media,jtanews,US,newsguard_validated,
UCDz1ft2QGN911u9TuX6T4jw,0,,,The Georgia Straight,CA,newsguard_validated,
UCE0UPDWdE4YVkaS7rZS1F5w,0,,,chattanooga times free press,US,newsguard_validated,
UCEA0LA7k6hwZM-xocspYQjQ,0,,,Inverse,US,newsguard_validated,
UCEAJunVfTpgXUPbGItP5I-A,0,,,Smithsonian Magazine,US,newsguard_validated,
UCEAZeUIeJs0IjQiqTCdVSIg,0,,,Yahoo Finance,US,newsguard_validated,
UCEFneExC3GZeiVztRuRRe0w,0,,,Ottawa Sun,CA,newsguard_validated,
UCEH5F4JTQb1GwFvuxRuK2Fw,0,,,Main-Post,DE,newsguard_validated,
UCEJSmoS5ItcsFZHejE0AoJQ,0,,,NHUnionLeader,,newsguard_validated,
UCENwe4N7FQCfIWY5wEjimNA,0,,,WIVBTV,US,newsguard_validated,
UCEOQSwI__9wKEVBVOZp5m0Q,0,,,Sardinia Post,,newsguard_validated,
UCER_iq738Tld8jyVo3WKzcQ,0,,,bay 93.9 Geelong,AU,newsguard_validated,
UCESTwDXpoMgiYBHipMdKTkQ,0,Q372375,mass media|radio station,Sud Radio,FR,newsguard_validated,
UCESmeoUZKICfBZWp2SEjySw,0,,,Discover Magazine,US,newsguard_validated,
UCETE4rKzRRjqM0JaB7TlPpQ,0,Q6337463,television station,KSAT 12,US,newsguard_validated,
UCEUYiWFyzpEBMZ3aG7ud7xg,0,,,KFOR Oklahoma's News 4,,newsguard_validated,
UCEXR8pRTkE2vFeJePNe9UcQ,0,Q6794591|Q95965664,blogger|journalist|mass media|news media|news website|newspaper|online newspaper,The Grayzone,US,newsguard_validated,
UCE_NJ5gwRiO9e0tTtBYkRlg,0,,,Fort Bragg Advocate-News,,newsguard_validated,
UCEc5WsjhJ679SZBURiveDmw,0,,,AlbertLeaTribune,,newsguard_validated,
UCEcNj-n3vLsQ2IUrD8FL-5g,0,,,JDS Mulhouse,FR,newsguard_validated,
UCEcbISkVcW0IieDyeExqfdg,0,,,Alamogordo Daily News,,newsguard_validated,
UCEgBIoEucE2H6tA1LRywR3A,0,,,Times Union,US,newsguard_validated,
UCEirFv8tY4f-bLdsRPBWGSg,0,,,BrightVibes,,newsguard_validated,
UCEkMv1toEgnBqLlkru6dNtQ,0,,,Pfizer Deutschland,DE,newsguard_validated,
UCEkv1hU_NpLPcw4HK5Y_iYw,0,Q3191338,television station,12NewsNow,US,newsguard_validated,
UCEm4TREv84euHo8Qp7n6ZVA,0,,,Everything GP,,newsguard_validated,
UCEn2XzowruUIsqs09iSFRiA,0,Q19879161,mass media|media company|news media|news website,Conservative Review,US,newsguard_validated,
UCEoAckhfzhBdSH4TURv24rA,0,,,BKZ TV,DE,newsguard_validated,
UCEocKus-bNzwFe1TIXhNC_w,0,,,Dennis Michael Lynch,US,newsguard_validated,
UCEpx2l9WZ3jyCCcCKheKi4g,0,,,Roll Call,US,newsguard_validated,
UCEs-K_xio8n6PKKbTCZpaSA,0,Q3050385,television station,ABC30 Action News,US,newsguard_validated,
UCEu8ERsQquczAnyREalq2ag,0,,,NewsThump,GB,newsguard_validated,
UCEuMQ0H-7VYfox21BvmjjsQ,0,,,The Oregonian,US,newsguard_validated,
UCEuiOszNd6msGgqsD0f9YAQ,0,,,Interesting Engineering,US,newsguard_validated,
UCEujQYrKBJWd1UB-eQHASRQ,0,,,The Santa Fe New Mexican,US,newsguard_validated,
UCEujln7EpjsITm2UYoqjifg,0,,,KYOU TV,US,newsguard_validated,
UCEv5eWbY9MswicksbJb60uA,0,,,The Really Big Show,CA,newsguard_validated,
UCEwEdN3ob8OChyAlzWF62XQ,0,Q266863,journalist,Laura Ingraham,US,newsguard_validated,
UCExtXcaw4X8HHWjDPi3qREA,0,Q116812383,mass media|news media|news website,The Copper Courier,US,newsguard_validated,
UCExxWMXIf8UR5xb4eQTdh7A,0,,,KREM 2 News,US,newsguard_validated,
UCF-Tai_aHKbfdeIrYSjbZaw,0,,,TAHITI INFOS,,newsguard_validated,
UCF-VP3b3oH0XASqsLI5rnLw,0,,,Times Radio,GB,newsguard_validated,
UCF11Yrx9bAy2Q6j6lgo0JwQ,0,,,Health,US,newsguard_validated,
UCF1mBKeoYWluAUr_r3QDcuw,0,,,theSkimm,US,newsguard_validated,
UCF5cQ4U5Py2DtIQaSA0ftPA,0,,,Erie Times-News,US,newsguard_validated,
UCF6nNyZWID-9RfB6irl1nDw,0,,,National MS Society,,newsguard_validated,
UCFCTvxgGWBMYUzg839xIsBw,0,,,quibrescia.it www.quibrescia.it,,newsguard_validated,
UCFEmGsGSRUGaHgD2M4c6Hdw,0,,,KingmanMiner,,newsguard_validated,
UCFGYIPvMuV4KnPcd1C-FtAw,0,,,WHTM abc27,,newsguard_validated,
UCFGa63XKmmFYWJMq6SvExsg,0,,,LEOAFFAIRS,,newsguard_validated,
UCFJ2RDc1krJlu38MQUZIsWQ,0,,,Boston 25 News,US,newsguard_validated,
UCFJEbkWsS1v7xkCuD786Iiw,0,,,Pr. Henri Joyeux,FR,newsguard_validated,
UCFJY3URFTwRE8ezL7Oc7hLQ,0,,,TorinoCronaca,IT,newsguard_validated,
UCFOq-dKCPu3PcmaCMEGDzTA,0,Q7951883,television station,WKRG,US,newsguard_validated,
UCFPb2QaYiWDcWO6x1q5rZJQ,0,,,NewYork-Presbyterian Hospital,US,newsguard_validated,
UCFQ7vc-dWlSUZd6OqsAepMA,0,,,High Times,US,newsguard_validated,
UCFQyVljCrdof5Uqmo8p3c0Q,0,,,13WHAM ABC News,US,newsguard_validated,
UCFRzOVCQBP62kOd1o4iK28g,0,,,nanotv.it,,newsguard_validated,
UCFSwjmERHo0sJjtO44cM1OA,0,,,La Sentinella del Canavese,,newsguard_validated,
UCFUTKRgW93AqOeyptp-D3kw,0,,,Mlive,,newsguard_validated,
UCFVUStJ4azXbWMhFO4yTELg,0,Q6339773,television station,KUTV 2 News Salt Lake City,US,newsguard_validated,
UCFYbh5LNKLhfWKbKaA1Wcng,0,,,PyramidLive,GB,newsguard_validated,
UCFZfSqId6_i4pv1aSx0NjzA,0,,,Liguria Notizie,IT,newsguard_validated,
UCFbtG0h-c6wxYFFjoGZ1zug,0,,,Pubblisole,IT,newsguard_validated,
UCFccd_ZqCEjR5GqEBXbfhXA,0,,,Reiff Verlag KG Mittelbadische Presse TV,,newsguard_validated,
UCFdpJ2HzAi1NkEGLTBhp-DQ,0,,,Dr. Kevin Conners - Conners Clinic,US,newsguard_validated,
UCFdq6R0pohN93_97zZluWxw,0,,,FOX 17 WXMI,US,newsguard_validated,
UCFemltyr6criZZsWFHUSHPQ,0,Q10189,newspaper,Tagesspiegel,DE,newsguard_validated,
UCFgFRk_6jae5D6KUokxIPfg,0,,,WTNH News8,US,newsguard_validated,
UCFgSizoPkSkkldoDslZUaYQ,0,,,Nancy Grace,US,newsguard_validated,
UCFgfGx7bf8wvvtDOClKgPvA,0,,,,,newsguard_validated,
UCFhbonoFqxg2b9FMRzYAwog,0,,,News 12,US,newsguard_validated,
UCFi8NYxoXkQk3cVmOMZzepg,0,Q85796556,media company,REMEZCLA,United States,newsguard_validated,
UCFiwUZWV8SNcQzGRe-OGTqQ,0,,,Democrat and Chronicle,US,newsguard_validated,
UCFj5HES0-944pC-tjA16XqQ,0,,,Travel + Leisure,US,newsguard_validated,
UCFl-GzKYeCW3iWjnQDuxzAA,0,,,Bellingcat,,newsguard_validated,
UCFlm-16MrA7DYfROjMhVOlg,0,Q3552325,magazine|mass media,Maxim,United States,newsguard_validated,
UCFmKaO0VdrP3rCO1mqp7veQ,0,Q959353,television station,WGNO-TV / ABC26 / WNOL38,US,newsguard_validated,
UCFmofUYwZd1Ibf_O3PF71jg,0,,,FOX 32 Chicago,US,newsguard_validated,
UCFqFEoChllBJi7E9MAuZ9WQ,0,,,InsideHigherEd,,newsguard_validated,
UCFruPj2wQsremsUIsxjIo5A,0,,,Schwarzwälder Bote,DE,newsguard_validated,
UCFsh2bHIGqgRVZnZX8xhI0Q,0,,,Deadspin,US,newsguard_validated,
UCFuzExfO2fUVmNK5_COvsNg,0,,,8 News Now — Las Vegas,US,newsguard_validated,
UCFxmjJ1lksR2fqe-Z6zBeeA,0,Q7974489,newspaper,Watertown Daily Times,United States,newsguard_validated,
UCG-cY3xD3S-oEkdM_5xHMxw,0,Q27881700,magazine|mass media,Vulture,US,newsguard_validated,
UCG-pPWyifPWEuUaaM5hequw,0,,,BlueRidgeNow,,newsguard_validated,
UCG1r0UO3thU1BVk7pU8R4ug,0,,,Bristol Live,GB,newsguard_validated,
UCG2H8cxLeYSZJBW5fh7OzRA,0,,,Bankrate,US,newsguard_validated,
UCG2V5NzC6BAQmjDPDQnPH7A,0,,,WICS ABC 20,,newsguard_validated,
UCG4Hp1KbGw4e02N7FpPXDgQ,0,,,The Bulwark,US,newsguard_validated,
UCG4wJ33m4JBE8uDxrJBGzcA,0,,,InMaricopa,US,newsguard_validated,
UCG749Dj4V2fKa143f8sE60Q,0,Q7804121,YouTuber|blogger|journalist,Tim Pool,US,newsguard_validated,
UCG7xRAdRiu473StdNYn1WRw,0,,,Big Rapids Pioneer,US,newsguard_validated,
UCG8nLGzYpiSGgk2YLAJhMjg,0,,,KNOCKdotLA,US,newsguard_validated,
UCG9T-fUXhy7JO4cJxaYoyxA,0,,,Lew Rockwell (Lew Rockwell Show),,newsguard_validated,
UCG9TfKVhTQwBZbJJMwnkJLg,0,,,AllSides,US,newsguard_validated,
UCGAC5yzlYgjKoJABDZ7zEyw,0,Q111028947,mass media|news media|news website|newspaper|online newspaper,Kyiv Independent,GB,newsguard_validated,
UCGAR1p-zHqYAKo2Y1EtMnrg,0,,,Santé publique France,,newsguard_validated,
UCGC7wskFX9I9IJBX6CvpU4A,0,,,Quotidiano del Sud Edizione Web,IT,newsguard_validated,
UCGCrCV16S33TX465VEl_jtA,0,,,Brand-News,,newsguard_validated,
UCGDaOZg2INC0Qg2Z203F1dA,0,,,Judicial Watch,US,newsguard_validated,
UCGFBKGwap9wa9npMd1n-1Vw,0,,,MONEY,US,newsguard_validated,
UCGGEJpZYywlFbunNeZzD6jQ,0,,,Médiatude,FR,newsguard_validated,
UCGJ8_hwUMikh35r7mvF32yQ,0,,,Black Ballad,,newsguard_validated,
UCGJNv0jLqnkp9VbEXTbRd5w,0,,,Mediaite,US,newsguard_validated,
UCGJ_ffsyZW2lAYBXmaFUfFA,0,,,7NEWS Boston,US,newsguard_validated,
UCGKw165XdC8qH31QmxuoHZw,0,,,Benjamin Krause,US,newsguard_validated,
UCGN7cr4GEMEPJ8FoZMccNAA,0,,,Acadie Nouvelle,CA,newsguard_validated,
UCGR4RNo3YSHK5ozgbDKAiIw,0,,,Blavity ,US,newsguard_validated,
UCGTUbwceCMibvpbd2NaIP7A,0,,,The Weather Channel,,newsguard_validated,
UCGZ1kaimkDTuoH-wSbsozcw,0,,,ilFriuliWeb,,newsguard_validated,
UCGZ3rWmXAfs4iZi-Hr2Ahgg,0,,,WTVA 9 News,US,newsguard_validated,
UCG_layMj8Ky5O-hGmVc4Wzw,0,,,The Post-Journal,,newsguard_validated,
UCG_pM3Iqrg7M_aViIwPIvwg,0,,,Florida's Voice,US,newsguard_validated,
UCGbEXjkmPTCQfJ4FiD3lOQg,0,,,WWLP-22News,,newsguard_validated,
UCGbQJy-531_5vfphay-rChQ,0,Q33659,magazine|mass media,People,US,newsguard_validated,
UCGdriCEtAbsv5DQaV_RcC8w,0,,,HIYA!,DE,newsguard_validated,
UCGexSARr1S9mRfn2G72xPLQ,0,,,Doctissimo,FR,newsguard_validated,
UCGiSCVGNukLqv8hwpKCsQKQ,0,,,SELF,US,newsguard_validated,
UCGk3_R7hOzRaXcdTnF4QJvw,0,,,BOSSIP,,newsguard_validated,
UCGmxS5xxYQRxZMqe7tSko2g,0,,,proconorg,US,newsguard_validated,
UCGn6GBLYmYHVYrfbm1bSenQ,0,,,Tri-State Defender,,newsguard_validated,
UCGnlgHCdAsCNeAdNRTbS4hg,0,,,RTÉ - IRELAND’S NATIONAL PUBLIC SERVICE MEDIA,,newsguard_validated,
UCGrUeq1FtRamLqZgaCIgB3w,0,,,AL DÍA News Media,US,newsguard_validated,
UCGraNX1NhvhzU72RySh3CLQ,0,,,Taaz Khabar,,newsguard_validated,
UCGrs9ygWWH8iccEQfM5uh_A,0,,,Lead Stories,US,newsguard_validated,
UCGsWuDobZsVhzuotDmyxmYg,0,Q110863831,newspaper,The Scottish Sun,GB,newsguard_validated,
UCGuhR9I9ZN6VYalm3P7eMfA,0,,,Chalkbeat,US,newsguard_validated,
UCGuwSjJtllsO7_ud2Lcrozw,0,,,The Lawrence Journal-World,US,newsguard_validated,
UCGvF6NaMoqM6yc5VXiFVXTA,0,,,Il Paragone,,newsguard_validated,
UCGx2YyGTh2e08K0aB4y-ymw,0,,,ABC FOX Montana,US,newsguard_validated,
UCGxjkKvKHq_NcX_UKdDjfOw,0,Q1714356,newspaper,Tampa Bay Times,US,newsguard_validated,
UCGyIgXbzw3S2BhVabMDa6Aw,0,,,wuwmradio,,newsguard_validated,
UCGzqHjAMWhetPFOl4bQDsNQ,0,,,Columbus Ledger-Enquirer,US,newsguard_validated,
UCH0PvADHlvlaOGTxBVzv3Aw,0,Q2545362,newspaper,Yorkshire Evening Post,GB,newsguard_validated,
UCH1NCeEsEXr1UlnfK6ydiYQ,0,,,Outside,US,newsguard_validated,
UCH2PAtk10xNZbmAGrcctnlQ,0,,,Eastern Eye,GB,newsguard_validated,
UCH2atiUfcQQUayKtIhfJZYQ,0,,,HealthyWay,US,newsguard_validated,
UCH6KLAN1xMNm96jw0cCeXJQ,0,,,NickiSwift,TH,newsguard_validated,
UCH9U2Bzd2Lz6Gb-Q_Pda9IA,0,,,ImmunizeOrg,US,newsguard_validated,
UCHAOdiJ7GP7bFcJZA_ZU-OA,0,,,The Catholic Tablet,GB,newsguard_validated,
UCHBExj_kKUQgtZ8U2f5FaWQ,0,,,KWWL News,,newsguard_validated,
UCHC3i0FNPjdzDxYvoxwI8TA,0,,,Forbes Italia,IT,newsguard_validated,
UCHCs9x1tR421T1Otr_Ohv3w,0,,,thestateonline,,newsguard_validated,
UCHFEou9pndBIAW5NA200TAQ,0,Q4052640,mass media|news media|news website|newspaper,VentureBeat,,newsguard_validated,
UCHGZaJWGZxYbjElqCfBOhpA,0,,,Чи боїшся ти темряви? Трукрайм,UA,newsguard_validated,
UCHGjDttqU3K40_Cb9vWOb9A,0,,,The 19th,US,newsguard_validated,
UCHHKF8o2gEj_iqtouQOrKqw,0,Q1272715,television station,Sachsen Fernsehen,DE,newsguard_validated,
UCHIpkLBYBiZIoS2PN8hAKuA,0,,,IFLScience,GB,newsguard_validated,
UCHJuQZuzapBh-CuhRYxIZrg,0,Q85743454,mass media|news media|news website,Insider,US,newsguard_validated,
UCHLBLq9K8zRx1Yzu9qwgevQ,0,Q7952659,television station,WMBD News,US,newsguard_validated,
UCHLyP4MuA-JAFBCwxXOEDdA,0,,,FOX 5 Washington DC,,newsguard_validated,
UCHMYJ0izNnV9R21D43ZVPhw,0,,,Lyon Capitale Live,,newsguard_validated,
UCHMxlXMj0RJIMta6CbgfT3A,0,,,News 4 Reno,US,newsguard_validated,
UCHNRIjq2A7x5_rF8LtkXdsg,0,Q139103,newspaper,San Francisco Chronicle,US,newsguard_validated,
UCHQAmn49BObyOsPHCnKRC4w,0,,,Snopes YouTube,,newsguard_validated,
UCHQFwC2CE3JTCHVvMLgBGwQ,0,,,Maine Public,US,newsguard_validated,
UCHQda5vLxrH0Ff0I0kMq4zw,0,,,Konbini,FR,newsguard_validated,
UCHQxPuqfDEllp7Q01ZfdXMQ,0,,,The Advocate,US,newsguard_validated,
UCHTMCojIxJ6ZWNKmfFuhoTg,0,,,Wiesbadener Kurier,DE,newsguard_validated,
UCHUkeTgwc4NnjKNBi5bcsyg,0,,,The Standard-Times/SouthCoastToday,,newsguard_validated,
UCHV2dBMT2x1pL8F9r3Ql5Hg,0,,,MicroMega,IT,newsguard_validated,
UCHVF0XnnAptKFE9xskvXblA,0,,,La République des Pyrénées,FR,newsguard_validated,
UCHZW7erRN_wQpFLCCDY1KVg,0,,,KVIA.com,US,newsguard_validated,
UCHZeKyjqpK9diTD1g4yDl5g,0,,,Human Rights Campaign,US,newsguard_validated,
UCHa4bcyHZSlukV1zAHcfAqA,0,,,nbcChicago,,newsguard_validated,
UCHaumraHW4B2xJdhVuWSK7w,0,,,TipHero,US,newsguard_validated,
UCHbUdBYY4Eww8AxA9VCbqOw,0,Q7956053,television station,WTAJ News,US,newsguard_validated,
UCHbxwGHfQIo_8Dt5q77H5hg,0,,,Hattiesburg American,,newsguard_validated,
UCHcIcCNAULM4qWs6-9Iy-Tw,0,,,Bustle,US,newsguard_validated,
UCHd62-u_v4DvJ8TCFtpi4GA,0,Q166032,newspaper,Washington Post,US,newsguard_validated,
UCHdWMuH-IIveBWjIsOhK-dw,0,,,Colorlines,US,newsguard_validated,
UCHfF8wFnipMeDpJf8OmMxDg,0,,,FOX 11 Los Angeles,US,newsguard_validated,
UCHfLJOruydUbvCwaXb_gY8w,0,,,RefreshRanks,,newsguard_validated,
UCHivLClmGfy45FeK5N8E1Xg,0,,,WEAR Channel 3 News,,newsguard_validated,
UCHj2VlScDJC60rgQjqF2JTQ,0,,,Crain's Detroit Business,,newsguard_validated,
UCHltmK0FtgpvOb_IFP6obog,0,,,KXLH NEWS,,newsguard_validated,
UCHmA32WCmlUp9ZUF_clAPHg,0,,,Edmonton Sun,,newsguard_validated,
UCHoD8UC73s8sRxa1tAUW-eA,0,Q2015475,newspaper,Offenbach-Post,DE,newsguard_validated,
UCHoymTDm9z0wsIZHn-ce4Wg,0,,,il Mercoledì - www.ilmercoledi.news,,newsguard_validated,
UCHpa7_JdLBaxRmUq1IL8dmg,0,,,Idaho State Journal,,newsguard_validated,
UCHqkXbgqrDrDVInBMSoGQgQ,0,Q19876693,mass media|news media|news website|newspaper,The Daily Signal,US,newsguard_validated,
UCHr3CLFqgzkLqS1cQBwY4eA,0,,,jhm,FR,newsguard_validated,
UCHrrs54uHH84iPWIpFBMMGQ,0,,,The Texas Observer,,newsguard_validated,
UCHsG0K5j2tAFBTysj8MYQ_A,0,,,Hanf Journal,DE,newsguard_validated,
UCHwvwl9TBfcvo4AQVG3iyFA,0,,,Central Alberta Online ,,newsguard_validated,
UCHy8kwF57Kh-YflbJ0WsMoA,0,,,Lumière sur Gaia,FR,newsguard_validated,
UCHyFuvaP40uvL0RE48NbsMw,0,Q7954042,television station,First Alert 6,US,newsguard_validated,
UCI0wyCtOTE3OKbcUrtPpEkg,0,,,Pana Genius Inc.,US,newsguard_validated,
UCI3h674Zg99ChgWd2GfG5cQ,0,,,Acadiana News First,US,newsguard_validated,
UCI4D2tSAiHqZBRB67nTKqww,0,,,TPS,US,newsguard_validated,
UCI4iIRZltBUQITyvCXz_PZg,0,,,Jezebel,US,newsguard_validated,
UCI6ZxuWAPjeZ0cAUaBBy2gA,0,,,Post and Courier,US,newsguard_validated,
UCI8Am095laG_hASUH_HH8fA,0,,,Just Security,,newsguard_validated,
UCI8Ydl7p4ZLAzvv9-FyGFqg,0,,,WJHG-TV NewsChannel 7 | Northwest Florida,US,newsguard_validated,
UCIBn5bYosKGdOKVh0N89QRA,0,,,RapidCityJournal,,newsguard_validated,
UCIC6B4ULFCqa8bXKVc1sjYA,0,Q7955942,television station,CNY Central,US,newsguard_validated,
UCID7NF2G4PTt7nWOz-8R9pA,0,,,Ulyces Studio,FR,newsguard_validated,
UCIDfGFeDHnU5SzvfZ6pVosg,0,,,WOWK 13 News,US,newsguard_validated,
UCIDtUqf2KtF4kjki4xG2NOA,0,,,Augsburger Allgemeine,DE,newsguard_validated,
UCIFD9TMCLBXvJJMe2OpCtCA,0,,,WTOP News,US,newsguard_validated,
UCIFd_FfcTQyjvZm8KgNmpKQ,0,,,Marsactu,FR,newsguard_validated,
UCIFxvmtoGMb5wd-XLuqDJjQ,0,,,KLKNTV - Lincoln Channel 8 | Nebraska Now,US,newsguard_validated,
UCIIVvAp6DP3a2MmoIuIjvQA,0,,,Der Postillon ,DE,newsguard_validated,
UCIIk6UGjbYRAiMrydknMKKg,0,,,Green Bay Press Gazette,,newsguard_validated,
UCIKvK_bErQ0XbypVdnORi2g,0,,,Canadian Taxpayers Federation,CA,newsguard_validated,
UCIMGfEAERXjmWwQeg15BFsg,0,Q314407,mass media|radio station,Europe 1,FR,newsguard_validated,
UCINb0wqPz-A0dV9nARjJlOQ,0,,,The Dodo,US,newsguard_validated,
UCIP2cEDV6vZ7-8TNmJQzsiQ,0,,,WTWO WAWV TV,US,newsguard_validated,
UCIRYBXDze5krPDzAEOxFGVA,0,,,Guardian News,GB,newsguard_validated,
UCIUIMcLKymsoD7y-4al6rOQ,0,,,Ocala Star-Banner,,newsguard_validated,
UCIV_LERg3yg6BBKcZKtQkOg,0,,,The Chronicle Telegram,US,newsguard_validated,
UCIVk1L1-JmpdiGuZcVjImtA,0,,,ABC15 Arizona,US,newsguard_validated,
UCIWpUqWcs2O3RDkQXlAxURg,0,,,Hamburger Morgenpost,DE,newsguard_validated,
UCIYHIRvt4pOdvN54vWuxfOw,0,,,Victoria Buzz,,newsguard_validated,
UCIYVU7fPs_n6gJIBso3ryeg,0,Q7946994,television station,Gulf Coast News,US,newsguard_validated,
UCIZJ9a6P_nxCFJTmL0gh_IQ,0,Q27166447,mass media|news media|news website,Al Arabiya English,SA,newsguard_validated,
UCIZV2T-aboRZK8BECwImuPQ,0,,,JumbleJoy,US,newsguard_validated,
UCIaOYBGdDlUGOiv03xQ_Xkw,0,,,"The Union Newspaper of Grass Valley, CA",,newsguard_validated,
UCIbFhmYOqhvrudtVZG5-KEA,0,Q4920731,magazine|mass media,Black Enterprise,US,newsguard_validated,
UCIdIzINcsCovnMSSTrSc1lg,0,,,Catholic Archdiocese Of Sydney,AU,newsguard_validated,
UCIf6t3gpKr_D46xuWlj9UAQ,0,,,Knowledge at Wharton,US,newsguard_validated,
UCIfut4uXwMH0HeVDhWcLzrw,0,,,BZ-BERLIN,DE,newsguard_validated,
UCIh1Fc_ZMwnWVdRUcG6mYmQ,0,,,KJCTnews8,,newsguard_validated,
UCIhvBpMO-MdFx9We1X8zRzA,0,,,Zeitungsverlag Waiblingen,DE,newsguard_validated,
UCIjSUWHWp6KohfnR5OQTXnQ,0,Q1540364,television station,FOX 5 New York,US,newsguard_validated,
UCIkFeTbuoyWDuMskA14Pgrg,0,,,GJ Magazine,FR,newsguard_validated,
UCIl8GNxtpYrOaV6nnFXiMAQ,0,,,Peiner Allgemeine Zeitung,,newsguard_validated,
UCIm6o0pWv-TqK-RG1DMbJAQ,0,,,Daily Inter Lake,US,newsguard_validated,
UCImSHzeWdmNmDAEXo2N4D0w,0,,,Vineyard Saker,,newsguard_validated,
UCImUn-G_rzOyjKoE498bjDg,0,,,News & Guts,US,newsguard_validated,
UCIqFi2jwZI4TIs1hNZz18Mw,0,,,Inserm,FR,newsguard_validated,
UCIqrK92MVWSSUqNzN1tuP5A,0,,,ilgiornale,IT,newsguard_validated,
UCIr2L5vnVPAC1-FCLf5mcng,0,,,WHIO,US,newsguard_validated,
UCIsbLox_y9dCIMLd8tdC6qg,0,Q158283,magazine|mass media,Vanity Fair,US,newsguard_validated,
UCIx1IrFDhoSf9Uajl1sSkDg,0,,,Pennsylvania Spotlight,US,newsguard_validated,
UCIzxIaXiyw2TivJRiagHZ3Q,0,,,amNewYork,US,newsguard_validated,
UCJ-BnB_ANzMZ7TPXZBk3ouw,0,,,The Marshall Project,US,newsguard_validated,
UCJ0kmBes7vSjT3QoWDfjwwg,0,,,The New American Video,US,newsguard_validated,
UCJ12VfECqhPSxeB-3tS7ogw,0,,,Grand Haven Tribune,,newsguard_validated,
UCJ2QiJi_cCTC44pYoriR9Sg,0,,,The Art Newspaper Russia,,newsguard_validated,
UCJ5ZhYqArD2kJBx2OTjC-0Q,0,,,Kölner Stadt-Anzeiger,DE,newsguard_validated,
UCJ5gXXESkK7PJi-uR-g8Jgg,0,,,FierceHealthcare,US,newsguard_validated,
UCJ6CWuF1m0-xYVoxMyxPbhA,0,,,San Angelo Standard-Times News,,newsguard_validated,
UCJ7JgIIYqTD0m5xLm66fZYA,0,,,Delaware News Journal,US,newsguard_validated,
UCJ7LKwgheOe8OHD5YWnlPUg,0,,,What's Trending,US,newsguard_validated,
UCJ9ycVFIIJeKUGtOHdhAqCA,0,,,shadolsonshow,,newsguard_validated,
UCJATm9C8Xp8gMBKDIKPnvog,0,Q1641941,magazine|mass media,Dazed,GB,newsguard_validated,
UCJBVNt_BTTl2v4qtLScyxpw,0,,,News On 6/KOTV,US,newsguard_validated,
UCJCdiZtw9zStiR3xgnp7qlg,0,,,First Coast News,,newsguard_validated,
UCJCf6D1B8JRMp4LHaW9v21Q,0,,,SacObserver,US,newsguard_validated,
UCJCreS7pODbA6XYRsI5fdLg,0,,,WWLTV,US,newsguard_validated,
UCJEDFSxHHOW1PpBccdSxOTA,0,Q1954843,newspaper,The Indian Express,IN,newsguard_validated,
UCJGWSbqLVGZhMGsaSBh1k7Q,0,,,Dr. Sircus,BR,newsguard_validated,
UCJGeBpBh9_Q0B_EKPmj14Pg,0,,,Morning Brew Daily,US,newsguard_validated,
UCJGqVbbGYZcwLyah_JFnPVw,0,,,Herald-Mail Media,US,newsguard_validated,
UCJHvzSXrfJYljOJlnDTzxxQ,0,,,CapRadio,US,newsguard_validated,
UCJIgQL7sFiX0uw2Lj3vammg,0,,,Tempostretto TV Messina,IT,newsguard_validated,
UCJIp8nBe-mvX9xkqCvIu3wg,0,,,sächsischeDE,DE,newsguard_validated,
UCJJ6GvdhRfKLIcpP1EKQ-Uw,0,,,wregnewschannel3,,newsguard_validated,
UCJMAYVkWwzHqyzVnUrrkUOQ,0,,,tz.de,,newsguard_validated,
UCJMC-44oT9l97ra5iemDPiA,0,Q1790750,magazine|mass media,The Spectator,GB,newsguard_validated,
UCJMcPGZNJtaqVjFKJgEfB3Q,0,Q7950074,television station,Local 4 News WHBF,US,newsguard_validated,
UCJNMUA0J-hgaTmiNEYZf2Jw,0,,,New York Magazine,,newsguard_validated,
UCJRVmR4NWAKIx-e-c40qKxQ,0,,,Magazine Nexus,FR,newsguard_validated,
UCJRjK20fHylJyf-HiBtqI2w,0,Q96399544,mass media|news media|news website|newspaper|online newspaper,PLANT BASED NEWS,GB,newsguard_validated,
UCJX8Wn6opMsBng3QWh0dK6g,0,,,Middle East Monitor,,newsguard_validated,
UCJZWh6xwfsZe7NrjHo4OvGg,0,,,Alaska's News Source,US,newsguard_validated,
UCJZrAUVRimhEsKkfHco0-lg,0,,,Community Impact ,US,newsguard_validated,
UCJboXXfoy9Ik4MKU9cpA-Uw,0,,,Haaretz.com,IL,newsguard_validated,
UCJc7is6F67EepYaJjxTxtrg,0,,,NBC 15,US,newsguard_validated,
UCJeYxxSKuSF5xv-3SXrh1Vg,0,,,Reverb Press,,newsguard_validated,
UCJg9wBPyKMNA5sRDnvzmkdg,0,Q121917610,mass media|media company|news agency|news media|television channel|television station,LiveNOW from FOX,US,newsguard_validated,
UCJhH-xZC2yBLkWhfF5jLXhQ,0,,,SaltWire,CA,newsguard_validated,
UCJhJw71Ff17PcgJ2NnR0dsw,0,,,Arizona Capitol Times,US,newsguard_validated,
UCJhLgXEZei3asMt-Kel2b-A,0,,,The Pantagraph,US,newsguard_validated,
UCJjOVLoaoTSa0VeQDR4YfxA,0,,,Pharmazeutische Zeitung,DE,newsguard_validated,
UCJjyXUORrk_Ju9cpwctSCsQ,0,,,The Vintage News,US,newsguard_validated,
UCJkc1COQO0WiZ2CI7dRdwAQ,0,,,cleveland.com,US,newsguard_validated,
UCJlMsN7HPbyywteQ1mk-c2Q,0,,,NTK Network,,newsguard_validated,
UCJmfFRH6S71zoc41bJV84rA,0,,,KLST-TV|KSAN-TV|ConchoValleyHomepage.com,,newsguard_validated,
UCJnKvW69PiVavJ3JViroo5Q,0,,,Drugs.com,US,newsguard_validated,
UCJnS2EsPfv46u1JR8cnD0NA,0,,,NPR,US,newsguard_validated,
UCJnpF9oROFPvd7wWbPUDdGA,0,,,KRQE,US,newsguard_validated,
UCJoETvJ0a2zVRFzj02MzmLw,0,,,truthdig,US,newsguard_validated,
UCJogODH1hfW7L7PxiWRiTJw,0,,,NBC Palm Springs,US,newsguard_validated,
UCJopG85ZzPVqFTj0ZMqupCg,0,,,LoneStar CJaye,US,newsguard_validated,
UCJp7gd3QZvweXGnevptxJng,0,,,CBS19,,newsguard_validated,
UCJrOBmgW6xGreejfjNUnCow,0,,,DiLei,IT,newsguard_validated,
UCJrQ6Gzf4uV3BM4CzaZETRA,0,Q18149996,newspaper,The Florida Star / The Georgia Star,US,newsguard_validated,
UCJrtV4HxObQ5j9DyNE_CiSg,0,,,Заборона,UA,newsguard_validated,
UCJsZHPR1jqKu-soDmKNMBFg,0,,,TV5MONDE,FR,newsguard_validated,
UCJsdJjY8VHf9nraq2Ijchgw,0,,,The Fayetteville Observer,,newsguard_validated,
UCJtaDORHQO20XA-tFwpJysQ,0,,,Burkina24 TV,CA,newsguard_validated,
UCJtaYVnChZR9w8XQ-MYSE9w,0,Q122949263,mass media|news media,IranWire,GB,newsguard_validated,
UCJw0V_0dwVahzRa-F6lOqew,0,,,Il Mattino,IT,newsguard_validated,
UCK0NsvkMsCoGt-cxrgiHsVQ,0,,,Deep South Voice,,newsguard_validated,
UCK0UUsCjtMRNtS3BPh1Yc4w,0,Q7949547,television station,Tampa Bay 28,US,newsguard_validated,
UCK0z0_5uL7mb9IjntOKi5XQ,0,Q1542536,magazine|mass media|news media|news website,The Atlantic,US,newsguard_validated,
UCK1aTcR0AckQRLTlK0c4fuQ,0,Q658945,newspaper,NZZ,CH,newsguard_validated,
UCK413dJ_QuuvrYYkJRStU3A,0,,,Les Crieurs Du Web,FR,newsguard_validated,
UCK5Or76BSSZ0DDzlgk-QBVA,0,,,Asbury Park Press,,newsguard_validated,
UCK6UwRRjtalWokc0KKh9GMA,0,,,Cleveland Scene Magazine,,newsguard_validated,
UCK6aWaZl2HXEXBvGplDFxMg,0,,,TV Guide,US,newsguard_validated,
UCK7IIV6Q2junGSdYK3BmZMg,0,,,TMZ,US,newsguard_validated,
UCK7Tj_SlbtiLXIIK8T3jq7A,0,,,F-News,DE,newsguard_validated,
UCK7tptUDHh-RYDsdxO1-5QQ,0,Q164746,magazine|mass media|newspaper,The Wall Street Journal,US,newsguard_validated,
UCK8d3MwPoqDSmVx-1fIgNtQ,0,,,Metro News Italia,,newsguard_validated,
UCK9VzwolWexVxsLqzdY9FRA,0,,,kvellercom,,newsguard_validated,
UCKATGvvbOznaWNZcOBCLGng,0,Q6326610,television station,KCCI,United States,newsguard_validated,
UCKCbC7uTe7dRtKPou10JKtQ,0,Q3547109,newspaper,The San Diego Union-Tribune,US,newsguard_validated,
UCKHl_ShM3o9fAZ2qadFARLg,0,,,Carib News Inc.,US,newsguard_validated,
UCKIe7ZwFLSeI5YLZdb11fpg,0,,,AP4Liberty,US,newsguard_validated,
UCKJQ_nKg3-NUOOOWGoMlX9A,0,,,GreatGame India,,newsguard_validated,
UCKLAnmPeSCBcCQU48vahXgw,0,,,Dakota News Now,US,newsguard_validated,
UCKM3VQFIITaRegPDkLlLeKA,0,Q6449319,mass media|news media|news website|newspaper|online newspaper,The Times of Israel,IL,newsguard_validated,
UCKNykbzqFIdx9ivj1FXx1Xg,0,,,Améliore ta santé,FR,newsguard_validated,
UCKQECjul8nw1KW_JzfBTP1A,0,Q6335827,television station,KPRC 2 Click2Houston,US,newsguard_validated,
UCKQaSdgFK01UyVdv6-Up1mg,0,,,The Mighty,US,newsguard_validated,
UCKQo5ORhXZTs48SPk8tcAeQ,0,,,KETK NBC,US,newsguard_validated,
UCKSImlF3t7AqVOyz4XEvt_A,0,,,Version Femina,FR,newsguard_validated,
UCKW-VNeakjm6-qEkgc0LSQA,0,,,What To Expect,US,newsguard_validated,
UCKXsx1tuopwO91QSgjrmA1g,0,Q7759569,magazine|mass media,The Real Deal,US,newsguard_validated,
UCK_xVrQQGeqrN-BH8j1I4Jw,0,,,KTAL News,US,newsguard_validated,
UCKbE7xjCnjKL6_imHvLRqWw,0,,,Science & Vie,FR,newsguard_validated,
UCKbj5d8f70i0AYLyiJ3YMXg,0,,,KMPH FOX26 NEWS,US,newsguard_validated,
UCKdALw0BErtqmGI2AUtbbhg,0,,,TMJ4 News,US,newsguard_validated,
UCKe4Fry0MyvT_SRrmn0_MiQ,0,Q7950923,television station,WISH-TV,US,newsguard_validated,
UCKf7dVpKfB69bv0tXNGBQCQ,0,,,IlFattoQuotidiano,,newsguard_validated,
UCKgAB8lqTbqbwXC-e6_9lhQ,0,,,KGW News,US,newsguard_validated,
UCKgJEs_v0JB-6jWb8lIy9Xw,0,Q7711621,mass media|media company|news agency|news media,BlazeTV,US,newsguard_validated,
UCKhCJRTHHLuW2iW7XQtcfyQ,0,,,ADWEEK,US,newsguard_validated,
UCKinpLjouDoNe6oBRK9QFyw,0,,,KABB FOX San Antonio,US,newsguard_validated,
UCKk6TkLfOoXs2T4vfvdGlnw,0,Q3632498,newspaper,Las Vegas Review-Journal,US,newsguard_validated,
UCKmwEfr80G2fcFjL6UfcgEg,0,Q1313623,mass media|news media|news website|newspaper|online newspaper,Neue Westfälische / Haller Kreisblatt,DE,newsguard_validated,
UCKnEAhIjPrJs1iTIhonzHwQ,0,,,Atlas Obscura,US,newsguard_validated,
UCKoUcSx89qaC4E8l1aYhNAw,0,,,OffGuardian,,newsguard_validated,
UCKoxKWdfjFhE_a5DzjMedpA,0,,,WMDT News,US,newsguard_validated,
UCKoxlVE7EOxlDUfHmq8_z9w,0,,,Sc Djblaze,,newsguard_validated,
UCKp-y6icZ1dK7uugzw0toqA,0,,,WashingtonBlade,,newsguard_validated,
UCKpv0aXnKBkiU5uiEWAdpgg,0,,,Mercury News,US,newsguard_validated,
UCKwBfTFoV-dTdFqstSZydfw,0,,,Allure von LiL,DE,newsguard_validated,
UCL-snOhs2ADdIkCsCoqefCA,0,,,Lubbock Avalanche-Journal - A-J Media,US,newsguard_validated,
UCL-yKZ_kCuKBHyeRfePpvuw,0,,,Education Week,US,newsguard_validated,
UCL06x-IygRys2n_nsQ9A1gQ,0,,,Patriot Ledger,,newsguard_validated,
UCL0J4iW-kn65oehRHzjXtOw,0,,,AusSMC,,newsguard_validated,
UCL2S0ZxzMCLQwnTYHtNHnPQ,0,,,Energy Therapy,GB,newsguard_validated,
UCL3kHlUwZr0fXFODgfGVp2A,0,,,FOX23 News Tulsa,US,newsguard_validated,
UCL4NqoTi6xcQT4IzUzBwsLg,0,,,TVLine,,newsguard_validated,
UCL4ntJtO-e5IgHIZHy6Tkpg,0,,,Werra-Rundschau,DE,newsguard_validated,
UCL8Nxsa1LB9DrMTHtt3IKiw,0,Q619899,mass media|news media|news website,Mashable,US,newsguard_validated,
UCLAH9RSvlwSLsR-XKDVeoOw,0,,,Carbonatedtv,,newsguard_validated,
UCLA_DiR1FfKNvjuUpBHmylQ,0,,,NASA,,newsguard_validated,
UCLDCHoRj7qlR_sttg-mZFnw,0,,,MOZde,DE,newsguard_validated,
UCLGbun_ZlzKBk0ERNm_h-lg,0,,,KAIT Creative Services,US,newsguard_validated,
UCLJwAVDq5IZCaWdG5dzzETw,0,,,Euro Weekly News,ES,newsguard_validated,
UCLKVY6H6OlG4lZoxGXiX12w,0,,,Pioneer Press,,newsguard_validated,
UCLLAS8sa1n4m200XDrcrjLw,0,,,Lookout Santa Cruz,US,newsguard_validated,
UCLLENV4JjxuHCGnC-SyxN8g,0,,,News 8 Now,US,newsguard_validated,
UCLLLdCANnMAdMyrXdYbSlxg,0,Q35438,mass media|news media|news website|newspaper|online newspaper,The Jerusalem Post,IL,newsguard_validated,
UCLM48YIPVAIlRuCfqBeRZ9w,0,,,Alberni Valley News,,newsguard_validated,
UCLPVHOw25Eu8CCKTxL5TgCA,0,Q762195,magazine|mass media,Esquire,US,newsguard_validated,
UCLPeHwnqwd2pvU7M_NmqR9A,0,,,The San Antonio Observer,,newsguard_validated,
UCLQZYp8Lf3Qx6taakodOk8g,0,,,WHO13,,newsguard_validated,
UCLTgW5KO7uU0VgFjqxca_uQ,0,Q113213369,mass media|news media|news website,Bridge Michigan,US,newsguard_validated,
UCLUF4Nssw8OBUpIdJVJ50LQ,0,,,MinisteroSalute,,newsguard_validated,
UCLV82wjejoC_rlwomRvv3UA,0,,,AltoonaMirror,,newsguard_validated,
UCLVlMTZPU4wYeej8p6JxhJg,0,,,"The Record (Stockton, CA)",US,newsguard_validated,
UCLXo7UDZvByw2ixzpQCufnA,0,Q20877087,mass media|news media|news website|newspaper|online newspaper,Vox,US,newsguard_validated,
UCLY81_W4LvgPZYi4Lgebjfg,0,Q97370577,mass media|news media|news website|newspaper|online newspaper,Blitz Quotidiano,Italy,newsguard_validated,
UCLZgflun26j9V9n73zA2T5g,0,,,National Geographic Deutschland,DE,newsguard_validated,
UCL_A4jkwvKuMyToAPy3FQKQ,0,,,Council on Foreign Relations,US,newsguard_validated,
UCLeX3Vtg8yfi0iCQeu9foWw,0,,,NonStop Local,US,newsguard_validated,
UCLfCEU3yvLhibyZunvkKEpA,0,,,Norbaonline,,newsguard_validated,
UCLfioty2y1VetcE5pDSHcAQ,0,,,PUBLIC - Topic,,newsguard_validated,
UCLgIan8htEdSjW0L_F4QUig,0,,,FNP Frankfurt,DE,newsguard_validated,
UCLiWQk8JzhNRcNiDKk4dpaw,0,,,American Heart Association,US,newsguard_validated,
UCLjz1A_YEHIb6oUZKNLHQeA,0,,,Glens Falls Post-Star,,newsguard_validated,
UCLkHXX5R9S_qFZuCMGHWMrQ,0,,,Achgut,DE,newsguard_validated,
UCLlq-ro6KSB784hAbn4vclw,0,Q1787845,mass media|news media|news website|newspaper|online newspaper,Kreiszeitung,DE,newsguard_validated,
UCLm-piysUX6HP9w62VIMu7w,0,,,Columbia Journalism Review,,newsguard_validated,
UCLtceeAqExf0d5qTCbVGP_g,0,,,Coloradoan,US,newsguard_validated,
UCLtdcwbcYd5WzAlFam5sx8A,0,,,Media Right News,,newsguard_validated,
UCLuOd7jNtihMVYd5wd8D3AQ,0,,,The Decatur Daily/TimesDaily Alabama Channel,,newsguard_validated,
UCLuaRya8Y0vYNCiOBiM4OTw,0,,,Scenari Economici,IT,newsguard_validated,
UCLxw2HFdmJUxqz2bzHfDdqg,0,,,ACTU Forces de l'Ordre,FR,newsguard_validated,
UCM-st5pqiGhU71R0oiCM1Bg,0,,,Ledevoir,,newsguard_validated,
UCM32gjHqMnYl_MOHZetC8Eg,0,Q124408743,mass media|news media|news website,Rebelliously Curious with Chrissy Newton ,US,newsguard_validated,
UCM52ZAPU0R8LcAgelKOIRlw,0,,,Via News,,newsguard_validated,
UCM74au8p6W-mGTpbpNccO7g,0,,,Ravennawebtv,IT,newsguard_validated,
UCM7NGVvi3iYLwqe1DjAYnDw,0,,,Nogeoingegneria,,newsguard_validated,
UCM7oE0c_TcggvL02mwiJAvA,0,,,AP,ES,newsguard_validated,
UCMGZ8pfQHgZ6Yj0-92PMENg,0,Q111426457,mass media|television channel,Real America's Voice,US,newsguard_validated,
UCMIQLtokPfK5higA3eGaJXQ,0,,,WhiteCoatWaste,,newsguard_validated,
UCMKP8n1dUg-b84lfpb0mfdA,0,,,CBS6 Albany,US,newsguard_validated,
UCMLAO8kZDr9JuVDLjVL62QA,0,,,Utopia.de,DE,newsguard_validated,
UCMND-xYDcqU5Wshe8IX0JAA,0,,,www.oye.news,,newsguard_validated,
UCMNTobcLX8x4kA4aaPHCBIg,0,,,Gentside All,,newsguard_validated,
UCMNeOxggZTj6ooGwHkSESpA,0,,,Romper,,newsguard_validated,
UCMROHNGBBwQAegPcQ-Xpaqw,0,,,The Alternet,,newsguard_validated,
UCMRxlkKInjPEQDDvgmYhzpg,0,,,Quotidiano Molise,,newsguard_validated,
UCMSGqNgJ5gDLx6E_aaV4-Ug,0,Q109637723,mass media|news media|news website,MEAWW,US,newsguard_validated,
UCMW_fW92_6PEm6iDCDPs7IA,0,,,Peninsula Clarion,,newsguard_validated,
UCMXqRHe8n1TX5iDvkLS62rw,0,,,Right Wing Watch,,newsguard_validated,
UCMY4Z-J2HERv_dEt0wrSATw,0,,,WHYY,US,newsguard_validated,
UCMYlXK0jyerVnc3dmz-vjCA,0,Q7956417,television station,10 Tampa Bay News,US,newsguard_validated,
UCMZ4_BH8o3tCFKTR_Ta1TiA,0,,,BGR,US,newsguard_validated,
UCMZHX2oh_s9kFhmCRCNosuw,0,,,Iowa's News Now,,newsguard_validated,
UCM_qQbU6ZHF4a50i5QhGqiQ,0,,,24heures,CH,newsguard_validated,
UCMbIOVJvvIx8ufx5JGwYomw,0,Q130737890,magazine|mass media|news media,New Atlas,Australia,newsguard_validated,
UCMbo8PxeWPvlUTHSRL01xhw,0,,,Les DéQodeurs +,FR,newsguard_validated,
UCMbpvdX-l2a77hzwbmQFz8A,0,,,"Film, Music & Tech ",TR,newsguard_validated,
UCMbysQWZAx1bfTj4BIh0ftA,0,,,FarodiRoma,,newsguard_validated,
UCMdR6t1oXaizteTaPl2SJFQ,0,,,Thrive,,newsguard_validated,
UCMh5MYFzDDu7dF8f8r1qUIQ,0,Q6034827,newspaper,Inland Valley Daily Bulletin,United States,newsguard_validated,
UCMk7T9ijCgD_iX-SWjyzy7g,0,,,Yellowhammer News - YouTube,US,newsguard_validated,
UCMmuHfeLHhAA5Q8WWc1e0eA,0,,,WATE 6 On Your Side,US,newsguard_validated,
UCMou8jEaN0213UcOS2-yuFw,0,,,The New Republic,US,newsguard_validated,
UCMp6dYTbPOrKFHMH6rGcp2g,0,Q7948357,television station,WDEF News 12,US,newsguard_validated,
UCMpLHTtHhwgX6mUasWnMT1A,0,,,Casper Star-Tribune,,newsguard_validated,
UCMpW4tdyZUid2Ka9_FuDDhQ,0,Q819697,mass media|news media|news website|newspaper|online newspaper,Handelsblatt,DE,newsguard_validated,
UCMppoR1vQWcKXOVw1Pwoj7A,0,,,Not the Bee,,newsguard_validated,
UCMqnzZpDJHnI6tj-8pDJERg,0,,,Lake & McHenry County Scanner,US,newsguard_validated,
UCMscWako8oDvpdF4pppku-g,0,Q6329080,television station,CBS 8 San Diego,US,newsguard_validated,
UCMtOu74eKZGWdewUmTWIU-Q,0,,,Texas Public Radio,US,newsguard_validated,
UCMv1Hkpz38OR9xNy0SRBJdg,0,Q14688889,television station,CBS4 Indy,United States,newsguard_validated,
UCMwOhuEDeakfH5ZwS_1C87A,0,,,LaPresse,IT,newsguard_validated,
UCMxKjo5RHFhl5d0CQUiGNnw,0,,,Idaho Press,,newsguard_validated,
UCMxiv15iK_MFayY_3fU9loQ,0,Q65043815,mass media|news media|news website,UnHerd,GB,newsguard_validated,
UCMy7RBPKd1oYbh4v5EMMi9A,0,,,Worth Media,US,newsguard_validated,
UCN0knCrRO875XSPJG_5RcWg,0,,,VozWire,US,newsguard_validated,
UCN1HP7LOKimRnFkHwWVwrJw,0,,,NOFI,FR,newsguard_validated,
UCN1c2lKbPwB-JAlI9q801yg,0,,,Iowa Public Radio Studio One,US,newsguard_validated,
UCN2IWwjVxh4vOnMbnjiM8Hw,0,,,KTVQ News,,newsguard_validated,
UCN3YsKnTa4tiqYBbF7MQ8HA,0,,,OK Salute e Benessere,IT,newsguard_validated,
UCN3me_2IdGN5C0QV5PubDlQ,0,,,PalmBeachPost,US,newsguard_validated,
UCN4fkgyapzlU1LmUmC3YZuQ,0,,,Rasmussen Reports,US,newsguard_validated,
UCN4iWTZIICpOe-78cz9RP1A,0,,,Sun Sentinel,US,newsguard_validated,
UCN8-mdUlo6S5JJMBAwezZTw,0,,,ANTENNE BAYERN,DE,newsguard_validated,
UCN8znAs-XT5VlCJ5k9Rxnhg,0,,,(RTL#com) Channel,,newsguard_validated,
UCNB9h6PoM1i7F7TjlnBdBcw,0,,,ForbiddenKnowledgeTV.com,,newsguard_validated,
UCNBmxc6FvKyxtCpUygcdINA,0,Q408095,television station,WKYC Channel 3,US,newsguard_validated,
UCNFGSWVOdVWEe9XJNnfTdyQ,0,,,Entrepreneur,US,newsguard_validated,
UCNFZ_RT98Ri4i-N5eL7IH5w,0,,,NBC 26,,newsguard_validated,
UCNGop1jjZwtYgBK52VS9uow,0,,,Boise State Public Radio,,newsguard_validated,
UCNKG4NYSFF3OO6VbSG2hWVA,0,,,Tampa Free Press ,US,newsguard_validated,
UCNKXyYLaeOJIAnuzBbLbS0Q,0,,,Tallahassee Democrat,,newsguard_validated,
UCNKq4CZWuGe1C_9dJwYjApg,0,,,Kidspot,AU,newsguard_validated,
UCNM2ti9d-f8z_Hqmt9cB0Iw,0,,,Yahoo Life,,newsguard_validated,
UCNQv9nDu2_r5zbgtUQungeA,0,Q113517589,mass media|news media|news website,CalMatters,US,newsguard_validated,
UCNSfJB-VQeHpv5ThtV1VtBA,0,,,Island News,US,newsguard_validated,
UCNVqoAxOIouRurGa1T7sUGg,0,,,itemlive,US,newsguard_validated,
UCNWsXxEbKkKXOYzw-SwaXoA,0,,,Page Six,US,newsguard_validated,
UCNX230FBOvgWwmfUtSANfgw,0,,,Defense One,,newsguard_validated,
UCNXjJ4Igw2Ir8774eBNb4yA,0,Q6336552,television station,KRCG 13,US,newsguard_validated,
UCNZFSDA1X_IzlliXxSRKgpA,0,,,Las Cruces Sun-News,US,newsguard_validated,
UCNbIDJNNgaRrXOD7VllIMRQ,0,Q17107494,mass media|media company|news media|news program|news website|television channel,One America News Network,US,newsguard_validated,
UCNc59v9IIWm8EhzdXTbuhgg,0,,,KTVOtv,,newsguard_validated,
UCNc9F988uIE8NxIJ9MPqBjg,0,,,L'Eco del Chisone L'Eco del Chisone,,newsguard_validated,
UCNcQJZR7H5r5pYNOCOa7Dnw,0,,,ÄRZTESTELLEN,DE,newsguard_validated,
UCNdIF2yfzHtRyfKI6mPWf3A,0,Q6339981,television station,KVEO,United States,newsguard_validated,
UCNeLFVqmsz1ykGWxIzapHHw,0,Q6816008,magazine|mass media,Men's Journal,US,newsguard_validated,
UCNgov8YKudRHcNZqLDlXJEA,0,,,Will Johnson,US,newsguard_validated,
UCNhl1uGgrhlPCdqPEfkMMNQ,0,,,Nevada Public Radio,,newsguard_validated,
UCNia_X3a7HLxBSN-z57UGQw,0,,,NRDC,US,newsguard_validated,
UCNiq0-gwoP_Qc9HO3nTJEDg,0,,,La Crosse Tribune,US,newsguard_validated,
UCNjXZ_e01dMqfjbb9lGCoWA,0,,,The Leader-Post,CA,newsguard_validated,
UCNmFEQ_4AhYknXVmk4Fk5iA,0,,,KURIER,AT,newsguard_validated,
UCNoH-_m7BI8ciMKp-07cCpg,0,,,Elizabeth Johnston,,newsguard_validated,
UCNpNnBVlpGR0iacXgQRlplg,0,,,Siouxland News,,newsguard_validated,
UCNqMx7gVUirRzOTzPo-3E3g,0,,,Sebastian Martinez,,newsguard_validated,
UCNtLBFfW6rdSSUl0CIW29Ew,0,,,WTVRCBS6,,newsguard_validated,
UCNtTjwWThx7jLItjOaSFIbw,0,,,Chambersburg Public Opinion,,newsguard_validated,
UCNtnFKRRo_Qyw36c1AoU5AA,0,,,Freie Presse,DE,newsguard_validated,
UCNvy8mweS5QGnA6SWBX5i1Q,0,,,Radio Contact,FR,newsguard_validated,
UCNw5_gMjaIUMINiVLYFf0kw,0,,,VITA,IT,newsguard_validated,
UCNwTE9mUAWGwzZv5733XlnA,0,,,Rachel Parris,US,newsguard_validated,
UCNwUbsJ8HzvqwW_vA2vVOGw,0,Q130073529,mass media|news media|news website,Resist the Mainstream,US,newsguard_validated,
UCNw_gSEypr2jvH2IRv5BiEw,0,,,Heftig,,newsguard_validated,
UCO0_TFmBnExVvIBq9L-DeuA,0,,,The Northern Echo,,newsguard_validated,
UCO0kJTnt616TVdzhaHrLgvg,0,,,The Progressive Primitivist,,newsguard_validated,
UCO1lJlI3gjuOMrKppvPlDww,0,Q111654428,mass media|news media|news website|newspaper|online newspaper,Новая газета Европа,LV,newsguard_validated,
UCO1tkfdelXlxJdY1lmKQvfQ,0,,,Tennessean,US,newsguard_validated,
UCO2ikjgXF6tVqaiwZeDDltw,0,,,Unzensuriert.at,AT,newsguard_validated,
UCO3KF4ZlaGjyels6A7riZug,0,Q3564770,television station,MyNBC5-WPTZ,United States,newsguard_validated,
UCO3pO3ykAUybrjv3RBbXEHw,0,,,郭文贵 NFSC代理中,US,newsguard_validated,
UCO6K_kkdP-lnSCiO3tPx7WA,0,Q26085276,television station,franceinfo,FR,newsguard_validated,
UCO6kzQ-7wcG0x8W5LpBA9RQ,0,Q7956467,television station,NewsChannel 5,United States,newsguard_validated,
UCO76nfOYxfjdTeS0HFDiSwA,0,,,Ayrika Whitney,,newsguard_validated,
UCO7xJhwYiWAxhzSxtgZ_U2A,0,,,shz.de – Nachrichten aus Schleswig-Holstein,DE,newsguard_validated,
UCO8ww3uFGhQzgw9fSFi5bSQ,0,,,Everything Lubbock,,newsguard_validated,
UCOClvgLYa7g75eIaTdwj_vg,0,Q1957782,magazine|mass media,Consumer Reports,US,newsguard_validated,
UCODUSvhAXcsVNVyCnPEg_GA,0,,,DELTA FM,FR,newsguard_validated,
UCODc8Pa-_WUMaVRp9dvmNmw,0,,,13News Now,US,newsguard_validated,
UCOE42duvEjXG48b6BtOFBGA,0,,,25 News KXXV,US,newsguard_validated,
UCOFyXr74X90UPniJ9sHohZg,0,,,2822News,,newsguard_validated,
UCOG11ta1qymIOZXVWenOMcA,0,,,Gannett,,newsguard_validated,
UCOGUsMU82oB71bhO2j2DgcQ,0,,,Boston Magazine,US,newsguard_validated,
UCOGa-48fFt4cW0UnW5WSdRg,0,,,FOX 2 Detroit,US,newsguard_validated,
UCOGtb6xoiTlJdkmLG0BxAuA,0,,,Galveston County Daily News (GalvNews),,newsguard_validated,
UCOHX-wtHTlGmF6xWNKpIScg,0,,,Virgule,LU,newsguard_validated,
UCOIy_NcDHSk4uLnpSXMIiDA,0,,,KOAM News Now,US,newsguard_validated,
UCOKBZV2gm_3KYsa9urOd6uA,0,Q968193,journalist,Greg Palast,US,newsguard_validated,
UCOK_An4e3Um5pkziO3e1Qyw,0,,,Berliner Zeitung,DE,newsguard_validated,
UCOKsAZ0DrWEZRxzLeHEcMFQ,0,,,End Time Headlines,US,newsguard_validated,
UCOLQoIkKTnGAlMylMYz-rQQ,0,,,Keck Medicine of USC,US,newsguard_validated,
UCOLr3gdsmAg7dqIsKEHgPmg,0,,,StopTheseThings,,newsguard_validated,
UCOMuF3F3y-39aO1ywKIdwkA,0,,,Mississippi Center for Investigative Reporting,US,newsguard_validated,
UCOP_Qylh243vMlSVznIQr4Q,0,,,GOSPA NEWS,IT,newsguard_validated,
UCORB0siyf3n_FS22MSLrjZA,0,,,Marketplace APM,US,newsguard_validated,
UCOT1RiNysIPCTPSnVZskwtQ,0,,,tagDiv,RO,newsguard_validated,
UCOTA1_oiKnz8po1Rm3nDJPg,0,,,Live Science,US,newsguard_validated,
UCOTuG542bgz4rmd27uBa6vg,0,,,noz.de,DE,newsguard_validated,
UCOVHYpBYNMXj_TGl6ZXHrrQ,0,,,Observer Media Group,,newsguard_validated,
UCOW3LG5_3_pZDCjEc3xHgrg,0,,,WANE 15 News,,newsguard_validated,
UCOWr-bccQgcCJ2ObA900__w,0,,,Prima Brescia,IT,newsguard_validated,
UCOY4hm0bkp-ERTtXD6ol-jQ,0,,,republicanstupidity,,newsguard_validated,
UCOYXMJcUXo58HmJN1vuzKUA,0,,,JOE,GB,newsguard_validated,
UCO_Kabk98QrnxcYoROPh5Tg,0,,,Complots Faciles Pour briller en société,FR,newsguard_validated,
UCO_TbQwArR716Sjd-lbbJxQ,0,,,People Act Magazine,,newsguard_validated,
UCOdLEq_FQS5IzyFaUMEAyFg,0,,,The Columbian,US,newsguard_validated,
UCOeC8hX-uQN4aL8Lr1_rGeA,0,,,KEPRTV,,newsguard_validated,
UCOjMiszUrXt3-kSU8tGzAxw,0,,,Oklahoma Watch,,newsguard_validated,
UCOli0_CjEhL9UwmHRqmPi-w,0,,,Delaware Ohio News,,newsguard_validated,
UCOmcA3f_RrH6b9NmcNa4tdg,0,Q1544247,mass media|news media|news website|newspaper|online newspaper,CNET,US,newsguard_validated,
UCOr7LDyLKPorY60OaG4m5IQ,0,,,TorinoOggi,IT,newsguard_validated,
UCOs29WlhZOvWlnKD0QkVsYw,0,,,Visione TV,IT,newsguard_validated,
UCOwoReK7jx1RAN7y6U01kAQ,0,,,Telegram Video,,newsguard_validated,
UCOxFBhyXCrLBg9H_iHXWj9Q,0,,,The Badger Herald,US,newsguard_validated,
UCOxwsAbz3PZuWK5OyFKnNLg,0,,,WCTI News 12,US,newsguard_validated,
UCOzMAa6IhV6uwYQATYG_2kg,0,,,Novara Media,GB,newsguard_validated,
UCOzT3fyPN7uTGUIha0YIl_g,0,,,The Guardians of Democracy,US,newsguard_validated,
UCOzojJATlDfb6LdXCXN79zg,0,,,The Post Millennial,CA,newsguard_validated,
UCOzsvCb0KteNrzUboTonVYA,0,,,News.de,DE,newsguard_validated,
UCP06SZMpEHKrx31UOr2SfqQ,0,Q22078247,mass media|news media|news website,Times of San Diego,,newsguard_validated,
UCP0e2eSQB8H1wEL1yrL-8tQ,0,,,Sunshine Coast News,AU,newsguard_validated,
UCP2gdh7HfjgCoi8lO50dA5w,0,Q372989,magazine|mass media,Fortune Magazine,US,newsguard_validated,
UCP2m0GEtx97dYpUnuhk7CIg,0,,,Les Inrockuptibles,FR,newsguard_validated,
UCP445niKQeh1gSxtatMFWNQ,0,,,walbnews10,,newsguard_validated,
UCP6HGa63sBC7-KHtkme-p-g,0,Q39681,newspaper,USA TODAY,US,newsguard_validated,
UCP71PzkkLskK2uG_hrjNzXg,0,,,Politics.co.uk,GB,newsguard_validated,
UCP9MfWw0vG5u11DZMmV94MA,0,,,TermoliOnLine,IT,newsguard_validated,
UCP9Zo2a0-bS9oPd_8tl92rQ,0,Q6335464,television station,KPBS News ,US,newsguard_validated,
UCPAt6z5uX_c5Eo_cSNROzYw,0,Q275837,magazine|mass media,Sports Illustrated,US,newsguard_validated,
UCPD6xY59Bc053T83vTc2LIQ,0,,,David Horowitz Freedom Center,,newsguard_validated,
UCPDMupUBXnu8LClmmi5Hlvg,0,,,DallasObserver,,newsguard_validated,
UCPJEVbTYZKlpC4zDt_4bQxw,0,,,The World Doctors Alliance,,newsguard_validated,
UCPJOFV8Ig7eQULzxjuo5b8A,0,,,NCRegister,,newsguard_validated,
UCPLReKKVj_P9G3RilJvSAdg,0,,,USA TODAY NETWORK-Wisconsin,,newsguard_validated,
UCPPGpxW9qrE-UkJQ9EY7nOg,0,Q1615873,mass media|news media|news website|newspaper|online newspaper,HNA,DE,newsguard_validated,
UCPRcw7SLzEYqJue6Zau7zOw,0,,,The War Horse News,US,newsguard_validated,
UCPVoB13ziHcg-ummWqZYhAQ,0,,,Parade,US,newsguard_validated,
UCPWbr_l57rD-WN6913EYcQw,0,,,Newsela,US,newsguard_validated,
UCPXLf8gz8WzzdgidGmXWBtg,0,,,Coastal Living TV ,,newsguard_validated,
UCPY6gj8G7dqwPxg9KwHrj5Q,0,Q113241842,mass media|news media|news website|newspaper|online newspaper|television channel,Суспільне Новини,UA,newsguard_validated,
UCP_dLkY3B0QEQcNoMIC3tAw,0,,,Shreveport Times,,newsguard_validated,
UCPaSu8qnjJhF1vkXVOGojBQ,0,,,MarketWatch,US,newsguard_validated,
UCPc6vijv_rMNwI573waZHeA,0,,,MMnewsTV,DE,newsguard_validated,
UCPgLNge0xqQHWM5B5EFH9Cg,0,Q192621,newspaper,The Telegraph,GB,newsguard_validated,
UCPhVqO6gISmStEikSvmvYyA,0,,,Lexington Herald Leader,US,newsguard_validated,
UCPi8u-XgLfuD52rT2m85sUw,0,,,Belfast Live,GB,newsguard_validated,
UCPjgzQgWuPsrYDSuP_CENOw,0,,,KIII 3 News,US,newsguard_validated,
UCPkZnVyitzeYMgSciKpmrog,0,,,CO Archive,US,newsguard_validated,
UCPky_U7C3p6Y7qMoLCsTA-w,0,,,The Daily Dot,US,newsguard_validated,
UCPs32cRctVRyd6iHqdZ8GFw,0,,,Scienza in rete,IT,newsguard_validated,
UCPsfog9wCYBiKOWjk-nHyfQ,0,,,jerseyshoreonline,,newsguard_validated,
UCPtoD96ccH6TNad0-OAtLzA,0,,,Journal La Montagne,FR,newsguard_validated,
UCPzGYQqM_lZ3mJvi89SF6mg,0,,,taz,DE,newsguard_validated,
UCQ-KV5YoYZ-TDhdgbifJJkg,0,,,PolitiFeed,US,newsguard_validated,
UCQ1FiLBK9hvwYPjifRIjIgA,0,,,hickoryrecord,,newsguard_validated,
UCQ1KgKzcJrhvg3ltOyUvakA,0,,,NuitFrance,FR,newsguard_validated,
UCQ1Ll1ylCg8U19AhNl-NoTg,0,,,DORSET EYE,GB,newsguard_validated,
UCQ5zk0KOXaq1E6MH38DPKqQ,0,,,The Tennessee Holler,US,newsguard_validated,
UCQ6RtwFR0XV2yZFhRj8JZfA,0,,,WCHS-TV,US,newsguard_validated,
UCQAUoXXSGHSntpTPvWwvXbg,0,,,NEWS CENTER Maine,US,newsguard_validated,
UCQCFcNApM3iB7K_wNwHW4ow,0,,,Le Nouvelliste,,newsguard_validated,
UCQDfRsrAVbkMZdh9dbAqk2w,0,,,Chatelaine Magazine,CA,newsguard_validated,
UCQGLiqGUZeeOjhcLE2-2NDA,0,,,WomensHealthgov,US,newsguard_validated,
UCQGqiGhMjc_p4lZEhSTb12g,0,Q120979051,mass media|news media|news website|newspaper|online newspaper,NIUS,DE,newsguard_validated,
UCQIHJHAiV8z8mhrhoBBeDHQ,0,,,La Luce di Maria,IT,newsguard_validated,
UCQJPxrGTja4zg3nkZT1XWXw,0,,,Loudoun Times-Mirror,US,newsguard_validated,
UCQKNxy6a6NKRLVNqS_1b40w,0,,,ABC57News,US,newsguard_validated,
UCQKvAIzKgMj2-WeAUJU796g,0,,,WEAU 13 News,US,newsguard_validated,
UCQLRK5wiWGmzp4dnFt0arwA,0,Q1964077,mass media|news media|news website|newspaper|online newspaper,PinkNews,GB,newsguard_validated,
UCQLRf_oCuWb84zh-qkDu5Ow,0,,,El Diario NY,US,newsguard_validated,
UCQPYXZFOOKQXv10gFn4EQeg,0,,,Gwinnett Daily Post,,newsguard_validated,
UCQQ5t1A3aIvGFe1QVHIjwOg,0,Q60788517,media company|newspaper,iPolitics,CA,newsguard_validated,
UCQR-CjuC4to9U89OcDvcluQ,0,,,Aachener Zeitung,,newsguard_validated,
UCQVhgOxzt5W1fZhOd0l2E6g,0,Q100976339,mass media|news media|news program|television channel,The First,US,newsguard_validated,
UCQXS1j_UgV29Wm5k3lZYYUQ,0,,,Mid-Michigan now on FOX66 & NBC25,US,newsguard_validated,
UCQaDjAIpg-pd44ats-HXCyA,0,Q7948020,television station,WCPO 9,US,newsguard_validated,
UCQaEL2cqvySMoNT7223LXrg,0,Q3601243,mass media|media company|news agency|news media,askanews,IT,newsguard_validated,
UCQcJBvpY1i6jGAJvzKfv7Lg,0,,,Beppe Grillo,,newsguard_validated,
UCQceVC65hO4tDkvYC9NoBPQ,0,,,Caixin Global,,newsguard_validated,
UCQd5LYcykaFeZtjDaP3bNSA,0,Q1810082,magazine|mass media|news magazine|news media,Le Point,FR,newsguard_validated,
UCQgwbKxBsFc7F9lfn4AKRBw,0,,,LiveSiciliaTV SiciliaReportTV,,newsguard_validated,
UCQiXf9oItEim9UC4RtbuGSA,0,,,Crux Now Media,US,newsguard_validated,
UCQl8qVCzNap_vXPuzzHynQA,0,,,Westfalen-Blatt,DE,newsguard_validated,
UCQmn6LaFSd2E1wRb0DBEOVg,0,,,TransitionTV,CH,newsguard_validated,
UCQrgetn1CTBp3aa3xzbeXJw,0,,,Yale Medicine,US,newsguard_validated,
UCQs8vRp-3DR_XwhxJE19jxA,0,Q6325247,television station,KARK 4 News,US,newsguard_validated,
UCQv44qD9R5Ae6Z3iUeZm7iQ,0,Q3191396,television station,ABC 10 News,United States,newsguard_validated,
UCQyJnw3wi6TA9uiU78981lQ,0,,,WITN-TV,,newsguard_validated,
UCQyYG_LCuvVvlJ1v0a5O3KA,0,,,Great Falls Tribune,,newsguard_validated,
UCQzWj23Ry36IT0fov07J1Ig,0,,,NewNotizie.it,IT,newsguard_validated,
UCR-F95JiexYqYYQkHt35FQg,0,,,ilCrotoneseTv,IT,newsguard_validated,
UCR0fZh5SBxxMNYdg0VzRFkg,0,,,Middle East Eye,GB,newsguard_validated,
UCR1NGVcmNk1q9dPhCuNylvg,0,,,QuotidianoSanità,,newsguard_validated,
UCR4if3TFE8RvtFf-HFlMu9w,0,,,Giant Freakin Robot,US,newsguard_validated,
UCR6lqoJ_kSnwK0qaW-dobYg,0,,,Charlotte Stories,US,newsguard_validated,
UCR7ogtXj2xQqCsNAsrF35Jw,0,,,The Herald News,,newsguard_validated,
UCRA3BtKXNdKNl0mG_hkeVYg,0,,,The Pulse,,newsguard_validated,
UCRBzU2pVZwxvqiUm25u2XGQ,0,,,The Daily Memphian,US,newsguard_validated,
UCRDvr6eCqkvN8SoZLGc_PGQ,0,,,PoliticusUSA,,newsguard_validated,
UCRG85wzvd1a9RJhbhwkGKeA,0,Q85775305,magazine|mass media|news media|news website,LGBTQ Nation,US,newsguard_validated,
UCRHZlzdZGd_eD17SgoZRprQ,0,,,Government Executive,,newsguard_validated,
UCRJyQK_dVyFWN6iT8z9fHXw,0,,,Science Daily (CBSE Board),IN,newsguard_validated,
UCRKnjXDfN1zYA8uPspnlr9w,0,,,Gatestone Institute,US,newsguard_validated,
UCRLNRSx6pRE0u4HXBURN56Q,0,,,KKCO 11 News,,newsguard_validated,
UCRM06-JFEqr5Q_a-oQBVlrg,0,,,WAFB,US,newsguard_validated,
UCRMd9BehOKpky3nZQ0xe8iw,0,,,Oltre Tv,IT,newsguard_validated,
UCRNPdAfK5Mp8ORtjUt3Q8UA,0,,,The Moscow Times,NL,newsguard_validated,
UCRNf0_t4Qo5eojj8sSvd_8A,0,Q7952652,television station,13WMAZ,US,newsguard_validated,
UCRPUUioeCNihoTgXrGK7KOg,0,,,womensagenda,,newsguard_validated,
UCRROHNHB3JN8JxKST9xl_og,0,,,The London Free Press,,newsguard_validated,
UCRVdFy0DLWhIApG8LWDzV1w,0,,,National Cancer Institute,US,newsguard_validated,
UCRXiA3h1no_PFkb1JCP0yMA,0,Q154008,magazine|mass media,Vogue,US,newsguard_validated,
UCRZ5e533NttX2cqtHarU40Q,0,,,Duffel Blog,US,newsguard_validated,
UCR_4ULlVeCtzmEGkqPCr6Pg,0,,,madison.com,US,newsguard_validated,
UCR_yFIM1OFEDEBs2QvdYpHw,0,,,isNews,IT,newsguard_validated,
UCRcNI4bLa8Njwuo3OTmxZjA,0,,,"Clark Howard: Save More, Spend Less",US,newsguard_validated,
UCRhADYLTpsb0JA-uaLWovGw,0,,,PCMag,US,newsguard_validated,
UCRiLlth5A0HyW8Zixp9BItg,0,,,L'Est éclair,FR,newsguard_validated,
UCRk0n_OL18Pt4zJC6CMxzGQ,0,,,ELTERN,DE,newsguard_validated,
UCRkT03yA1sf1lqHvBOz6UvQ,0,,,TheNatlInterest,,newsguard_validated,
UCRlWXcripH3oV_v6uSb9ASw,0,,,WQAD News 8,US,newsguard_validated,
UCRm6hThK5ksUGZbFCwiXSPg,0,,,Adams MultiMedia,,newsguard_validated,
UCRn7SebvQ6P_LDwjLxKegng,0,,,News Channel 3-12,US,newsguard_validated,
UCRqBu-grVX1p97WaX4d-OuQ,0,,,Cointelegraph,US,newsguard_validated,
UCRwA1NUcUnwsly35ikGhp0A,0,,,Noticias Telemundo,US,newsguard_validated,
UCRzPUBhXUZHclB7B5bURFXw,0,Q55610449,media company,Eater,US,newsguard_validated,
UCS-fGL8WgWGM1KCVj3_nJgQ,0,,,larepubliqueducentre,,newsguard_validated,
UCS0P18FM3wfcKIS7Asy6cUQ,0,,,BBC Science Focus Magazine,GB,newsguard_validated,
UCS5gJZ-_6k3e26hG7H4t3vA,0,,,BlackPressUSA TV,US,newsguard_validated,
UCS8HCGPlY_hY_jikxPuHA2A,0,,,centrepresse,,newsguard_validated,
UCS8ijwbihAxO9grbNnBT09g,0,,,Wapa TV,PR,newsguard_validated,
UCSAEKsuh_gwX_MmpRjLhdMw,0,,,Chicago Reader,US,newsguard_validated,
UCSCsaF0Zo8Ygj1DcXwyYlqw,0,,,WNCT-TV 9 On Your Side,,newsguard_validated,
UCSDLVU18_B695NFSU1TTZTg,0,,,America Noticias USA,US,newsguard_validated,
UCSE4iEN_KYA95j9IrYu5VhA,0,,,WorldHealthNet TV,,newsguard_validated,
UCSFLs1nwzqSC3Tq6cXhJkLg,0,,,WTHR,US,newsguard_validated,
UCSGVJcBmNMBUOfTR7pKvh7g,0,,,SettingBrushfires,,newsguard_validated,
UCSGeXKPLsXkSCIwaG2cCjLA,0,,,Oklahoma's Own,US,newsguard_validated,
UCSGtxy9XIKOKm9d3sziHWFw,0,,,The Nightly,AU,newsguard_validated,
UCSHniQM4Radvx08gv5trmaw,0,,,The Narwhal,CA,newsguard_validated,
UCSJRDzJ52ddHSi8dK2Zna4A,0,,,6262.com.ua - Сайт города Славянска,UA,newsguard_validated,
UCSKSlBrclINtzZjZjchSDFA,0,Q55667867,newspaper,Flathead Beacon,United States,newsguard_validated,
UCSKdvgqdnj72_SLggp7BDTg,0,,,Brut,FR,newsguard_validated,
UCSNQgUEOzIXang6raDH-o4g,0,,,healthcentral,,newsguard_validated,
UCSRI7u5JzZA3CXzjG6NW9QQ,0,,,giornaleladige,,newsguard_validated,
UCSU_obGvO2IOIh_DedvI2nA,0,,,FanSided,US,newsguard_validated,
UCSUisuyxfH1OoPCV_6qIuMw,0,,,t3n Magazin,DE,newsguard_validated,
UCSW6ZYH3sxiTjHru79ZAZ1w,0,,,Contre Info,,newsguard_validated,
UCSWoppsVL0TLxFQ2qP_DLqQ,0,,,NBCLA,US,newsguard_validated,
UCSXG1Lj63VQJ2ywVytG2WwA,0,,,Above the Law,,newsguard_validated,
UCSXcrwi_clXm_mRJ2ev6bjw,0,,,WBNG 12 News,US,newsguard_validated,
UCSXgUmlgeY_kLs8A6ZdhUUQ,0,,,Top 20 Radio TV,,newsguard_validated,
UCSY2ZAsVM4pAIo9PqMT_rHg,0,Q7951962,television station,WKTV NEWSChannel2,US,newsguard_validated,
UCSYSGpdAqzFYUntWQ2AhDmg,0,,,phoenixnewtimes,,newsguard_validated,
UCSa8Sj304KA9u9FNGLcFlKw,0,,,fosters08,,newsguard_validated,
UCSejq78rFVQCfwDaE5Y7QRg,0,,,Nuovo Quotidiano di Puglia,IT,newsguard_validated,
UCSfC3ozxDs8aOVDaMnaUAQA,0,,,Durango Herald,US,newsguard_validated,
UCSiCrwaVPZU6HGRtEecw3tg,0,,,AframNews,,newsguard_validated,
UCSiPxs9FuvvIu-jyuCfte-A,0,,,Crossmap,US,newsguard_validated,
UCSjTdgNgUW7VNfemabYV3Kg,0,,,Friends of Science,CA,newsguard_validated,
UCSk6rT5E7shsFyz4ZHZsFww,0,,,Pune Media,IN,newsguard_validated,
UCSmOl7Hau-YX2VKfz1CMAZQ,0,,,Current Affairs,US,newsguard_validated,
UCSoAZhsSeqGUCe9BLHeM2Mw,0,,,WDBJ7,US,newsguard_validated,
UCSq3p5NKEtyp5Rjd4ctiEbg,0,Q85805244,mass media|news media,Task & Purpose,US,newsguard_validated,
UCSsIt2lhYlA-dRwk6UqlPBQ,0,,,KMTR NBC 16,,newsguard_validated,
UCStCUMvCw067Nw5uSlbyDsw,0,,,THV11,US,newsguard_validated,
UCSu7Jg4YV70GOzXMPA0K8MA,0,,,KSNT News,US,newsguard_validated,
UCSvKmVKTTcJt2EVJe3YWTIw,0,,,Are Media,,newsguard_validated,
UCSv_2zkF75tFcLJg7GDCfiQ,0,,,SauerlandKurier,,newsguard_validated,
UCSwkELX52qCd-72ubE3lAcw,0,,,Popular Science,US,newsguard_validated,
UCSx3UZMZ_f0-UVYPKUAi2OA,0,,,heraldandreview,US,newsguard_validated,
UCSxGl018_6rcWINNzDMZGww,0,,,TucsonSentinel.com,US,newsguard_validated,
UCT2FAPpgWOGGXtpheDT6jkQ,0,,,CBS Austin,US,newsguard_validated,
UCT350j4u6alUKyF9eu2bGug,0,Q6341618,television station,ABC10,US,newsguard_validated,
UCT4SQRwyNdFLSbXWyXgz1VA,0,,,Il Gazzettino,IT,newsguard_validated,
UCT67SxyfXMU437meyfu0gEg,0,,,Pensacola News Journal,,newsguard_validated,
UCT83YP07yVuaH9J19YABhlw,0,,,Ringer NBA,US,newsguard_validated,
UCTAgbu2l6_rBKdbTvEodEDw,0,,,Nerdist,US,newsguard_validated,
UCTBoLbNHpIQON97OWgFazfw,0,,,BayStateBanner,,newsguard_validated,
UCTCP5zyCg-_AhmBTyoAOEGg,0,,,Star Local Media,,newsguard_validated,
UCTDTSx8kbxGECZJxOa9mIKA,0,,,Greenpeace International,NL,newsguard_validated,
UCTJAMS960ufNIk4tlZK0W-g,0,,,AtlanticoFr,,newsguard_validated,
UCTJpOvxKtQU59WU6uHjlnBA,0,Q13426865,newspaper,New Jersey Herald,United States,newsguard_validated,
UCTKsvixiVKpSXWBBO4y33iA,0,,,Journal L'Indépendant,FR,newsguard_validated,
UCTPAHk1b-h-WGQn9cfGlw2Q,0,,,NDR Doku,DE,newsguard_validated,
UCTUMHSvELAS0K8jDOcmsIOA,0,,,Nanaimo NewsNow,,newsguard_validated,
UCTUXh3eCd2AMk2iuEyUGhRw,0,,,Medizin Heute,,newsguard_validated,
UCTWm3nwRTFpGsPCM-yPsQnA,0,,,We Are The Mighty,US,newsguard_validated,
UCTXP3dLNxxw2tm1XBhyFhkg,0,,,Chico Enterprise-Record,,newsguard_validated,
UCT_4WU8E1pBrb-CnNE5w4vA,0,,,CRUSADER NEWSPAPER GROUP,US,newsguard_validated,
UCT_Fj6Sbb2Kqm_kWubBdjpA,0,,,Daily Press,,newsguard_validated,
UCT_x7Z1bIsuCPZ1hxPawG9g,0,Q6330347,television station,Action News Now,US,newsguard_validated,
UCTa1bPArjpvNMgSHAb_pflA,0,Q3410428,mass media|television channel|television station,Public Sénat,FR,newsguard_validated,
UCTaVAYaqEV3k6ZxIAP77-jQ,0,,,NBC10 Boston,US,newsguard_validated,
UCTazgQg-pDrfSkQQzV_NT-w,0,,,Mittelbayerische,DE,newsguard_validated,
UCTbhS5-KTEKzBh-eqeU5vAw,0,,,WKBN27,,newsguard_validated,
UCTcCX_XY4l-W2ba5IxIRhsg,0,,,TPM TV [Archive],,newsguard_validated,
UCTdvpZLANeVfpckUBQD7lCQ,0,,,The Christian Science Monitor,US,newsguard_validated,
UCTeIExuCJH6gWHhxsjJpBOA,0,,,St. Cloud Times,,newsguard_validated,
UCTg5h_Mw5LtOYqtGqTVsj1g,0,,,ABC 7 Amarillo,US,newsguard_validated,
UCThB_VIkita-EXAXGBX1wBw,0,,,giornalettismo,,newsguard_validated,
UCTiLjkG2u7YfcFCXib7zNWw,0,,,Racket News,US,newsguard_validated,
UCTi_GzaQExDpGXqA9PSaVFQ,0,,,Home remedies and natural treatments,US,newsguard_validated,
UCTj_Xv-2yw52Cm8Bl3LZq2w,0,,,WTEN,,newsguard_validated,
UCTluqhoNRuIYk4b-3pxCF3Q,0,,,"WAVE News -  Louisville, KY",US,newsguard_validated,
UCTnsIW_melVWGQC_dxQh45g,0,,,RAND,US,newsguard_validated,
UCToRbRJeOAIvBpQw2inQ1JA,0,,,AAFA National,US,newsguard_validated,
UCTo_GrhRsASw22tOpwXfEaQ,0,Q109733894,mass media|media company|news agency|news media|news website,McClatchy Washington Bureau,US,newsguard_validated,
UCTpmmkp1E4nmZqWPS-dl5bg,0,Q28403687,magazine|mass media,Quanta Magazine,US,newsguard_validated,
UCTrQ7HXWRRxr7OsOtodr2_w,0,Q3707372,mass media|news media|news program,Channel 4 News,GB,newsguard_validated,
UCTs130yeqZjTRDyjMfMD3hQ,0,,,Informed Consent Action Network,US,newsguard_validated,
UCTsd-viLbo4eBnU8DAi7kaA,0,,,Agenzia di stampa Dire,,newsguard_validated,
UCTvVWTFr6kFVr_-Awrbo6Ng,0,,,Reading Eagle,US,newsguard_validated,
UCTvZcgH_rsvaGuZ8mU5jpnA,0,,,WHAS11,US,newsguard_validated,
UCTy2NLUSJoaFbKsflrvteag,0,,,InspireMore,US,newsguard_validated,
UCTymPXYJ-O-l2JcHc5_SmRg,0,,,Gazzetta di Parma,IT,newsguard_validated,
UCTzyhRW8LDZiKBIXfYU7dIQ,0,,,KBZK Bozeman MT News,,newsguard_validated,
UCU-FMBZNtCdSiYBgJdvJmXw,0,,,DailyClout,US,newsguard_validated,
UCU02OL24DJtTE9cugSOIXXw,0,,,Nashville Post,US,newsguard_validated,
UCU0gH_2OS4jPl2-_6HvNUJQ,0,,,KamloopsBCNow,CA,newsguard_validated,
UCU1X8djHUHB9ergqhrWvFxA,0,,,Schwäbische Post / Gmünder Tagespost,DE,newsguard_validated,
UCU6-MNQReCwVaIaio5qnldQ,0,,,Santa Cruz Sentinel,,newsguard_validated,
UCU8Yu4WZJ11Il3TZmNiMUFQ,0,,,Caitlin Johnstone,AU,newsguard_validated,
UCUBWCthNWS-Zz-wCqs--Fwg,0,Q1324423,newspaper,el Nuevo Herald,US,newsguard_validated,
UCUC9OT81zNqq8Wlr2aJY1cg,0,,,Qactus: l'informateur.,,newsguard_validated,
UCUCUuzl5_Y0bjVqSNIMbfxg,0,,,Tiroler Tageszeitung,,newsguard_validated,
UCUCpFb2brvP_0OHtYJYOmAQ,0,,,FIT FOR FUN,DE,newsguard_validated,
UCUDa2TqrTg7ZCRv55CYFoOg,0,,,Hartford Courant,,newsguard_validated,
UCUDqXS3OZRSbnJuc7bpfgog,0,,,Gospel News Network,,newsguard_validated,
UCUF2Yxt2ufMhtFtS_YqOPdg,0,,,Middle America News,US,newsguard_validated,
UCUGVzSGtUTXv_5nC82aec8Q,0,,,HowToDiscuss,IE,newsguard_validated,
UCUJSvh3JiEHR_I0leff1Diw,0,,,Chronicle of Higher Education,,newsguard_validated,
UCUKhN86evLc6dnFDyvyYXSQ,0,,,Fox10Phoenix,,newsguard_validated,
UCUKyRkZuMdNv87E8xbObN4g,0,,,KSL News Utah,US,newsguard_validated,
UCUM0EMVw0nyynzUvwzO4vxQ,0,,,One More Question,US,newsguard_validated,
UCUMZ7gohGI9HcU9VNsr2FJQ,0,,,Bloomberg Originals,US,newsguard_validated,
UCUMnQRRdBzJCHrc-Wmn8R4A,0,,,Infovac Swiss,CH,newsguard_validated,
UCUPLre1l3r9Y17BE55KuUTA,0,,,SFGate,,newsguard_validated,
UCUPT7FpjfP52jZl_Cm8Jwqg,0,,,VP Archiv,DE,newsguard_validated,
UCUPU09hfdemclhLeO_ecgnA,0,,,NBC 7 San Diego,US,newsguard_validated,
UCUQx9Ua3trdr-XiN2aB9KVQ,0,Q139942590,mass media|news media|news website|newspaper|online newspaper,Notizie.it,IT,newsguard_validated,
UCUR07V-pwrUw7LK9azom2zg,0,,,Marie Claire France,,newsguard_validated,
UCUUWDzrkuEztzddaW_sgQbA,0,,,NJ.com,US,newsguard_validated,
UCUX5rsg-1TtLHp7WfaRsLLw,0,,,Laredo Morning Times,,newsguard_validated,
UCUXOJo6iWjby3wUEyw87aUQ,0,,,Patient,GB,newsguard_validated,
UCUY3H6XqIe1-qrEKEm-_XQw,0,,,Cronache Picene,IT,newsguard_validated,
UCUZWZQEw0N0NYi2gYmrgsWw,0,,,KTIV News 4,US,newsguard_validated,
UCU_s7vuAI3GGAJgOvXC6W3w,0,,,WSBT-TV,US,newsguard_validated,
UCUb3sNHLtFL6LeJ0PFip-LA,0,,,WESER-KURIER,DE,newsguard_validated,
UCUbbG3HQeGH6w05-_z9gVqg,0,,,Nastri Perduti,IT,newsguard_validated,
UCUdJJdAiiHj4Q2awLDXRnZQ,0,,,WFHN FUN 107 FM,US,newsguard_validated,
UCUdmmvN3uwTsrdpyAlSaAXA,0,,,NBC 10 WJAR,US,newsguard_validated,
UCUf82Ok5OBZW4tcaakoAA4Q,0,,,Mid-Valley Media Group,,newsguard_validated,
UCUgrUBKwSnXwQOBG4v3igMg,0,Q1136,mass media|news media|news website,Reddit,US,newsguard_validated,
UCUhNGlPVZj9xE1-3-lQevtA,0,,,Petoskey News-Review,,newsguard_validated,
UCUknL1K-YGAa5sIss9t0_ug,0,,,KOAA 5,US,newsguard_validated,
UCUlu-lrertnjTW2WE3s_NXw,0,,,LittleThings,US,newsguard_validated,
UCUplDvA1BR9qRXUsOlI4QEw,0,,,Abendblatt-TV,DE,newsguard_validated,
UCUwUOqNKpih36zQiLV6s72g,0,,,Rockford Register Star,US,newsguard_validated,
UCUwuFmskHDXp5e8Dj6uv5bw,0,,,La Manche Libre,FR,newsguard_validated,
UCUx2xAViYolMLCQAC8vgYvw,0,,,CBS 13 News,US,newsguard_validated,
UCV3EOwREd2PaqnISpumoTwg,0,,,ClutchPoints,US,newsguard_validated,
UCV5KKRYpertUH3kf6muXOyA,0,,,PsyPost,US,newsguard_validated,
UCV85pBXQRwdv5LTgGt_Xt4g,0,,,Cochrane,GB,newsguard_validated,
UCV8mxYCe-Tauwd09rS9cOVg,0,,,WHNT News 19,US,newsguard_validated,
UCVAyN_3mT8uRNfOrrdS9yVQ,0,,,Byline Times,,newsguard_validated,
UCVBmhZPjBx0DsvQKQYYDGxw,0,,,KSTP 5 Eyewitness News,US,newsguard_validated,
UCVC0Twa673bTj_Mc0VsQROA,0,,,Truth and Action,,newsguard_validated,
UCVD3c6_FJ54pPTAhA6I47Ew,0,,,WTOC,US,newsguard_validated,
UCVDyz74yUND883CGnx97rCA,0,,,KQ2,US,newsguard_validated,
UCVFINejyJAFibhnXEw5Xfow,0,,,Freilich Magazin,,newsguard_validated,
UCVFSHajjGQ6VWtQxTZl2rjw,0,,,DIVOCHE MEDIA,UA,newsguard_validated,
UCVFzTp7G5tQjlKv9NHWGJLQ,0,,,100 Giorni da Leoni,IT,newsguard_validated,
UCVG72F2Q5yCmLQfctNK6M2A,0,Q124695497,mass media|media company|news media|news website,Zeteo,US,newsguard_validated,
UCVHTypjbrXH-maZaIkwweJA,0,,,KSDK News,US,newsguard_validated,
UCVIhTTJZfGRWUqr_Z9pP-WQ,0,,,gal-dem magazine,GB,newsguard_validated,
UCVKAcQQCO8vv87Gk62SutAg,0,,,CityNews,CA,newsguard_validated,
UCVKYCeuR3OyO-M2rfUXHDyg,0,,,KTVB,US,newsguard_validated,
UCVN6fAK64RT-9AVHHOfwCTw,0,,,Forbes Afrique,FR,newsguard_validated,
UCVNbnHykyt0j1jB5_TePm9g,0,,,MetroNews Television,US,newsguard_validated,
UCVQcOvt0I61Xgew_EtlYSXA,0,,,American Liver Foundation,,newsguard_validated,
UCVS3w5Kf99i8qayBk4crbwQ,0,,,Перший Криворізький,UA,newsguard_validated,
UCVS9tA3PI8Gard_LrTx0YsQ,0,Q1083295,mass media|news media|news website,Kotaku,United States,newsguard_validated,
UCVSKAAIMVle0gZswkfys5jw,0,,,Breaking Defense,US,newsguard_validated,
UCVSNOxehfALut52NbkfRBaA,0,Q228389,mass media|news media|news website|newspaper|online newspaper|radio station,Voice of America,US,newsguard_validated,
UCVTDqKGUUvbmaVzyFwGqZYg,0,,,WDRB+WAVE,US,newsguard_validated,
UCVWQWc8PXy6Itt7YNrivOYw,0,,,KRON 4,US,newsguard_validated,
UCVWz7VUp9PtgUes838TJpAw,0,,,Tom's Hardware,US,newsguard_validated,
UCVaXclURQZlakiTMzuwHvRw,0,,,News 19 WLTX,US,newsguard_validated,
UCVg0ul_tJm6uNvTmZxEtXJA,0,,,KCRG-TV9: Your Trusted Local News Source,US,newsguard_validated,
UCVhrL0iR-rLU2i4eNsNDE-g,0,,,Thinking Humanity (Official Channel),,newsguard_validated,
UCVhtkN7-c8mA8GXEoxS4YQw,0,Q766453,television station,KTVU FOX 2 San Francisco,US,newsguard_validated,
UCVilnWqy31hN6Dz9VWeqt1A,0,,,têtu·,FR,newsguard_validated,
UCVktouHaRNKwaNWnW55oR2A,0,,,Onthe Wight,,newsguard_validated,
UCVlBwPjw5MSwZ0wlx_vnDzg,0,,,The Blade,US,newsguard_validated,
UCVoT8fZqVM44z6huWSaxUIQ,0,,,National Geographic UK,GB,newsguard_validated,
UCVt3STOc1XNEWOIWYW0UKaA,0,,,The Fullerton Informer,US,newsguard_validated,
UCVuR4hBxX3zWY_xUCZeIc3A,0,,,Schweizer Radio und Fernsehen,CH,newsguard_validated,
UCVuU6CezHTOpADgcLZ-tZhw,0,,,The Roanoke Times | roanoke.com,,newsguard_validated,
UCVuukPX1DxMpdIfnBQXY0Cg,0,,,CoastTV,US,newsguard_validated,
UCVv35ajcEvw70a-y2sO65Uw,0,,,The Santa Clarita Valley Signal,US,newsguard_validated,
UCVxBA3Cbu3pm8w8gEIoMEog,0,,,ABC7,,newsguard_validated,
UCVxZlxikHMY8LzspzinH1ww,0,Q549578,magazine|mass media,Us Weekly,US,newsguard_validated,
UCVyAsVeqlxMftIT2fWiW-bA,0,,,VIDAL,FR,newsguard_validated,
UCVykXnNvvMNLM6q0l7V4ivA,0,Q22080989,mass media|news media|news website,The Inquisitr,,newsguard_validated,
UCW3Vc0gEOccJrQC-a25nGdg,0,,,WSMV 4 Nashville,US,newsguard_validated,
UCW3z5_nwxjt0I_olVsTCE_w,0,Q3564603,mass media|radio station,WAMU 88.5,United States,newsguard_validated,
UCW6-L3blh3AwRQcJRQ7z45g,0,,,Alberto Capece Minutolo,,newsguard_validated,
UCW73W9oiwkf-04JVFx7b3kw,0,,,Il Mamilio Territorio,IT,newsguard_validated,
UCWAsWgFVqxDzwExfOdYjAcg,0,Q7956049,television station,WTAE-TV Pittsburgh,United States,newsguard_validated,
UCWE58e_BbmBgE8h-oskutQA,0,,,Toronto Star,CA,newsguard_validated,
UCWElIIlFx2JiyI9UVrbrEcw,0,Q7949690,television station,Atlanta News First ,US,newsguard_validated,
UCWEoMzkjAD7zYIvhYp30pJQ,0,,,StrettoWebTV,IT,newsguard_validated,
UCWKAIWmrHBsxrBsl6Fe7iUg,0,,,idowa,DE,newsguard_validated,
UCWLoKFk_B5Fc3qUEmITTWAA,0,,,Extinction Rebellion Global,,newsguard_validated,
UCWMKHOsUikVi6IooJH-779w,0,,,TechGhuri Tutorials,,newsguard_validated,
UCWNMoK_ObamVi0g-PtoWv1A,0,,,TOSCANAMEDIA,IT,newsguard_validated,
UCWP0MY0lCvieuKeyegV1p-A,0,,,The Gaston Gazette,,newsguard_validated,
UCWTIjDDDwtyFrtkjl95ryuQ,0,,,The Daily Reflector,US,newsguard_validated,
UCWTX-mz28FLGF_8y1583THw,0,,,Defense News,US,newsguard_validated,
UCWTkpYvniGIUe1jeCncFzKw,0,,,KMBC 9,US,newsguard_validated,
UCWVfh--GZZ92dXHVFdnWmZA,0,,,Police & Réalités,,newsguard_validated,
UCWZ6ll839N3RC2J5Uqlxg9g,0,,,WQOW News 18,US,newsguard_validated,
UCWZjh2DkTCD5hU9qCbDaZ9A,0,,,Dayton Daily News,US,newsguard_validated,
UCWZsfUsNChCrEkP9oXovlrQ,0,,,The Courier & Press,US,newsguard_validated,
UCWZws0g-L1u9T6EhDqz4UPg,0,,,ETFcom,US,newsguard_validated,
UCW_nRxk3SMJ-II-I3_4TuAQ,0,,,KESQ News Channel 3 & CBS Local 2,,newsguard_validated,
UCWaSnCxBPg6OuC_3EbdCeMg,0,,,Now The End Begins,US,newsguard_validated,
UCWckf0mR2VES5u5ErjuHgzg,0,Q22676655,mass media|news media|news website|newspaper|online newspaper,RedaktionsNetzwerk Deutschland (RND),DE,newsguard_validated,
UCWcnKstHnfGQZ0-Jt_iOFEQ,0,,,Corriere Romagna,IT,newsguard_validated,
UCWmlNV4T2GQdNz6UTF4RJ2g,0,,,The State Journal-Register,,newsguard_validated,
UCWo4IA01TXzBeGJJKWHOG9g,0,,,Harvard Business Review,US,newsguard_validated,
UCWq53_f3zgMcWuE-XFKSpyQ,0,,,Bearing Arms' Cam & Co,US,newsguard_validated,
UCWq564ONoREJprMNhewS6Sw,0,Q16823702,mass media|media company|news agency|news media,Newshub,NZ,newsguard_validated,
UCWs71f-4vLO2T19Jp0OG--g,0,,,NBC Connecticut,US,newsguard_validated,
UCWvLrrkDl8IHkamOq0BOKEA,0,,,U.S. Chamber of Commerce,US,newsguard_validated,
UCWw-nlUjdUD_KZQqZyQnhTw,0,,,Merced Sun-Star,US,newsguard_validated,
UCX-7YWAOdZ6P6tPRXeEs49A,0,,,The Herald,US,newsguard_validated,
UCX3C9o7LVBDrdH61PHjt5fg,0,,,GVS NEWS,,newsguard_validated,
UCX8Bc5UVv3Sgkxlb0nWvYKg,0,,,Inventiva Magazine,IN,newsguard_validated,
UCX8Mxrilgd_scmtQUo77CUA,0,,,Atlanta Journal-Constitution,US,newsguard_validated,
UCX8nnJVyHfSunP3DeC8r49Q,0,,,American Lyme Disease Foundation,,newsguard_validated,
UCXCwBdOYojQbFnm8MbhA8BQ,0,,,Healio,,newsguard_validated,
UCXGkxrpMCsyPLXf0sSiUdiQ,0,,,IndyStar,US,newsguard_validated,
UCXHZkk84LkX7pdsagGCA-eQ,0,,,cantonrep,US,newsguard_validated,
UCXINEl9WIFGzddQG4NJN9mQ,0,Q6337868,television station,KSLA News 12,US,newsguard_validated,
UCXIwkpinxmM8vFBd39J-4fA,0,,,LKZchannel,,newsguard_validated,
UCXJBRgiZRZvfilIGQ4wN5CQ,0,Q157948,newspaper,JUNGE FREIHEIT,DE,newsguard_validated,
UCXKJrYczY2_fJEZgFPGY0HQ,0,Q3083542,mass media|television channel|television station,CNEWS,FR,newsguard_validated,
UCXN7rPhZK6Rp8lMhvpSri_Q,0,,,KOIN 6,US,newsguard_validated,
UCXOE3YlluOUu_-5DdUUbAtw,0,,,WSOCTV9,US,newsguard_validated,
UCXVo6vq5oYr3Ga0kVHekZcQ,0,,,TheRevolutionReport w/ Donald Courter,US,newsguard_validated,
UCXXWh7wQAmi751M1X_ggQkA,0,Q359875,mass media|media company|news agency|news media,Adnkronos,IT,newsguard_validated,
UCXZ6p1wXnSKGn8CTmvtiLhA,0,,,WEHCO Media,,newsguard_validated,
UCXaAQjpZZQiR3On_fqZivww,0,,,WNEPTV,,newsguard_validated,
UCXdOgiTcdHCpQOyDxgwHdDg,0,Q29573018,journalist|news presenter|podcaster|pundit,Liz Wheeler,US,newsguard_validated,
UCXezD8l3_YFKIYlH5jBxvjA,0,,,WBTV News - Charlotte,US,newsguard_validated,
UCXhAHm2n8LSAtyf6ATnoC2g,0,Q1079074,television station,CBN - The Christian Broadcasting Network,US,newsguard_validated,
UCXhq0B9ZfTkrQc6pfoAZgjQ,0,,,Herb,CA,newsguard_validated,
UCXiPS-hRRbycfMWkwM60ThQ,0,,,The Poynter Institute,US,newsguard_validated,
UCXj-vHGJpQwcVPuK9XgmFVw,0,,,Canberra Declaration,,newsguard_validated,
UCXlo0wXqyM_WgpmZdyNrXYA,0,,,NYT Wirecutter,US,newsguard_validated,
UCXmbJzoDFpSkvodIoBHND8A,0,Q116897289,mass media|news media,Casa del Sole TV,IT,newsguard_validated,
UCXmcj8EhSGOJZUXuQiz4Fsg,0,,,Ohga,IT,newsguard_validated,
UCXquXRqE7i9fwQyY62xVr7A,0,,,Chicago Defender Newspaper,US,newsguard_validated,
UCXruOvLVKrFpex6p9VK_Jag,0,,,TAG24 NEWS,DE,newsguard_validated,
UCXsWebNNA60NtF_yVJ65GgA,0,,,Canon City Daily Record,,newsguard_validated,
UCXujCfIQ1VHVz8XQHhhAgiQ,0,,,The News Movement,US,newsguard_validated,
UCXwDLMDV86ldKoFVc_g8P0g,0,Q517444,mass media|news media|news website|television channel|television station,BFMTV,FR,newsguard_validated,
UCXwRxm0zS0jBNTMOVI6xZJw,0,,,KHOU 11,US,newsguard_validated,
UCXxBiKNgFVPJ-mIih5KsFSQ,0,,,Defiant America,US,newsguard_validated,
UCXzue_qNwWSpx_jkNeGX87Q,0,,,Verlag DIE HARKE / J. Hoffmann GmbH & Co. KG,DE,newsguard_validated,
UCY2SF_zRGRo7AKULMlC_2cQ,0,,,Westfälischer Anzeiger,,newsguard_validated,
UCY5Exop4r_bHmarcB_7jLMQ,0,,,Military Times,US,newsguard_validated,
UCY7Iz6j2b2lbXnIOphdTxPw,0,,,Fabiosa Animated,US,newsguard_validated,
UCY7YK4vT3kJMyT2izB4A80A,0,,,Idaho News on Demand,US,newsguard_validated,
UCY9eEaH19ulZmdusctU1ejA,0,Q472870,magazine|mass media,Glamour,US,newsguard_validated,
UCYAUkxkaCWJm5yoaKvqpjMQ,0,Q1907714,journalist,luogocomune2,Italy,newsguard_validated,
UCYAZytUZaK2JivZw19CFLLw,0,,,Journal L'Express,CA,newsguard_validated,
UCYBhsckgYAQSLHTfY1bIEfQ,0,,,,,newsguard_validated,
UCYBvW57DuPrWwGdEe-BkMSg,0,,,aciprensa,,newsguard_validated,
UCYC4ijpFZY_CtdElWFyy-Gg,0,Q60497,magazine|mass media,Slate,US,newsguard_validated,
UCYC5hBwBcQ1WGJ0pFeMJBUQ,0,,,Jimmy Lydda,,newsguard_validated,
UCYE9o2tKjjrev3ZLNiJr5LQ,0,,,Evie Magazine,US,newsguard_validated,
UCYGnmkFGP4EgAOqu58JA_lg,0,,,Lifehacker,US,newsguard_validated,
UCYJWrdnTGVzMFB69nwTwu7A,0,,,Le Journal de Montréal,CA,newsguard_validated,
UCYKFs-dYqta5ONjwaIiYTsQ,0,,,KATU Lifestyle,US,newsguard_validated,
UCYLMzjjT6xoNYbQURhshv4A,0,,,PatchMedia,,newsguard_validated,
UCYMSeAvRuj5cSUZUeW72qlw,0,,,Northwell Health,US,newsguard_validated,
UCYMhbOjuO5z77XH7bfTdmKw,0,,,Alaska Public Media,US,newsguard_validated,
UCYNkLAftqsda2W3KKE6tvYg,0,,,tulsaworld,,newsguard_validated,
UCYOXvlQPjFxNmcDaO4NMv2A,0,,,WTHI-TV,US,newsguard_validated,
UCYSbittr6y1Q6o4UzhOQBig,0,,,hanizahhh,,newsguard_validated,
UCYUOdlg706siqd1fRsLtDSA,0,Q107244758,mass media|news media|news website,The Breach,CA,newsguard_validated,
UCYUbNjkuE4lsr2v1Id2O1oA,0,,,ABC7 News Bay Area,US,newsguard_validated,
UCYWszhaSHIf4_Sx2g4jNplA,0,,,Ora Zero,,newsguard_validated,
UCYXrteyY2pCqD73meusP1-A,0,,,Oxford VaccineGroup,,newsguard_validated,
UCYYitga2jfRCV11yl1Xo9Mw,0,,,The Tribune-Democrat,,newsguard_validated,
UCYZ7DVcdJqQI1bzwj4Z3cRQ,0,,,DONAUKURIER,DE,newsguard_validated,
UCYZpcYxa-2fXWg-jNJOL8Ww,0,Q138347575,mass media|news media|news website|newspaper|online newspaper,Money.it,IT,newsguard_validated,
UCY_2VeS5Q9_sMZRhtvF0c5Q,0,,,Gothamist,US,newsguard_validated,
UCY_sGiAswJNo8HQBOKme01g,0,,,21st Century Wire,US,newsguard_validated,
UCYa8E7rwWYH_Uqqw8s8ClsQ,0,,,Destin Log,,newsguard_validated,
UCYd5w1UQ01AQIopNooV-_pA,0,,,WDIV Local 4,,newsguard_validated,
UCYdS3JY8tBDlCzHSdKh6K4g,0,,,Mimikama,AT,newsguard_validated,
UCYdasX3ym3E5r1iozVllmzA,0,,,ThinkProgress,US,newsguard_validated,
UCYedMp8lKCCw9y0Qe3J9huQ,0,Q6340912,television station,KWTX News10,US,newsguard_validated,
UCYhnUX7t3jvAiTWFq1b3Zjw,0,,,Grand Forks Herald,,newsguard_validated,
UCYj2t05uU65UrlI1f0OGhlg,0,,,TG La7,,newsguard_validated,
UCYlPwe7ehuSd5d6ik3K_3lQ,0,,,Intergovernmental Panel on Climate Change (IPCC),,newsguard_validated,
UCYnOKDlwFF6HYlIc-DJuoiQ,0,,,WLOX-TV,,newsguard_validated,
UCYowQ40_crghcoM_Qq_lrzg,0,,,FALTER,AT,newsguard_validated,
UCYpKOmfVTghidcYZiv_xriA,0,,,The Vacaville Reporter,US,newsguard_validated,
UCYpRDnhk5H8h16jpS84uqsA,0,Q12461,mass media|news media|news website|newspaper|online newspaper,Le Monde,FR,newsguard_validated,
UCYpycoDf__f6HE4Ero9zCNw,0,,,TheWalrus,,newsguard_validated,
UCYrZwapYacDe22K2OqWAqHQ,0,,,QuarteringNews,US,newsguard_validated,
UCYvQOj-t4u5-QKGB3AuoLjw,0,Q678095,magazine|mass media|news media|news website|newspaper|online newspaper,Paris Match,FR,newsguard_validated,
UCYwGmxNOXJRTeVvW_Klj4cA,0,,,Qui Cosenza,SA,newsguard_validated,
UCYwwiIEeYgBr5IfPedBQF1g,0,,,My Modern Met,US,newsguard_validated,
UCYzTQnDYiDm-Y8NvAbHLuww,0,,,News-Press NOW,,newsguard_validated,
UCYzl0TNobVxqmeskwFD1MkQ,0,,,LeaderTelegram,,newsguard_validated,
UCZ1QIkfOF_TRxcyl9wV79Nw,0,,,PasseportSanté,,newsguard_validated,
UCZ3-odjeVhSeXthoIihZcFw,0,,,Los Angeles Daily News,,newsguard_validated,
UCZ3U7eFcoO2zDZrpJ8d63-w,0,,,LifeZette,US,newsguard_validated,
UCZ4OZ-SF_Dtw8xlVPavaiDw,0,,,19 News,US,newsguard_validated,
UCZ5pzDx9I-JD647xkJDYEXw,0,,,Wairarapa Times-Age,,newsguard_validated,
UCZEL_lFVOcFVlmjhguk0IxQ,0,Q77585415,magazine|mass media,them,US,newsguard_validated,
UCZGNFpDXfJm7EAAgVr_1fZA,0,,,Dinamo Press,,newsguard_validated,
UCZIC45VzdXrTVD9aRhqxcEg,0,,,KBTXNews3,,newsguard_validated,
UCZII2-pYouhc81JtJ9zShEw,0,,,WSPA 7News,,newsguard_validated,
UCZJJEGEW3Mri0ojXV-rVjVg,0,,,The Black Wall Street Times,US,newsguard_validated,
UCZJRpE5Snd7mq0_-F8FQDeg,0,,,Newsday,US,newsguard_validated,
UCZK14j2gmx8YHEWZ8uDk6UA,0,,,Sun Journal,US,newsguard_validated,
UCZMsvbAhhRblVGXmEXW8TSA,0,Q1959672,mass media|television channel|television station,WELT Nachrichtensender,DE,newsguard_validated,
UCZPMhoB13w1bi1g90m660HQ,0,,,inFranken,DE,newsguard_validated,
UCZQIPu6LfVfzEnJqDHpWamg,0,,,Radio Radio TV,IT,newsguard_validated,
UCZQMZRsfJv90KYd-DUvLcZw,0,,,Edizioni Riza,IT,newsguard_validated,
UCZW7rxzor_SN0wabU5M9QyQ,0,,,Honolulu Civil Beat,US,newsguard_validated,
UCZWyyo154jH3Cbvh-5V7B9A,0,,,3AW Melbourne,AU,newsguard_validated,
UCZZgI-HmGsPVw72jMnsNlAg,0,,,Alpha News,US,newsguard_validated,
UCZceliiH71OLw4t4HcvKKjw,0,,,UNICEF,,newsguard_validated,
UCZh6Vbw0XZkqjTMRSYDK8LQ,0,,,Hot_Temu_Finds,,newsguard_validated,
UCZhCc712aJSFGSRLzyakpLA,0,,,Scary Mommy,US,newsguard_validated,
UCZi-Yd5IQD0t_PrhzkYVANg,0,,,The New European,GB,newsguard_validated,
UCZikn6M4-ZWUaxS_vQ4ZFWg,0,,,The Play News,MT,newsguard_validated,
UCZisf1g8PBQK03JfsOMvG6A,0,,,FOX13 Memphis,US,newsguard_validated,
UCZj3_eWQ4f4oHm_x-wsxG7Q,0,Q1550315,newspaper,The Salt Lake Tribune,US,newsguard_validated,
UCZn6cOvEFEcysl3plFpWDxw,0,,,Public News Service,,newsguard_validated,
UCZnbZK8BNO9-JmY3vubuBhg,0,,,Pamela Geller,US,newsguard_validated,
UCZuFrqyZWfw_Zf0OnXWUXyQ,0,,,Bayerischer Rundfunk,DE,newsguard_validated,
UCZvW6RfaE36ErdF6JoFpTqw,0,,,RFD-TV,US,newsguard_validated,
UCZvZ0x94IKEjEB7yomwNOCQ,0,,,Fresno Bee,US,newsguard_validated,
UCZxnJTRtX2sS9lQTM1r8Ubg,0,,,The Spokesman-Review,US,newsguard_validated,
UCZy67OUMYggYSGDyYAviFUg,0,,,Vail Daily,US,newsguard_validated,
UCZyRvR4dum6SRvBVuez5_NQ,0,,,Cherokee Phoenix,US,newsguard_validated,
UC_-Nx1PWMDeN9Es554A6GbA,0,,,THE MONTANA STANDARD PHOTOS VIDEOS,,newsguard_validated,
UC_0RDXvWZPaveq0fcYZhE6A,0,,,NBC DFW,US,newsguard_validated,
UC_3d1NVczqxa-cQzFt2iVSw,0,,,ADDitude Magazine,US,newsguard_validated,
UC_4RzZnLw6a5fFnhjBqeEAA,0,,,Pride Magazine,,newsguard_validated,
UC_4bZpDvfH4z6bTF-7rb77w,0,,,The Commercial Appeal,,newsguard_validated,
UC_5rdSt3WedEe2dp9nx9cIw,0,,,The Incline,,newsguard_validated,
UC_7_4CgT4SgyrKQ34SyE2lA,0,,,Canada Action,,newsguard_validated,
UC_9Khl0Pu1jRFAP7ywJFJhQ,0,,,The Ithaca Journal,,newsguard_validated,
UC_9jpQhiQQsVDQEU7kd4xlg,0,,,Riverfront Times,US,newsguard_validated,
UC_B1lpgj2DH_wO8T1jJnSYA,0,,,FOX10 News,US,newsguard_validated,
UC_BDD4ZN36UB7VT2BTMTwYA,0,,,WWAY NEWS,US,newsguard_validated,
UC_ECSdck4XrH5DMGKkWqrTA,0,,,Law Enforcement Today Archives,,newsguard_validated,
UC_F0VcblFSD-Y0TnIjTBxXQ,0,,,Portsmouth News,,newsguard_validated,
UC_F1HSKrr8xFAoTah9oN0hg,0,,,Lacroix Despheres - Topic,,newsguard_validated,
UC_HWv3hkEpzITAbKFoyFRHg,0,,,Reno Gazette Journal,,newsguard_validated,
UC_MA1Umd5CLfvpF4motQcCw,0,,,Plymouth Live,GB,newsguard_validated,
UC_MDCOqhoyzCwWkYPTykNaQ,0,,,La Releve et La Peste,,newsguard_validated,
UC_N7u1MyhT8HbC0vy0f_OrA,0,,,Modern Healthcare,,newsguard_validated,
UC_NQ14VoXhmabaSZ4RWgKWw,0,,,National Institutes of Health (NIH),US,newsguard_validated,
UC_PCfuU84YE_MBM0Lf9sfdQ,0,,,inewsource,US,newsguard_validated,
UC_PscE_7n8SiMspieMGMK_A,0,,,Paste Magazine,US,newsguard_validated,
UC_QHmv8mFY80vJfgu_CIXJQ,0,,,Berliner KURIER,DE,newsguard_validated,
UC_V2OLMXKCEP9fIzlx15BhA,0,,,Giornale La Voce,IT,newsguard_validated,
UC_WbPxgq722S911PNFsNoJg,0,,,l'union-L'Ardennais rédaction locale,,newsguard_validated,
UC_X40BZxke9b8Y7mDGwcDlQ,0,,,ACTU17,FR,newsguard_validated,
UC_YFbvKedjnVjqrZqBR4L8Q,0,,,News4JAX The Local Station,US,newsguard_validated,
UC_YnP7DDnKzkkVl3BaHiZoQ,0,,,DIE ZEIT ,DE,newsguard_validated,
UC__2_0RJ8XnHt2angfw6S1Q,0,,,KOMO News,US,newsguard_validated,
UC__Ji8qPZ58CvuNE0s5aTCQ,0,,,federalreserve,,newsguard_validated,
UC_b9CfN5Yeb_c2hQNRGKXUw,0,,,ESSENCE,US,newsguard_validated,
UC_bicVavLlWMGChQnkTVXpw,0,,,TuttOggi,,newsguard_validated,
UC_c2DThPTzuw3DB3fdNbZAw,0,,,santeplusmag,FR,newsguard_validated,
UC_eoMNCxA_u4SRAA7f451eg,0,,,HAS - Haute Autorité de santé,FR,newsguard_validated,
UC_fb0L96kUGYt1AL1qO155Q,0,,,The Monthly,AU,newsguard_validated,
UC_giJ3xlEL9jUF1YfJdzzuQ,0,,,U.S. Food and Drug Administration,US,newsguard_validated,
UC_kVVySm5KZ50f1drTznEnQ,0,,,Exo Portail,FR,newsguard_validated,
UC_kebwPPSuukzO41SJgY6Hg,0,,,Deneen Borelli,,newsguard_validated,
UC_lEiu6917IJz03TnntWUaQ,0,,,CNN en Español,US,newsguard_validated,
UC_nihSlLHV3gJtGjUEtgk_w,0,,,Pat Healey - The Laker News,,newsguard_validated,
UC_ns5CBNZszNb0wBeEZXKpQ,0,,,The Keene Sentinel,US,newsguard_validated,
UC_rgiZZtwj0wGHAYNAfoBCg,0,,,KBAK - KBFX - Eyewitness News - BakersfieldNow,,newsguard_validated,
UC_sZE1-jMW40NzMPI6rCrUQ,0,,,Aufeminin,FR,newsguard_validated,
UC_ufKAaFbebpv8wkfl6HbuQ,0,,,NorthJersey,US,newsguard_validated,
UC_wVoja0mx0IFOP8s1nfRSg,0,,,junge Welt,DE,newsguard_validated,
UC_wvKpDd7xmm4ngj0mruK_A,0,,,ADAA_Anxiety,,newsguard_validated,
UC_x1RxL7HFnKyC0czqGfBug,0,,,Sara Carter,US,newsguard_validated,
UC_xYMXx_-mAzheKyEtwtCAQ,0,Q39379,magazine|mass media,Scientific American,US,newsguard_validated,
UCa-22YiwAc4jzg01UE2RDtA,0,,,Star Tribune,US,newsguard_validated,
UCa-omDOFa-FnHtYT5A6SLmw,0,,,Long Beach Post,US,newsguard_validated,
UCa-x5T8TD99WYST764WhsEA,0,,,KEZI 9,US,newsguard_validated,
UCa1qyzIpcy05TvdYGAfiSTQ,0,,,Kitsap Sun,,newsguard_validated,
UCa3kU1spOTWHDmCxterTqIg,0,,,The West Report,AU,newsguard_validated,
UCa6VWUj6Qy43oxVpb6GGe5Q,0,,,Il Foglio,IT,newsguard_validated,
UCa6hi8Fez9PzhVXnFkJTo3Q,0,,,TimminsToday,,newsguard_validated,
UCa7XAqQh4gzBgPGwTTF0ofg,0,,,News 10 Lansing,US,newsguard_validated,
UCa80ZoUUvKdOpuWN6khnWaA,0,,,NJ Spotlight News,US,newsguard_validated,
UCaAeCQfAMK74H2iec_7mbtQ,0,,,Hildesheimer Allgemeine Zeitung,DE,newsguard_validated,
UCaETYLeCVKNDq3d7KBok8qQ,0,,,Johns Creek Post,US,newsguard_validated,
UCaFGDBmGK_jw66u3av2Ysjw,0,,,MacRumors,US,newsguard_validated,
UCaFe8BDV7XtvG2IhwZPyryA,0,,,Jüdische Allgemeine,,newsguard_validated,
UCaFgN6V43Xo1pRjQ4PjlSqw,0,Q7955753,television station,WSLS 10,US,newsguard_validated,
UCaFm2NGi9bOojOAIDzP7s8Q,0,,,Daytona Beach News-Journal,US,newsguard_validated,
UCaGOnBjEh8pueE7AcxdAvEQ,0,,,FiercePharma,US,newsguard_validated,
UCaGxkVVr8CoJ0A84fF99IkQ,0,,,CNV - Digital,,newsguard_validated,
UCaHE2Xd6bhJbfM7T1TAmI9Q,0,,,Perez Hilton,US,newsguard_validated,
UCaIU-UJWpDScEI9yIukPmDw,0,,,philadelphiatribune,US,newsguard_validated,
UCaJBwb7XkojUOPbz_6uzPag,0,Q2899069,mass media|media company|news agency|news media,EWTN News ,US,newsguard_validated,
UCaJaGXAZjil34AeVKqyfRsA,0,,,Wilkes Journal-Patriot News,US,newsguard_validated,
UCaNzWjA23x9EvaVU3jYw15A,0,,,NAMI,US,newsguard_validated,
UCaOaiEf63XL_7cyaDLP1GiA,0,,,philippe jandrok,FR,newsguard_validated,
UCaPeIRQBjRtf01CNLIkAXSg,0,,,Highland News & Media,GB,newsguard_validated,
UCaSgwDdIuBZ92pcko6_yp3g,0,,,kjzzphoenix,,newsguard_validated,
UCaWNn4aFJSqZW9FlN2YJP9g,0,Q7311122,mass media|media company|news agency|news media|news website,RNS,United States,newsguard_validated,
UCaWVWxObroXPxmxuR27PUIA,0,,,What the BILD,DE,newsguard_validated,
UCaWhMr24lXlBatWGMh9yAdg,0,,,23ABC News | KERO,US,newsguard_validated,
UCaXkIU1QidjPwiAYu6GcHjg,0,Q13973,mass media|news media|news website|television channel|television station,MS NOW,US,newsguard_validated,
UCaYPEP4en3RHlvC5r34YR2g,0,,,TheRemnantVideo,US,newsguard_validated,
UCaZm3bqIAbseuAHvzRAVDGg,0,,,Heimatreport,DE,newsguard_validated,
UCaaChU33w-Q8v1Af0AH9LSw,0,,,Faktastisch,DE,newsguard_validated,
UCacj18BCykKw_Zmofib291Q,0,,,UUByte,,newsguard_validated,
UCacmb2xfu646QZH5bqxq1ZA,0,,,VareseNews,IT,newsguard_validated,
UCad9XfyHa3dikbSSLyOiguQ,0,,,Robb Report,US,newsguard_validated,
UCaeC2UiQbOoWsqt54YfZyqQ,0,,,RAGinteractive,,newsguard_validated,
UCaeO5vkdj5xOQHp4UmIN6dw,0,Q25094513,mass media|media company|news media|news website|newspaper,The Daily Wire,US,newsguard_validated,
UCaeUKy8bDzOu2DH5c006NbQ,0,Q1004412,magazine|mass media,Bulletin of the Atomic Scientists,US,newsguard_validated,
UCaemYNcQbzuQKJu6BnxgmxA,0,,,we are mitú,US,newsguard_validated,
UCagDqcSk9AONbgEgSOsZ55A,0,,,Agence Ecofin,,newsguard_validated,
UCagXea5Ia3uB_zU2fpLxnTQ,0,,,Long Beach Press-Telegram,,newsguard_validated,
UCahujLjSL34EPNxtwKRi_vg,0,Q851422,magazine|mass media|newspaper,China Daily 中国日报,HK,newsguard_validated,
UCaimRMbg1TJV2h0XiZGqHMQ,0,,,Glamour Magazine UK,GB,newsguard_validated,
UCajrNVKvG2xVlVcSr3GcsDA,0,,,Telemundo,US,newsguard_validated,
UCane0kPSL0_vXTdxLFFxcMA,0,,,Delco Daily Times,,newsguard_validated,
UCaptaabM64MEWpOKU5veWUg,0,,,KCUR: Kansas City public radio,US,newsguard_validated,
UCaqEHP76q9TblVUO3sHFSQQ,0,,,wgaltv,,newsguard_validated,
UCarS6R4f-D7YHSjn2MwhPpg,0,,,AfricanVoiceOnline,,newsguard_validated,
UCarpqAWmTDGkYyJj5syhAxA,0,,,WGRZ-TV,US,newsguard_validated,
UCatlyoGLwmdnidMJZTJnSbg,0,,,theScore,CA,newsguard_validated,
UCatzf2hgTpw9KIoygPpY1hQ,0,,,TXK Today,,newsguard_validated,
UCauHJxe2WAmHasOluN03QuQ,0,,,KXDF Creative Services,,newsguard_validated,
UCawXRmwFRv9QqtVYnnP2IOA,0,,,Healthcare IT News,US,newsguard_validated,
UCax_FWSu8Juzt5OqgI7vP1A,0,,,The Minaret,,newsguard_validated,
UCayUE47WYhK5SHreprBhStA,0,,,Nupur J Sharma,IN,newsguard_validated,
UCb--64Gl51jIEVE-GLDAVTg,0,Q1022311,mass media|television channel|television station,C-SPAN,United States,newsguard_validated,
UCb0QXMjl2H6gdzAGj-M5OJA,0,,,The Herald Scotland,,newsguard_validated,
UCb0xB4NwoAANhxikOjw3Tnw,0,Q501461,newspaper,Le JDD,FR,newsguard_validated,
UCb1Ti1WKPauPpXkYKVHNpsw,0,,,LBC,GB,newsguard_validated,
UCb31KETjCNrh5Bmq0Kvc-cQ,0,,,The Desert Sun,,newsguard_validated,
UCb49nVniY1MWWekTPq9A74g,0,,,ABC6 Providence,,newsguard_validated,
UCbA17qSnL1Fk4UFXkKO1Nyw,0,,,heuteat,,newsguard_validated,
UCbAzV-QAfHd1ckMfwU1d0Eg,0,,,KUOW,US,newsguard_validated,
UCbBmfVGcwNnYpDhD081aJ1A,0,,,The Jewish Chronicle,GB,newsguard_validated,
UCbCb-MKdp4F2abk6pf8pJLw,0,,,Ruptly TV,,newsguard_validated,
UCbENRaCggvsPA6qsTX69vwQ,0,,,Capital Gazette,,newsguard_validated,
UCbFoderpeUcB14CVQiDHEOQ,0,,,Well Being Journal,US,newsguard_validated,
UCbG8xkO429cJri5LAlvIfjQ,0,,,FOX 40 WICZ TV,,newsguard_validated,
UCbGyMptoAHh49by7zkyunKg,0,,,WBAY TV-2 Awards Submissions,US,newsguard_validated,
UCbHRDtYcy75lsoRdZ2h_24A,0,,,WJBF,US,newsguard_validated,
UCbJ2gVLrreOSHE80RmLjPlA,0,,,Curbed,,newsguard_validated,
UCbJHyf5BRreiCcddo3N0aGg,0,,,Manhattan Institute,,newsguard_validated,
UCbJkAg7oI3a47L-GSOoUAvg,0,,,Lettera43.it,,newsguard_validated,
UCbKd8XD55dOp4f1v17odafw,0,Q3209389,newspaper,La Gazzetta del Mezzogiorno,IT,newsguard_validated,
UCbOBaXZF7R8ZRD9U72b-SxQ,0,,,Mittelhessende,DE,newsguard_validated,
UCbPRdtWxclHgfR4F6UXCSqw,0,,,SHAW MEDIA ,CA,newsguard_validated,
UCbPSTpuWXCsYifxOOYFUsWg,0,,,Le Salon Beige,,newsguard_validated,
UCbPXU_j5O12YYoCLzGoJp_w,0,,,CryptoPotato България,BG,newsguard_validated,
UCbSUOhfniGb8gyaLG6IavVg,0,,,Black Culture Unfiltered,US,newsguard_validated,
UCbTBZ7NGRqn8x-6mJciBOsg,0,,,TheRecount,,newsguard_validated,
UCbTSog1iMsJrfR5GbAlQoQw,0,,,Caller-Times | Caller.com,US,newsguard_validated,
UCbTkOe2HfHi6ZNl-5ziJUaQ,0,,,Gir Grottaglieinrete,IT,newsguard_validated,
UCbUbK8izjK3zNRyrIHI39ng,0,,,MinnPost,US,newsguard_validated,
UCbVg41jzM8UroywvEr73Pdw,0,,,NHS,GB,newsguard_validated,
UCbWB33FQvFiV0Pq9Calkgzw,0,Q851510,magazine|mass media,Mother Jones,US,newsguard_validated,
UCbZ0Csr9ow6Xjkdd542Omhw,0,,,Le Télégramme,FR,newsguard_validated,
UCbZXLZtZ3_OJCNSqDOTC0UA,0,,,The Epoch Times Italia,IT,newsguard_validated,
UCbax1kj42Ps-R7FlyB59zwQ,0,,,Cantech Letter,CA,newsguard_validated,
UCbb3m7IaiONqMciwd5ZjwAQ,0,,,The Morning Star,,newsguard_validated,
UCbeLZaM7EA3R9JMuATtZVTg,0,,,connectiv.events,DE,newsguard_validated,
UCbesX6X7FbZ9Pqrt4d2i13A,0,,,seattlepi,,newsguard_validated,
UCbf7dXJcvB53zoxvNblnlLQ,0,,,Center for Immigration Studies,US,newsguard_validated,
UCbfSa4sFelkMsEHL1aUo2iw,0,Q55667532,mass media|newspaper,Minnesota Spokesman-Recorder,US,newsguard_validated,
UCbfcmWFZigCqCsbwNGt1UTA,0,,,KSWO 7News,US,newsguard_validated,
UCbkc7HB3C0-zkwC7tdT8Hfw,0,,,MSN FRANCE,,newsguard_validated,
UCbqPSwb3XrPp3_Ei0LpH_sw,0,,,Every Stage Health,US,newsguard_validated,
UCbtCkaSP0s0RtqTNnNrN4Iw,0,Q133853712,mass media|news media|news website|newspaper|online newspaper,Thueringen 24 (TH24),Germany,newsguard_validated,
UCbtsn1mDk5ExgFZWQMUgSaw,0,,,The Telegraph,US,newsguard_validated,
UCbu47YDttrJENu_yMII5vtA,0,,,Kreiszeitung Böblinger Bote,DE,newsguard_validated,
UCbu84K82JGPbQeilAfpsIug,0,,,Valdelsa.net - Giornale online,IT,newsguard_validated,
UCbuw1IGXnmkwWCt5d5UQWVQ,0,,,WCBD NEWS 2,,newsguard_validated,
UCby9iruwkkNwmQk0vRGGo8g,0,,,KPLC 7 News,US,newsguard_validated,
UCbyEnE6SRWUld03ZxhYjZvQ,0,,,arkansasonline,US,newsguard_validated,
UCbysmY4hyViQAAYEzOR-uCQ,0,,,WNYC,,newsguard_validated,
UCbzeZBd3ApuhvzQW3f-9D9A,0,,,QuiNews Valdera,,newsguard_validated,
UCbzxobVjbXndqn0DTLAARzQ,0,,,Tribune Chronicle,,newsguard_validated,
UCc33MVMmfHcPGBgV0AZYWlQ,0,,,#ШОТАМ,UA,newsguard_validated,
UCc45vQelaxv8v4XdQwa_v-w,0,,,Cancer Wisdom TV,US,newsguard_validated,
UCc51FPGZyz0NSGmddfNi1-g,0,Q3153504,magazine|mass media,Internazionale,IT,newsguard_validated,
UCc5Tk0NVkDeEP9spscU1Rjw,0,,,ADN America,US,newsguard_validated,
UCc5jfAeOLbxD9HrKKIdPTng,0,,,WBOY 12 News,US,newsguard_validated,
UCc6V-G2u7j9Avbbk9-0jIxA,0,,,Spectrum News,US,newsguard_validated,
UCc9PRjtHScthDFHlX3Otv0w,0,,,ES-TV,DE,newsguard_validated,
UCc9UUSOBWC6VCkJUqnh-CLw,0,,,MintPress News,US,newsguard_validated,
UCcAff8iLU7m4FXeyta_fIbQ,0,,,Focus,IT,newsguard_validated,
UCcEWv_J2SEU8XO2tEm4Phgw,0,Q569244,media company,Univision,US,newsguard_validated,
UCcF1_LhTdHqA7pGOCcUTB_Q,0,Q110154,blogger|journalist|pundit,George Takei's Oh Myyy,US,newsguard_validated,
UCcLK3j-XWdGBnt5bR9NJHaQ,0,Q207936,media company|public broadcaster|television station,CCTV中国中央电视台,CN,newsguard_validated,
UCcMk4meB6IEWKXlIlpHfM0Q,0,,,focusonthefamily,,newsguard_validated,
UCcNkwfTQuXAxAFwoAUHweJA,0,,,The Boston Globe,US,newsguard_validated,
UCcPcua2PF7hzik2TeOBx3uw,0,Q10184,newspaper,faz,DE,newsguard_validated,
UCcQUt4yNQFWvijT-eMzegnQ,0,,,KPAX-TV,US,newsguard_validated,
UCcT6w3xUyVshyR2_2vrMp1w,0,,,WUSA9,US,newsguard_validated,
UCcU-160KSgmr1pC5QNhhpSQ,0,,,Свої,UA,newsguard_validated,
UCcU3fKN8_J51o7JUsiMY2Zw,0,,,Austin Chronicle,US,newsguard_validated,
UCcVRTINBg0_K9FeGUpXm1iA,0,,,Humorous Mathematicians,,newsguard_validated,
UCcVqCJ_9owb1zM43vqswMNQ,0,,,BETNetworks,US,newsguard_validated,
UCcXWldkGVrfEUCJjKyvKgvQ,0,Q7233471,newspaper,Post-Bulletin,US,newsguard_validated,
UCcZCwTZ8H5a8E3sugceTydg,0,,,PZ-news,DE,newsguard_validated,
UCc_VNUgjPdpaQdoHRVcCRYQ,0,,,FactCheck,,newsguard_validated,
UCc_gnY3XwuKGDk9GeLi63FQ,0,,,TS2 SPACE,,newsguard_validated,
UCcc5RQ3SAzQ1zCzcEK2W7UQ,0,,,Info Chrétienne,,newsguard_validated,
UCccPFCabAbTmaWOrDvr9yNQ,0,,,fox4news,,newsguard_validated,
UCcfLuU0NFT0ZRoQy4jk6GdA,0,Q1442151,mass media|television channel,CGTN Français,FR,newsguard_validated,
UCcgKrdZPRv6TLpT06uY6Jkg,0,,,Die Presse I Politik & Wirtschaft,AT,newsguard_validated,
UCchiuBLimJcyGgIQWYp1AXA,0,,,St. George News,US,newsguard_validated,
UCckcKSv3gOMP09DKERmXPVA,0,,,SOL.DE,,newsguard_validated,
UCclR4_iU48MVwdSERBoS-qQ,0,,,Kiplinger,US,newsguard_validated,
UCcnTNQG1_WkZ5h7go3B0Ntw,0,,,America's Frontline Doctors,US,newsguard_validated,
UCcp_EgJoLY-Umu9KZWpYdUg,0,,,Today's Parent,CA,newsguard_validated,
UCcqM4vCfoiWqfg3lTagqXqg,0,,,Braunschweiger-Zeitung.de,DE,newsguard_validated,
UCcrG933TDF3BkXVEqsT2Xiw,0,,,AugustaChronicleTV,,newsguard_validated,
UCcsABlXkft9BcOixi-WSfkA,0,,,High Country News,US,newsguard_validated,
UCcw9fZn0E_MMuimfbp8MmxQ,0,,,ABC 33/40 Weather,US,newsguard_validated,
UCcwAqGwKnkBOjwozBc_opsg,0,,,KUT Austin,,newsguard_validated,
UCcyq283he07B7_KUX07mmtA,0,Q286707,mass media|news media|news website|newspaper|online newspaper,Business Insider,US,newsguard_validated,
UCczdiIilpYSmiF074WMCNiA,0,,,KETV NewsWatch 7,,newsguard_validated,
UCd-n6wFyjm-nvpq2d9c9cLQ,0,,,Grabien,US,newsguard_validated,
UCd4lxXRLFr9_xtGYv1uWeug,0,,,Inside Climate News,US,newsguard_validated,
UCd5DKToXYTKAQ6khzewww2g,0,Q19908,mass media|radio station,France Culture,FR,newsguard_validated,
UCd5_RNvJvPT7KoOqDwCRlew,0,Q102077426,mass media|news media|news website|newspaper|online newspaper,ROBA DA DONNE,IT,newsguard_validated,
UCd7HsabjVLFjviip2qYQnww,0,,,Block Club Chicago,US,newsguard_validated,
UCd7U6pdRYzU-K_vFqwzLBqQ,0,,,East Idaho News,US,newsguard_validated,
UCdAVIb4dBhAHhUaxfM5gAbg,0,Q6340808,television station,KWQC News,US,newsguard_validated,
UCdBBon0U0o9lduZ-gKVx6zQ,0,,,Le Progrès,FR,newsguard_validated,
UCdCqWjtr2X_qJfutOuQsQtQ,0,Q16839004,newspaper,Battle Creek Enquirer,United States,newsguard_validated,
UCdDd6LgfG_boD2rlOvp0qjg,0,,,Sun Herald,US,newsguard_validated,
UCdEXiZuSR2Q1WQATKkClbhA,0,,,Earthjustice,US,newsguard_validated,
UCdHm_sm5CzM8ftbORawpKYA,0,,,Detroit Free Press,US,newsguard_validated,
UCdI1qc1goct0ETIuuVXcFoA,0,,,Bangor Daily News,US,newsguard_validated,
UCdIzmpo8s4IpxMtpgCYR-Pw,0,,,INJO ID,ID,newsguard_validated,
UCdRQAy9c5cJ4oQG_US3qq-g,0,,,RTL 102.5,IT,newsguard_validated,
UCdTy2KZEQLD6bZvxsFkj08w,0,,,bild,,newsguard_validated,
UCdVZwPKCc7zUZ5W7q4td7_g,0,Q6324909,television station,KAGSTV,US,newsguard_validated,
UCdYfUg7eGcOmHeKy5j0Qlcw,0,,,Voce di Napoli,IT,newsguard_validated,
UCda6XRtwwQk1hboA3Qztawg,0,,,Neue Presse Hannover,,newsguard_validated,
UCdbDIUyaDXemK4pfV6fqdcQ,0,,,Bundesinstitut für Öffentliche Gesundheit,DE,newsguard_validated,
UCdcSm3NEvTYHEyF6q6VaGFQ,0,,,agrarheute,DE,newsguard_validated,
UCddiUEpeqJcYeBxX1IVBKvQ,0,Q2155442,mass media|news media|news website,The Verge,US,newsguard_validated,
UCdeMVChrumySxV9N1w0Au-w,0,,,The Duran,CY,newsguard_validated,
UCdey5yCCCP_oc2fBuobJBTA,0,,,Corriere Adriatico,IT,newsguard_validated,
UCdfmlArcu-y_nTWNOlTGWXg,0,,,Daily Telegraph NZ,NZ,newsguard_validated,
UCdfooaLMrt8bNn0_EY1zdhA,0,,,Woodland Daily Democrat,US,newsguard_validated,
UCdjIRIlz5AopQxWzTULXehg,0,,,Maggy Valentine,,newsguard_validated,
UCdkVGKu6WFMp3mTl5JkQBGA,0,,,Fairbanks Daily News-Miner,,newsguard_validated,
UCdlKQfnSA5TvtsxjWq7PGmw,0,,,The National Telegraph - Wyatt Claypool,CA,newsguard_validated,
UCdlwJlVJOITw3xIdJt-2jUQ,0,,,KENS5,,newsguard_validated,
UCdmqkUIfXt2cMBOLQsijMFg,0,,,Reveal,US,newsguard_validated,
UCdn-M_vxWEK07X3t19ximDQ,0,,,Washington Free Beacon,,newsguard_validated,
UCdnZdQxYXnbN4uWJg96oGxw,0,Q14903716,mass media|media company|news media|news website,Rappler,PH,newsguard_validated,
UCdnaDhU-LDQrIEEmSIfq0-Q,0,Q619342,mass media|news media|news website|newspaper|online newspaper,Mediapart,France,newsguard_validated,
UCdndmM6X0pSbJTgWEnWYpxA,0,,,Segnidalcielo,,newsguard_validated,
UCdpmO_iQcng0wJPKzlPEnbg,0,,,Pittsburgh Post-Gazette,US,newsguard_validated,
UCdrTcG5tK06ogMP2L-hwtlw,0,,,Algemeiner,,newsguard_validated,
UCdsOFsv4MCgbQHTMbAcADXw,0,,,D Magazine,US,newsguard_validated,
UCdvIvnFcJc_CB60etgBywUg,0,,,WENY TV NEWS,,newsguard_validated,
UCdvNyVMVK2rOqXk3drYgkag,0,,,Bellingham Herald,US,newsguard_validated,
UCdxkANfU-88t3s7bBQfxQFg,0,,,La Voix de l'Est,,newsguard_validated,
UCdy9sKCZMHN1mJ4wB-bGSLg,0,Q55668254,newspaper,QNS,United States,newsguard_validated,
UCe-4xQosMQGkIA8mT4sR98Q,0,,,CNN Business,,newsguard_validated,
UCe0mXHG3fu1IthMM7wni4Fg,0,,,Allgemeine Zeitung,DE,newsguard_validated,
UCe5ftRGTXfRa5gIG11bCoKg,0,,,Conspiracy Daily Update 2,AU,newsguard_validated,
UCe7cIhm4_RWsThRzBCXtmOQ,0,,,ABC11,US,newsguard_validated,
UCe862_HmHa_rvTv6ueVvwyQ,0,,,Billboard Two,,newsguard_validated,
UCe9HXOhxQYkegxJjVKb1nyw,0,,,MyNorthwest,US,newsguard_validated,
UCeC0IOo7i1P_61zVUWbJ4nw,0,,,KQED,,newsguard_validated,
UCeGn_wReFK0soEv-sXtPacw,0,,,Neon Revolt,US,newsguard_validated,
UCeHHAF22PljrnnjskZeljmg,0,,,GOOD Magazine,US,newsguard_validated,
UCeJ58YHmlgs5SBFWb8IzbsQ,0,,,Popular Mechanics,US,newsguard_validated,
UCeJX2RHhMt-IR5MDoeGHXLA,0,Q7949410,television station,69News WFMZ-TV,US,newsguard_validated,
UCeJb53DPlLIo_qLowT40cdw,0,,,CentralMaine Podcast,US,newsguard_validated,
UCeLoup1A6odH6fp_4pj1sCQ,0,Q4791888,newspaper,Arkansas Times,United States,newsguard_validated,
UCeP8xg9INfRJlFa7Q22JeBQ,0,Q7956472,television station,WTVM News Leader 9,US,newsguard_validated,
UCeR4TlbmojlqImgr-2SBkJQ,0,,,Alabama's 42,US,newsguard_validated,
UCeRYN0tYBQVrC2cKsxJjdow,0,,,Double Down News,GB,newsguard_validated,
UCeX20-rTnN46DUD6C7IplWg,0,,,Channel 3000 / News 3 Now,US,newsguard_validated,
UCeY84AAcL6743A2BvNqq4Gw,0,Q55666090,mass media|newspaper,Atlanta Voice,US,newsguard_validated,
UCeYHpGha-z3ahTum2tpvf-g,0,,,Arizona Daily Star,US,newsguard_validated,
UCeaOldhFAb9vqkYWe_zO6XA,0,,,Psychology Today,,newsguard_validated,
UCeaQLNMY0GMigXOkW3TRZQg,0,,,Gold WebTv,,newsguard_validated,
UCeeyFVRY_bXrOXDiB3xZ9eQ,0,,,The Scientist,,newsguard_validated,
UCefphU6zaGZ1ppavIukmyGQ,0,,,St. Louis American,,newsguard_validated,
UCehwOnSqKIuYfaZpcrJHoxg,0,,,Beijing Times,,newsguard_validated,
UCen72LOxB382GKTxLKwvgeg,0,,,KHQA,US,newsguard_validated,
UCenF67ejtD5KUGAcayYE3xw,0,,,IBTimesTV,,newsguard_validated,
UCenFSOFDv48eO33Z8USqQQA,0,,,Onetz,DE,newsguard_validated,
UCenoTbaz402LJAOBYyL7pkA,0,,,CBS7 News,,newsguard_validated,
UCeoDHFXj1mfiskYJd9zhXxw,0,,,upday,DE,newsguard_validated,
UCeohrwR6-fO1EMk8FkJrlzw,0,,,Johns Hopkins University,US,newsguard_validated,
UCepdRYTQt5vKtrz-CuaFzpg,0,,,lyonmag,FR,newsguard_validated,
UCeqKIgPQfNInOswGRWt48kQ,0,,,ZDFheute Nachrichten,DE,newsguard_validated,
UCetPXywjiWobIEU4gXOg-tQ,0,,,American Institute for Economic Research (AIER),US,newsguard_validated,
UCetr7LZbLFZbznSsPMw2ssw,0,,,Digiday,US,newsguard_validated,
UCeu1N74PUB5qo5qbx3aSgdw,0,,,LEX News,US,newsguard_validated,
UCeuE-XAELMHh9PLWx5RHeFA,0,,,Wisconsin Public Radio,US,newsguard_validated,
UCevIo-l02pakqdX2HOjdhnw,0,,,The Alpena News,,newsguard_validated,
UCewSkm7Hcs4mi0ZswgqziWQ,0,,,WVNews,US,newsguard_validated,
UCexLi5c-vUdDyz03Yyuwing,0,,,WCBI,US,newsguard_validated,
UCexetvuR0DbNlprwhe4Ze1g,0,,,blackamericaweb,US,newsguard_validated,
UCeyfSTpbop357UZmYWICxMg,0,,,NT Independent,,newsguard_validated,
UCf04ySN8uqAyrLnBao4iJBQ,0,,,Yakima Herald-Republic,US,newsguard_validated,
UCf068D5Nu9uiWM0qtIliK_g,0,,,Montana Public Radio,US,newsguard_validated,
UCf0aMG-_d_ol_7BEllE3kRw,0,,,Austin American-Statesman,US,newsguard_validated,
UCf0vt4kwf1FTDrSstfmr03A,0,Q61937639,YouTuber|blogger,Thomas Roeper,Germany,newsguard_validated,
UCf4K73MiXkIIgxMyeKlOw6w,0,,,FredericksburgDotCom,,newsguard_validated,
UCf4kc5g7zF7Vl3xaHP0Ah1g,0,,,Marie Claire Italia,,newsguard_validated,
UCf5uJ3JHLkg2T1jUC0Q_D-Q,0,,,Thirty Seconds Out,US,newsguard_validated,
UCf9ONyZWZ9NfdKDvJ6T2QZQ,0,,,TeleAmbiente,IT,newsguard_validated,
UCfAOh2t5DpxVrgS9NQKjC7A,0,Q618236,newspaper,The Onion,US,newsguard_validated,
UCfEUmRPkM0S96o1-TvrDmNA,0,Q7770122,newspaper,The Trentonian,,newsguard_validated,
UCfHn_8-ehdem86fEvlFg-Gw,0,,,Le Parisien,FR,newsguard_validated,
UCfIjR00qhYUFkbWIugAAbGg,0,,,ABC 7 News - WJLA,,newsguard_validated,
UCfKkKsb_dZsFoBL3TkB3Kmg,0,,,ABA Journal - Law News Now,,newsguard_validated,
UCfLYcp8eh4VAC8_BBRsHhFg,0,,,WRTV Indianapolis,US,newsguard_validated,
UCfNcOPNCseYzc9fWwGdIRIw,0,Q7770989,mass media|news media|news website,The Tyee,Canada,newsguard_validated,
UCfPptDLPCGn704orCXL5qdQ,0,Q1069383,newspaper,Giornale di Sicilia,IT,newsguard_validated,
UCfSFyEz3rBOO1KYz4xWMlpw,0,,,ilSicilia,IT,newsguard_validated,
UCfSRM_neLxKluhhA0IguK5A,0,,,La Stampa,IT,newsguard_validated,
UCfU4-ArXuSX0tpyApyklMAg,0,,,Axios,,newsguard_validated,
UCfUU-PZ6eodene7d8hAz67A,0,,,FOX54 News Huntsville,US,newsguard_validated,
UCfWQXn1qSyFoISeKuG0sr5g,0,,,Metropolis Quotidiano,IT,newsguard_validated,
UCfXuXPNv16hK3yB3lFd_zHg,0,,,KRCR7,,newsguard_validated,
UCf_6xXbjMOeQQ5HWebtcccg,0,,,Courier Journal,US,newsguard_validated,
UCf_K85JTvXZTukZjkxFyJSw,0,,,Andscape,US,newsguard_validated,
UCfaIu2jO-fppCQV_lchCRIQ,0,Q30121972,journalist|podcaster|pundit,Charlie Kirk,US,newsguard_validated,
UCfar38GVzgf5CZX0nnJwpTQ,0,,,France Maghreb 2,FR,newsguard_validated,
UCfbPQcdF5an7ui8bwwry1Cw,0,Q3564713,television station,"WKBW TV | Buffalo, NY",US,newsguard_validated,
UCfbxDUFDtRo4Prf67QRdGcA,0,,,Panama City News Herald,US,newsguard_validated,
UCfmkz6A3aTJwJzox2xhAuRw,0,Q1390360,television station,WRAL,US,newsguard_validated,
UCfnsWGN5thNUp_QKObM58bA,0,,,WMBB News 13,,newsguard_validated,
UCfo-_9AD4G6cSneFfHXEyrw,0,,,The Hawk Eye,US,newsguard_validated,
UCfog4FL7j66csMPFH9zdDvg,0,,,CHEK Media,CA,newsguard_validated,
UCfpDgmVRWQTz05YAmGQ6HYA,0,,,DNA Magazine,,newsguard_validated,
UCfr8PuEgDzZa0ydXY_-emIA,0,,,Healthy Happy News,US,newsguard_validated,
UCfrp9L9XqqJhIyMzfopDUbg,0,,,WHSV - TV3,US,newsguard_validated,
UCfsTAnYne5szhoMc381A5wg,0,Q14940658,newspaper,L'Opinion,FR,newsguard_validated,
UCftVaNJbftVH_QeeIv6_wXw,0,,,VC Star,US,newsguard_validated,
UCftwRNsjfRo08xYE31tkiyw,0,Q520154,magazine|mass media|news media|news website,WIRED,US,newsguard_validated,
UCfyYK3GqcotDIAjcoReK3Hg,0,,,PolitiFact,US,newsguard_validated,
UCg-q_MDeWQrjizr1VPLEpYg,0,,,Josh Pate's College Football Show,US,newsguard_validated,
UCg0TmvdvtiRSGj18XXC394A,0,,,Lincoln City Homepage,US,newsguard_validated,
UCg18_2cdqaVOzKjXW8E1XKQ,0,,,Siegener Zeitung,DE,newsguard_validated,
UCg1mclb0RdN2GIrwiTO_njw,0,,,TheOaklandPress,,newsguard_validated,
UCg2ThPwlWZt8IpDV0b_1Cnw,0,,,EdSurge,US,newsguard_validated,
UCg3A8U5g3NC6rxVUAoZ2CIQ,0,,,Russia Truth,GB,newsguard_validated,
UCg3_C7BwcV0kBlJbBFHTPJQ,0,,,Global Citizen,US,newsguard_validated,
UCg4wO8sEIUCgg8VPJItfSaw,0,,,CNETfrance,,newsguard_validated,
UCg5HQ8yI3f43ogvFJyVMfhQ,0,Q17216388,magazine|mass media|newspaper,Nikkei Asia,Japan,newsguard_validated,
UCg7lal8IC-xPyKfgH4rdUcA,0,,,djvlad,US,newsguard_validated,
UCg8vSnRGg5xV0J_R7kpUAtg,0,,,Il Giornale di Vicenza GDV,,newsguard_validated,
UCgAPgHNmQSG_ySHRiOVeF4Q,0,Q33108673,mass media|news media|news website,FOCUS online,DE,newsguard_validated,
UCgBEBFh-A01TfPL74EPOqHg,0,,,Wsaz NewsChannel3,,newsguard_validated,
UCgBVz3EzHYKpPS0BITvLRsg,0,,,KXAN,US,newsguard_validated,
UCgBnR00ompNCZY_5fw2kFQA,0,,,KFDM YouTube,US,newsguard_validated,
UCgCbAK9HHtetM1o4zsm25-g,0,,,Hellweger Anzeiger,,newsguard_validated,
UCgCkZRxAzC5THzTr8Hz4fkg,0,,,Metro Entertainment,GB,newsguard_validated,
UCgFiD33dMIEYulDhjLxcXzQ,0,,, 30 Millions d'Amis,FR,newsguard_validated,
UCgG9BnqkGnU-ouYa5eAOdEw,0,,,Limes Rivista Italiana di Geopolitica,IT,newsguard_validated,
UCgIZ7ncFvgYLp0ftjr5fvJg,0,,,Healthing,CA,newsguard_validated,
UCgK7QoOd9Fi9lbFClI9yBpw,0,,,BigCountryHomepage,,newsguard_validated,
UCgKzdfWnTie2OD4bfaZKaQw,0,,,TVA Nouvelles,CA,newsguard_validated,
UCgLk1q8n7VDB45ixQQYxseg,0,,,TribLive,US,newsguard_validated,
UCgLkycabFbAmLatj-0voIYw,0,,,Healing United,,newsguard_validated,
UCgMabKr-D1MUgtdarKgH3nQ,0,,,Bundesministerium für Gesundheit,DE,newsguard_validated,
UCgMyPaCx5-LkEx_54Ul9f-A,0,,,FUTURISM,AU,newsguard_validated,
UCgNJPkQKrDQY1Em_Vf5YUnQ,0,,,UniversoMamma.it,,newsguard_validated,
UCgNf1QgIeuBWc3ZJH-KJK_A,0,,,John Cook,AU,newsguard_validated,
UCgOKO-OAjGPNQtvDKdLAyvQ,0,,,Stratégies,FR,newsguard_validated,
UCgPo4bDeNO2Nee4KjOqTHVA,0,,,pressofAtlanticCity,US,newsguard_validated,
UCgRQHK8Ttr1j9xCEpCAlgbQ,0,Q471728,newspaper,Variety,US,newsguard_validated,
UCgT2lqEtcqIQjs-z57eykLQ,0,,,Colorado news and weather information from KRDO NewsChannel 13,,newsguard_validated,
UCgTILSw1wFmJ5JjRqAM-N_g,0,,,CICAP,IT,newsguard_validated,
UCgUXpwOuN8Vx-T3nEAAWQJw,0,,,DCist,,newsguard_validated,
UCgV0XiAesMW_-P4nkvMdVSw,0,,,Factinate,CA,newsguard_validated,
UCgV4QyKLoIDjNyYWHLma4qw,0,,,Nicola Porro,IT,newsguard_validated,
UCgV4zjmG_mUuCl_VwcXoRgg,0,Q123485538,mass media|television channel|television station,Salem News Channel,US,newsguard_validated,
UCgVZ0mrM3liHNhRYC5Mchgg,0,,,WPLG Local 10,US,newsguard_validated,
UCgXIDZzs8ksN7k9pl3K-50Q,0,,,GQ France,FR,newsguard_validated,
UCgXelREwmKbgsUY7kqeNnVw,0,Q133502665,mass media|news media|news website|newspaper|online newspaper,news38,Germany,newsguard_validated,
UCgY8c0IVjc3PjQJlY-VynKQ,0,,,Blasting News,IT,newsguard_validated,
UCgab3kEB-7kiAIWJPmvwd8Q,0,,,Mad in America,US,newsguard_validated,
UCgau4awdKG2ni2Ib4jvUqFA,0,,,DER STANDARD,AT,newsguard_validated,
UCgfW_e_C-P02GxwPjN26uLA,0,,,Charleston Gazette-Mail,US,newsguard_validated,
UCgfm7p4nfga3JKDo6J5B4jw,0,,,Scoop Independent News,,newsguard_validated,
UCgfr5AnKJ00kWrZ4Rt8RuyA,0,,,GALKA (Інтернет видання),UA,newsguard_validated,
UCghICaw-5smReMLoZyUeYxQ,0,,,The News-Star,,newsguard_validated,
UCgiFbHIm6SzfF_lo7d98jUg,0,,,KIMT News 3,US,newsguard_validated,
UCgjtvMmHXbutALaw9XzRkAg,0,Q3109740,magazine|mass media|news media|news website|newspaper,POLITICO,US,newsguard_validated,
UCgkeiaMrDM4yqxIRLY82rEw,0,,,The Colorado Sun,US,newsguard_validated,
UCgpEN1mWQxivlZ9O6GuZbOw,0,Q17182936,magazine|mass media,Mic,United States,newsguard_validated,
UCgpz5rd9oyserhUzPJntsUQ,0,,,Cleveland Jewish News,US,newsguard_validated,
UCgqn-C4g5NLv6NAx7KkA4Rw,0,Q6117106,newspaper,Jackson Free Press,United States,newsguard_validated,
UCgvFsn6bRKqND1cW3HpzDrA,0,Q15803741,magazine|mass media|news magazine|news media,COMPACT-TV,DE,newsguard_validated,
UCgxE2uw5piDqZ8-_rhTmXFQ,0,,,monitornews,,newsguard_validated,
UCgy4Mf_tlZGqesYNqPNxjPw,0,,,MIT Technology Review,US,newsguard_validated,
UCgyeJxD05YnoDquRMNBfBqw,0,Q215616,public broadcaster,PBS,US,newsguard_validated,
UCgyxQ7zSDHzJdzQJpFx93Wg,0,,,Environmental Defense Fund,US,newsguard_validated,
UCgz1Szpd0Wp5i6U75IsL1IQ,0,,,The Manc,GB,newsguard_validated,
UCh1HtPLcNPEn3GPAan5HRhA,0,,,Sunraysia Daily,AU,newsguard_validated,
UCh4pyZUB0mNzieaKv831flA,0,,,Invisible People,US,newsguard_validated,
UCh5himkxXaQGPZf3N0EKW3w,0,Q25038017,mass media|news media|news website,Civil Eats,US,newsguard_validated,
UCh6B4Wr5marHaAhH27VR9GA,0,,,WDSU News,,newsguard_validated,
UCh9HDYMrgCvtx5wp0fsTG0A,0,,,Nordkurier,DE,newsguard_validated,
UCh9zNIq9U1dbu6c0g6fS4kQ,0,Q135914101,magazine|mass media|news media|news website|newspaper|online newspaper,futurezone.de,DE,newsguard_validated,
UChAcAij0DjVOO4lNTzBNQpg,0,,,Vegpool,,newsguard_validated,
UChB8YUvam1QnVufQBvAKYkQ,0,,,Ruhr Nachrichten,DE,newsguard_validated,
UChDKyKQ59fYz3JO2fl0Z6sg,0,Q130838,mass media|news media|news program|news website,TODAY,,newsguard_validated,
UChDVIOlcu1RGcFj7GqBEUmg,0,,,Agenzia Nova,IT,newsguard_validated,
UChH4ZSTN9qnl5EJw5h6qYbg,0,,,Ash Guardian (Ashburton Guardian),,newsguard_validated,
UChIlR_Uhv1366IAxT1ORbTA,0,,,KSBY News,,newsguard_validated,
UChQiQ_TBQtluXTW98tgXb4A,0,,,Dayton 24/7 Now,US,newsguard_validated,
UChVWa5aPukYPsNpaL0Nzt0Q,0,,,Purdue Exponent,US,newsguard_validated,
UChZWs6PJY0hND384d2_RrhQ,0,Q923193,newspaper,Les Echos,FR,newsguard_validated,
UCh_9jgYqQNYlk8daCZFRD1A,0,,,Lawfare,US,newsguard_validated,
UChaKEc6M0nhatcvMZ3gZLFQ,0,,,Il Sussidiario.net,,newsguard_validated,
UChbYn187BlBxq5LfGqZSv_A,0,,,syracuse.com,US,newsguard_validated,
UChcy5roVCPWeBghxzRIU5QA,0,,,Settimanale L'Ancora,IT,newsguard_validated,
UChf2SMcCmP-dlsWleaNo6oQ,0,,,GolemDE,DE,newsguard_validated,
UChfkklCUjjk-dKZEMPWlIjA,0,,,GBH,US,newsguard_validated,
UChfrFDqCQi0CBkYJwoFTSYg,0,,,Varosh,UA,newsguard_validated,
UChhMimKzhrAaUcts3Qtn7BA,0,,,Bradenton Herald,US,newsguard_validated,
UChjRM_qQAaOAiLNbOGbYcRA,0,Q104055230,mass media|news media|news website,9to5Mac,US,newsguard_validated,
UChpWWFxazQEtbmn6HtwGvLA,0,,,The Business Journals,US,newsguard_validated,
UChpkyPNWUw7H3ZpDNe8pL_g,0,,,ÖKO-TEST,DE,newsguard_validated,
UChq7IIJgKBr5cElD44Q6PlA,0,,,Investig'Action,,newsguard_validated,
UChr5O2aamBLN1ZVkiIj8FdQ,0,,,MrMondialisation,FR,newsguard_validated,
UChrfVRXVr1rieeZ4IIFJ7zQ,0,,,MPR News,US,newsguard_validated,
UChrpaYlmaVsVyEF0bTqmuHw,0,,,KJRH -TV | Tulsa | Channel 2,US,newsguard_validated,
UChwH_srM9WUpgHJZC8JAifA,0,,,IAIChannel,IT,newsguard_validated,
UCi-2n179FwVdR_lQj-FP4lw,0,,,cfact,US,newsguard_validated,
UCi-sa8U-KGabJR_LrFbSuRA,0,,,KTXS Archive,,newsguard_validated,
UCi1e0yvQweZVyfUhtz_nZHA,0,,,duluthnewstribune,,newsguard_validated,
UCi3XG3QjiaTUpIrzDMZEpjQ,0,,,The Baltimore Sun,US,newsguard_validated,
UCi4OPTw2EoWNaO0-kHXgpzg,0,,,Angers Info,FR,newsguard_validated,
UCi4_xzMqGO8mAgnu6L0mlnA,0,,,In These Times,US,newsguard_validated,
UCi7AfLjyT6Tys8OtJyy2_iQ,0,,,Come Don Chisciotte,IT,newsguard_validated,
UCi7jxgIOxcRaF4Q54U7lF3g,0,,,Brookings Institution,,newsguard_validated,
UCi9ACGG8NptsQhaMyezITEw,0,,,Yahoo! Sports,US,newsguard_validated,
UCiAkY6Nwg7TkA1vLa4Gic8Q,0,,,Cellesche Zeitung,DE,newsguard_validated,
UCiBPqSfhM7FBXh4nW1gt5dQ,0,,,AccessNorthGA Sports,US,newsguard_validated,
UCiCHDzB6etSKn9zS5nQ5_pw,0,,,MediaPost Live,US,newsguard_validated,
UCiCa3JX-RpgAftyDcpdiv4w,0,,,DataBase Italia,IT,newsguard_validated,
UCiDrExBhwI8U57NiCAL_Afg,0,,,ChurchLeaders.com,US,newsguard_validated,
UCiE3hZP1ryheGbK9cfCzFww,0,,,Elmira Star-Gazette,,newsguard_validated,
UCiFRP2Kwo1J2Xh-VDTtiYWQ,0,,,wausaudailyherald,,newsguard_validated,
UCiICWO8zyQ54iS-LIEVuNMw,0,,,Rhein-Zeitung,DE,newsguard_validated,
UCiLWZmSZbr1ZbSTMvZtWj2A,0,,,Indian Link Media Group,AU,newsguard_validated,
UCiMg06DjcUk5FRiM3g5sqoQ,0,,,Centers for Disease Control and Prevention (CDC),US,newsguard_validated,
UCiO61Z2BTd18ovzJ4syJJpQ,0,Q16974093,mass media|public broadcaster|radio station,Michigan Public,US,newsguard_validated,
UCiOEUz7UCTSo6NUcQ86nFvA,0,,,FOX19 NOW | Cincinnati,US,newsguard_validated,
UCiOmTCan1HRYtZ_wWu15KJQ,0,,,WeatherNation,US,newsguard_validated,
UCiQssriHoRlOi4B0-dKeqzg,0,,,York Press,,newsguard_validated,
UCiT6hzoVYo26aXj4icVBgDw,0,,,AGENZIA ITALIA NEWS,IT,newsguard_validated,
UCiTFoGRLNCleCRKLp2sPPgQ,0,,,Glasgow Live,,newsguard_validated,
UCiTKi7Ahf3E2yMGpmIxSvgw,0,Q42307196,mass media|news media|news website|newspaper|online newspaper,Deutschland Kurier,DE,newsguard_validated,
UCiWLfSweyRNmLpgEHekhoAg,0,Q217776,mass media|television channel|television station,ESPN,US,newsguard_validated,
UCiYflk2lBBZmW8e88KJ4eVQ,0,Q6681932,magazine|mass media,Los Angeles Magazine Studios,US,newsguard_validated,
UCiZ7K91hHLNbUdspXv4z2RQ,0,,,Rivista Formiche,,newsguard_validated,
UCiaJYEd9t4NlbaE55YVtY2w,0,,,EDP24,GB,newsguard_validated,
UCialsmUlTRABKPw31VDx1eQ,0,,,Foundation for Economic Education,US,newsguard_validated,
UCiau6I1GJMLlzbkPSNZVyGg,0,,,The TRiiBE,US,newsguard_validated,
UCie7RmdcnvXA1FXHRJa7WtA,0,,,KCTV5 News,US,newsguard_validated,
UCihSJo6U-9D41Cxbf7G9MmQ,0,,,Texas Scorecard,US,newsguard_validated,
UCiiiNujtnT1ULcEXCWIFjQw,0,,,Houston Public Media,US,newsguard_validated,
UCiinSjWS3E0vtAa3DCvp7iA,0,Q115691367,mass media|media company|news agency|news media,BreakThrough News,US,newsguard_validated,
UCik8xvfR6s8GQ74QNEGNzwg,0,,,Tom’s Guide,US,newsguard_validated,
UCikDinCpHMsM4WzOF-3lSMA,0,,,Independent Record,,newsguard_validated,
UCikiDl4n1lXE7SU45pW6dDQ,0,,,The American Prospect,US,newsguard_validated,
UCilaCp8nHso-S6aL4Aqraow,0,,,The Press and Journal,GB,newsguard_validated,
UCimPtKZTASRv_OE8ylY1bMg,0,,,Ozarks First,US,newsguard_validated,
UCipWaH65hEIsOzTxO8aQUpg,0,,,Ukraina Ru,,newsguard_validated,
UCipz6thgyz8n-DtWJS2Bi4w,0,,,Canada Free Press,CA,newsguard_validated,
UCirOAEyyDfF28JecOKNQS7g,0,,,Daily Journal of Commerce,,newsguard_validated,
UCisJRPAnL0MKN70lGSfMwBQ,0,,,profil online,,newsguard_validated,
UCisemsqoWHafftXosgtj72A,0,,,menshchyna,UA,newsguard_validated,
UCiu-UZWPoNwTHbjM-aJP3Tg,0,,,Il Tempo,IT,newsguard_validated,
UCixWNsNruIsbbwaHES9pp6Q,0,,,Record-Journal,US,newsguard_validated,
UCiy8AZTLlnWQWjvLerRT-vg,0,,,Spirituality Explained,US,newsguard_validated,
UCizkcTCum-jZFOlzay0w-5w,0,,,Leipziger Volkszeitung,,newsguard_validated,
UCj01Tpnz4KfJh8DV1d2P1BQ,0,,,HillReporter,,newsguard_validated,
UCj1_UARurliL8U1jMSGShow,0,,,The Week,,newsguard_validated,
UCj3qY2tQ-4aIALjgvWcBGdg,0,,,Loveland Reporter-Herald,US,newsguard_validated,
UCj5EBPrfBtoH4PvZ6d7U0gQ,0,,,Ґвара Медіа,UA,newsguard_validated,
UCj6EKBe990fanr4MSh45Alw,0,Q2410130,mass media|media company|news agency|news media,The Canadian Press,CA,newsguard_validated,
UCj6bEkpi9qhS8fORZnxXQmA,0,,,0372 Reporter,,newsguard_validated,
UCj6iVt0NLGyj406r2kD161g,0,Q2629237,magazine|mass media,InStyle,US,newsguard_validated,
UCj6spMO3ybZPobE0T5perHA,0,,,NewsWatch Plus PH,PH,newsguard_validated,
UCj9hwWOOkOpoBNFwUijQ4ZQ,0,,,The 74,US,newsguard_validated,
UCjAQCFLFYeln2TNgXIfZcYg,0,,,The Cavalier Daily,,newsguard_validated,
UCjDsbbzHgTrGc4Ff26TJtsA,0,Q5321351,mass media|news media|news program,E! News,US,newsguard_validated,
UCjHWv2DU5-HLpogAAr386DQ,0,,,FOX 5 Atlanta,US,newsguard_validated,
UCjI99XUrHepEDxBfNA_ckEA,0,,,AOL,,newsguard_validated,
UCjIW0v5re6AvD4X2vqYgu9w,0,,,WJTV 12 News,,newsguard_validated,
UCjIxD2JsiU6RmvOXaLNthHg,0,,,azcentral.com and The Arizona Republic,US,newsguard_validated,
UCjJXPlMpsCkVhJOnc-s4oPg,0,,,Waxahachie Daily Light,,newsguard_validated,
UCjKq-J6gMrDCPOdZdXOUuVA,0,,,Western Standard,CA,newsguard_validated,
UCjKqlfvFsD5iyyCEjx9mXBA,0,,,babycenter,,newsguard_validated,
UCjKxeE6dE_ngZFKf6eCVoIw,0,,,Mississippi Today,US,newsguard_validated,
UCjOCXMpGAVxZUiBo2cTqpyA,0,,,sacurrent,US,newsguard_validated,
UCjQGZFub-h_dGZ3cqEsd6HA,0,,,Denton Record-Chronicle,US,newsguard_validated,
UCjQN6VE0lMGjPd0_kaDkhRg,0,,,Facta,IT,newsguard_validated,
UCjR4fSMxq-wa3cnkg7u982w,0,,,ilPostVideo,,newsguard_validated,
UCjRi55v27uyD31Cp0WwGS5Q,0,Q270794,media company,National Academy of Sciences,US,newsguard_validated,
UCjSOTAn-0D-57wb7cQmsDHw,0,,,Dallas Weekly,US,newsguard_validated,
UCjV4KvCCX8eFpNroQrSjZyA,0,,,GQ Italia,IT,newsguard_validated,
UCjXwCXwFwG1MvNiRRjj4qfA,0,,,News4teachers,DE,newsguard_validated,
UCjYM9_R6NEaSvEsQBBvtOFw,0,,,Alliance for Science,US,newsguard_validated,
UCja8sZ2T4ylIqjggA1Zuukg,0,,,CBS Sports,US,newsguard_validated,
UCjbNv64iBWYlJQLe-UzNAkQ,0,,,Panorama IT Campus,,newsguard_validated,
UCjdlNmZToDyVxB9ryK9mAiQ,0,Q1525213,mass media|news media|news website|newspaper|online newspaper,soesteranzeiger,Germany,newsguard_validated,
UCjdq2eSV2SgBPCnDQi29ckg,0,,,Justice Centre for Constitutional Freedoms,CA,newsguard_validated,
UCjfDxjrsYKTuG5VCHtSDK7w,0,,,Le Journal des Français,FR,newsguard_validated,
UCjiAxA6gdVy7rHAwfLYlyOw,0,,,RTM Play,IT,newsguard_validated,
UCjjBjVc0b1cIpNGEeZtS2lg,0,Q743162,columnist|journalist|podcaster|pundit,Tucker Carlson Network,US,newsguard_validated,
UCjpzEgbbDUg4YC6vpSrzsyg,0,,,WKMG News 6 ClickOrlando,US,newsguard_validated,
UCjq9ElqnV7Df6NLb4oDHKqQ,0,Q6326700,television station,KCENNews,US,newsguard_validated,
UCju0GYcvcR4i1d6Q9S7sXZQ,0,Q118536194,mass media|news media|news website,The Messenger,US,newsguard_validated,
UCjveakyTr1G6jH91QpDexmg,0,,,MarinIJ Staff,,newsguard_validated,
UCjw_p73LLxzud8HSmeAqZcw,0,,,EnquirerMedia,,newsguard_validated,
UCjxI71CwT4WSoFm7g4n4_wA,0,,,Delmarva Now,,newsguard_validated,
UCk0bWHQsPy8soETgvv3AOOg,0,,,Antipresse,,newsguard_validated,
UCk3VCdJR9rpWw_0QpqGy3kA,0,,,liberation,,newsguard_validated,
UCk4di8t80ySV8WIbX00ol8w,0,Q8030918,magazine|mass media,Women's Health,US,newsguard_validated,
UCk5YXxOHXhlbyOdQ4EvLZVg,0,Q86662765,mass media|news media|news website|newspaper|online newspaper,Today,IT,newsguard_validated,
UCk8Z3vHVDev1vngrTw3uDeg,0,,,Le Journal de Québec,,newsguard_validated,
UCkBxNTU6EQiThFk4agCRqjg,0,,,exploreVenango,,newsguard_validated,
UCkEQ-HcY0IowXGEfmeYEJzw,0,,,The Penny Hoarder,US,newsguard_validated,
UCkEWgtngMrn9AcsRTmDgPIQ,0,,,Facts Net,US,newsguard_validated,
UCkFlqgyQAi61d57iidU-d_Q,0,,,ktlathecw,,newsguard_validated,
UCkFq9v3vNd1OfxN7bU_vO8g,0,,,WDAM TV,,newsguard_validated,
UCkGrLDa-K4qd7MxA-_k-E5g,0,,,Alzheimer's Association,,newsguard_validated,
UCkIf_7Tv4FqmkNPa7Bj9yVg,0,,,La Voce di Mantova,IT,newsguard_validated,
UCkJ1N-7g9Q6n7KnriGit-Ig,0,,,RonPaulLibertyReport,,newsguard_validated,
UCkMQryNgdZ1bFAmU3mXwEyA,0,,,Catena Umana,,newsguard_validated,
UCkMZPubiJdPR2fXo_7zbGFQ,0,,,620 WTMJ,US,newsguard_validated,
UCkNJfjuNyIopt8UyC5ofhwg,0,,,Planned Parenthood,US,newsguard_validated,
UCkNel8-ePDdOJr6SZ0DXjDQ,0,,,Connecticut Post,,newsguard_validated,
UCkOMmY0C6VW5w-RCVtEvL3A,0,,,SÜDWEST PRESSE,,newsguard_validated,
UCkOiBFgIPUcfOp10ZmUcMsA,0,,,Göttinger Tageblatt,DE,newsguard_validated,
UCkRP0nS2qERsw-U-OTLbI0A,0,,,FOX31 Denver,US,newsguard_validated,
UCkSA3ePU4A7oRpS9QGoK8ZQ,0,Q57983508,mass media|news media|news website|newspaper|online newspaper,VTDigger,US,newsguard_validated,
UCkSABPjMyyabWy-x22R7dfQ,0,,,Tri-City Herald,US,newsguard_validated,
UCkSEq4JuI5VxqWIrRY2-pew,0,Q89719,YouTuber|blogger|journalist|pundit,Boris Reitschuster,DE,newsguard_validated,
UCkU5xXRmxcfjSO5pNiCASbQ,0,,,MeinBezirk - Österreichweite Nachrichten,AT,newsguard_validated,
UCkVHhnRTlVNz3uSZVL1Gt0Q,0,,,Redazione Linkiesta,,newsguard_validated,
UCkWNlT_THTCAIcwvXEWqZTQ,0,,,Le Nord-Côtier,,newsguard_validated,
UCkYs4uXFlhayMk_y3uTIHsA,0,,,NOTIZIE,IT,newsguard_validated,
UCkbFg3fDjlHr486c8bCDE5A,0,,,HumanEvents,US,newsguard_validated,
UCkbVuy-ZwTV1pO_DdLXV0nA,0,,,theinlander,,newsguard_validated,
UCkerzLmK90h8ISYx9O_Q1dQ,0,,,Alachua Chronicle,,newsguard_validated,
UCkfJTQigsy0AtDG3pXEPZTQ,0,,,TheSunshineStateNews,,newsguard_validated,
UCkhDT0wgMF0Z3g4VaHeGr8w,0,Q6824732,newspaper,Metro Times,United States,newsguard_validated,
UCkjNuLzfw5Ep7EJuMdeFylw,0,,,Toronto Sun,CA,newsguard_validated,
UCkkztuiHDPQ7YpPSeG71r8w,0,,,"Kevin Pho, MD",US,newsguard_validated,
UCkpMCLrDFxb1n74GOOw81-w,0,,,WBEZ Chicago,US,newsguard_validated,
UCkr9qZ5tj9dGd7JvE3a8X4Q,0,Q7952573,television station,WLWT,US,newsguard_validated,
UCkrBtvHT2Vhb2fpdgPOMIlg,0,,,Wall Street Italia,IT,newsguard_validated,
UCkrwgzhIBKccuDsi_SvZtnQ,0,,,Forward Guidance,US,newsguard_validated,
UCktceZtn0Kxd53qjjM2KzqA,0,Q7957647,television station,FOX59 News,US,newsguard_validated,
UCl-tOPrYj-arumuX7A-0KcQ,0,,,The Greenville News,US,newsguard_validated,
UCl0vYj7HgMTuhogiFgy79oQ,0,,,The Jim Bakker Show,US,newsguard_validated,
UCl42t6X-8sc0UGkmWo0TYOg,0,,,The Centre Daily Times,US,newsguard_validated,
UCl6dwDYMqMjnHQ-hmJoWp8A,0,,,BrexitCentral,GB,newsguard_validated,
UCl70yzESgK_n-bHbLYQ1BSw,0,,,The Birmingham Times,US,newsguard_validated,
UCl791j-PxhtLRyRUi2aP9jQ,0,,,5Pillars,GB,newsguard_validated,
UClBlHxsL6Z2bCsuXxbb4MvQ,0,,,IlSecoloXIX Genova,,newsguard_validated,
UClCTq_vu_ozwRA6vyXDyigw,0,,,drnorthrup,,newsguard_validated,
UClDRiaJlnOe1xizrbd67VTw,0,,,MEDITERRÁNEO DIGITAL,ES,newsguard_validated,
UClGQgivgZUwa2WC1icYxPAQ,0,,,The Raging Patriot,,newsguard_validated,
UClH2klMh2oTPeFT2uyWqe2A,0,,,The Journal Times,,newsguard_validated,
UClJ8TijOSL4CxheypEDc_Kg,0,,,Salzburger Nachrichten,AT,newsguard_validated,
UClMs26ViHFMy7MS897Alcxw,0,,,FOX 2 St. Louis,US,newsguard_validated,
UClQbJ-4fOCa14ju2V6YqTDg,0,,,Manuel Petitat,CH,newsguard_validated,
UClR8YIQX5Fb8J2wmsUKLhvQ,0,,,American Academy of Pediatrics,US,newsguard_validated,
UClTKA4g2BdD2THYNJp1DMqA,0,,,ECDC,SE,newsguard_validated,
UClUH-0YUMxi9PqB88eSHv8Q,0,,,SakerItalia,,newsguard_validated,
UClWCQNaggkMW7SDtS3BkEBg,0,Q275033,magazine|mass media,Entertainment Weekly,US,newsguard_validated,
UClXiZS-gBgJrnv1nT4Y4Sig,0,,,guntruth,US,newsguard_validated,
UClYF2DP9n6_OgYgO7D7cM0A,0,,,Sachsen-Anhalt AKTUELL,DE,newsguard_validated,
UClaIZayJYZunD66ib5e32og,0,Q4701671,newspaper,Akron Beacon Journal,US,newsguard_validated,
UClbB81tMIIeAYfDU4EkrdDQ,0,,,insauga,CA,newsguard_validated,
UClbwTo_ocM5JFYIfW-bvXQg,0,,,The Political Garbage Channel,,newsguard_validated,
UClc3beJiZHClP1ExFdBSIJA,0,,,Next Big Future,US,newsguard_validated,
UCldOUTYzEj513cLmSkmnVzQ,0,,,Verywell Health,US,newsguard_validated,
UClfP9CpLAaw5xufqcifmxGg,0,,,Kölnische Rundschau,,newsguard_validated,
UClfbSj-gmJ5J02lAbMYAFkQ,0,,,Albuquerque Journal,US,newsguard_validated,
UCliYKeCLfl2wsoRlHnz_1vg,0,,,Contro TV,,newsguard_validated,
UCljKGzQlflgbbxdvygygOew,0,,,InterNapoli,IT,newsguard_validated,
UCljy6_3EPeAybTZ6huAnyjw,0,,,uncutnews.ch,CH,newsguard_validated,
UClk-6v0THURKI53Wn0iODsA,0,,,AllgaeuerZeitung,,newsguard_validated,
UClkErnblX5Ms6iYWY-ySmlQ,0,,,Black Hills Fox - KEVN - South Dakota Local News,US,newsguard_validated,
UClkh00cS2e23tzFeJv7toPg,0,,,The (San Bernardino County) Sun,,newsguard_validated,
UCllyIkZaUy2zg-smrWiahow,0,,,News 3 Las Vegas,US,newsguard_validated,
UClm6c0hgGMuqnzEx7tuha6Q,0,,,NorthcentralPa.com,,newsguard_validated,
UClpLYLT-sClR669PadMYUxw,0,,,Hannoversche Allgemeine Zeitung / HAZ,,newsguard_validated,
UClqMTBRCRvezyEhecucIznQ,0,,,Thought Catalog,US,newsguard_validated,
UClvzcqTmh-Oa-PzcPJRB3Zg,0,,,Il Dispari Web Tv,IT,newsguard_validated,
UClwddNv0Cr6SIEGkzVK886w,0,,,FOX 9 Minneapolis-St. Paul,US,newsguard_validated,
UClxaaAzHu1B5EoTtBYea7ig,0,,,Radio-Canada Info,CA,newsguard_validated,
UClycxHtPpUjrmfrIxy_515A,0,,,National Center for Missing & Exploited Children,US,newsguard_validated,
UClzDDgsD93ApmuyEQAYg03Q,0,,,ZUERSTdeutschland,,newsguard_validated,
UClzkyoMAIXGAYh-mAuLoKAQ,0,,,New York Amsterdam News,US,newsguard_validated,
UCm-kyP6cRr3iI_Sf7X9SDoA,0,,,Stand for Health Freedom,,newsguard_validated,
UCm-xb5mPwS2KsTOy8dM1btQ,0,Q55665316,newspaper,Saline Courier,United States,newsguard_validated,
UCm1ilvByQlcDkuVq1VAxxBg,0,,,Substack,US,newsguard_validated,
UCm20J1Zee3cQVxut0RQBbGA,0,,,Nova'ctus,,newsguard_validated,
UCm2hkTEmhavWziVjqGGJZMQ,0,,,StAugustineRecord,US,newsguard_validated,
UCm3af9XtbGdk_TiQy1mYvbw,0,,,NYup,,newsguard_validated,
UCm3egOccLDKBYMdrp25CHow,0,,,Think Americana,,newsguard_validated,
UCm4fSpMpPIZ9z6KHoezLUAg,0,Q19912,mass media|radio station,RFI,FR,newsguard_validated,
UCm5tLb7oHVgVPGfKhi7mHVQ,0,,,LancasterOnline,US,newsguard_validated,
UCm7yGiFpyRUo7I3qqfk2CqQ,0,,,IBJ Media,,newsguard_validated,
UCm8BFuyDeGQ7Mi80hNKe7ZA,0,Q17072806,newspaper,Opelika Auburn News OANow,United States,newsguard_validated,
UCm8RLxPfpn7r6Nuu8lKnerQ,0,,,VOZ,US,newsguard_validated,
UCm8c3GJ8-zYVKk9aKQrDw8g,0,,,American Psychiatric Association,US,newsguard_validated,
UCm9AjFdUm7tnIO4QOY6GpqQ,0,Q138571776,mass media|news media|news website,San Antonio Report,US,newsguard_validated,
UCmDxZ7bACHExnYYh-j8wnpA,0,,,Spectrum News NECN,US,newsguard_validated,
UCmEf9Mu__uomEiSWV7v9OqQ,0,,,Digital Journal,CA,newsguard_validated,
UCmFqrjad9goZEuZ0OLzz-lg,0,,,Killeen Daily Herald,,newsguard_validated,
UCmHowXcOMg8_-4KbthmBoUQ,0,,,PoliticsHome,GB,newsguard_validated,
UCmHw3H5Eq05tksL0Df-XP_A,0,,,La Voix du Nord,FR,newsguard_validated,
UCmKKVuZrBfSGiuvtOuipoDA,0,,,NBC Bay Area,US,newsguard_validated,
UCmL2pyZOCTQl0-ntGBWDZIQ,0,,,Moyers & Company,US,newsguard_validated,
UCmLdaFXGbXvrxPAdlAJktDg,0,,,KSN TV,US,newsguard_validated,
UCmPEwttgmUbnG6oF-TsFlbQ,0,,,Libero Quotidiano,IT,newsguard_validated,
UCmPl-z-TL8XjVaUex5wcBBg,0,,,dazonlinetv,DE,newsguard_validated,
UCmQRypK6kAcujJAlYZpFW8Q,0,,,PETA (People for the Ethical Treatment of Animals),US,newsguard_validated,
UCmS9EMj4GWBe3vSnQ6G39Sw,0,,,GPB News,US,newsguard_validated,
UCmT6-ChKpaiIVu2fhEIsNtQ,0,,,misesmedia,US,newsguard_validated,
UCmT7hTV8VJU6CiCGEs6hFbw,0,,,The Free Thought Project,,newsguard_validated,
UCmV-geKZ_q_OFBmyPYBPpCg,0,,,Positanonews TV,IT,newsguard_validated,
UCmXUVzELvqEsWukMD3AvqoA,0,,,Baby Chick,US,newsguard_validated,
UCmZJz1J64RD7Ur7tI09s-FA,0,Q6339150,television station,KTSM 9 NEWS,United States,newsguard_validated,
UCmaSRL3oEAYWnVebSV0RHpw,0,,,Francesco Abbruzzino w The Scoop,US,newsguard_validated,
UCmdP9MXOuwD8CNqPZOSDomg,0,,,Glenwood Springs Post Independent,US,newsguard_validated,
UCmeUtez2-qlAa48H7fNpT7A,0,,,Videos LaNouvelle,,newsguard_validated,
UCmgu59JcMrmfdY6KZ0R9ROQ,0,,,DiariodelWeb.it,IT,newsguard_validated,
UCmi4tHXXktvPxxcvfi2vpLQ,0,,,WNEM TV5,US,newsguard_validated,
UCminx_9bdEOPDmmLzUhpoSQ,0,,,Corse-Matin Presse,FR,newsguard_validated,
UCmjsff0sxdTH036-pMoLSXw,0,,,KREX News 5,,newsguard_validated,
UCmn9NOjiB3SaF8y6-X5GN9A,0,,,BroBible,US,newsguard_validated,
UCmn_gm0xQkHUlWl0UROUK2A,0,,,Triad City Beat,,newsguard_validated,
UCmnkhUgYiq5k4_oL_ueGWqw,0,Q107901416,mass media|news media|news website,New Jersey Globe,US,newsguard_validated,
UCmo02peDKZvgpJj3TT2Jt_A,0,,,Dana-Farber Cancer Institute,US,newsguard_validated,
UCmoMxFxfjHJIicCv1eV_tSA,0,Q3875645,mass media|news media|news website|newspaper|online newspaper,Tgcom24,IT,newsguard_validated,
UCmq2pG9uYmTvqaN5QIfZeyw,0,,,U.S. Government Accountability Office (GAO),US,newsguard_validated,
UCmq6cHYJ4M5tJrRj143fjxw,0,,,Dewezet,DE,newsguard_validated,
UCmrUZ_wNBZMiYVQbwO3mDGg,0,,,Der Wächter,,newsguard_validated,
UCmvvRkCC_GhcHn3P2S07UQA,0,,,WMBFNews,,newsguard_validated,
UCmyGH1tjNBs2VFtVSAtmNOg,0,,,AARP,US,newsguard_validated,
UCmzRVXGimplT5xR_c4lddJg,0,,,The Janesville Gazette,US,newsguard_validated,
UCn0sxo5Ocp8eSFqr9F1URpg,0,Q7954212,television station,WPDE ABC15,United States,newsguard_validated,
UCn2g2Wy8uiE9BhDPV4knT7A,0,,,On3,US,newsguard_validated,
UCn4tcs_bge7r1c6ONMjgxYA,0,,,OnlineAthens,,newsguard_validated,
UCn7285bO_vEziJ9brPtkFMA,0,,,WCAX Channel 3 News,US,newsguard_validated,
UCn7N0PrIQnf90MesCa_W2LA,0,,,Huntsville News,US,newsguard_validated,
UCn8LpnCsR7pFBvQwtGzNTag,0,,,GoUpstate / Spartanburg Herald-Journal,US,newsguard_validated,
UCn8zNIfYAQNdrFRrr8oibKw,0,Q249838,magazine|mass media|news media|news website,VICE,US,newsguard_validated,
UCnAy3dlHSIL11HWWipf3Gbg,0,Q96774,journalist|pundit,David Dr. Berger,Germany,newsguard_validated,
UCnB7so0-MEE2_upz9wv1rcQ,0,,,Sain et Naturel,,newsguard_validated,
UCnCnvWWUiBKZ1SJwvh-fd3A,0,,,Wolfsburger Allgemeine Zeitung,,newsguard_validated,
UCnFrQ2IXQlW6sFPe4ys09rQ,0,Q691047,public broadcaster,SR deins,DE,newsguard_validated,
UCnIWNujSpiiuH29-TBCz9aw,0,Q3553781,newspaper,VA Plus,FR,newsguard_validated,
UCnJ8fyizHQi6A_5_5Im7cVA,0,,,Boursorama,FR,newsguard_validated,
UCnJbIJ2DO3QGnLxFxTTlMkw,0,,,Healthline Mental Health,US,newsguard_validated,
UCnKYBTzfcyzIsd9aqczP0JQ,0,,,"KY3 News - Springfield, Mo.",,newsguard_validated,
UCnNCJm2WlFUK8tv5_oJ7EsA,0,,,NextShark,US,newsguard_validated,
UCnReOAn6-xSb_ultl6U0d9w,0,,,Before It's News,,newsguard_validated,
UCnSXdCNbGIrWH0l1yC3YULw,0,,,Project Syndicate,CZ,newsguard_validated,
UCnUHnsMicNtKYf-VV2H9J3A,0,Q7008550,newspaper,New Haven Register,US,newsguard_validated,
UCnVjidHzypKf5oTKWSA1G3g,0,,,Michael Heaver,GB,newsguard_validated,
UCnWi59TPymx0_qt7PX3VeNA,0,,,PIX11 News,US,newsguard_validated,
UCn_UP6wdgfFrtm-kuXMAbWg,0,,,TheWrap,US,newsguard_validated,
UCn_smTYmROafIdN_Ykomy8w,0,,,France 3 Toutes Régions,FR,newsguard_validated,
UCn_uMY15GlwaPpx80-WjR6g,0,,,Occupy Democrats,US,newsguard_validated,
UCnbLczBg2EePN6iiCI96chA,0,,,CherryRoad Technologies,,newsguard_validated,
UCnd4U4dCZC7odQiytVBk43w,0,Q4789787,newspaper,Argus Leader,US,newsguard_validated,
UCneXGesND4MmitQSwlwOupw,0,,,People en Español,,newsguard_validated,
UCnfkCL2cpuHczacOUWJ-E3Q,0,Q7688784,newspaper,Taunton Daily Gazette,US,newsguard_validated,
UCnhqfkI2yMPv2W-4WIsBLcQ,0,,,foxfly23,,newsguard_validated,
UCnkG_c5cyemVVsgCDoHiXew,0,,,Kyle Olson,US,newsguard_validated,
UCnnpmd3JgAaM2LesY99npNg,0,,,TV Oberfranken,DE,newsguard_validated,
UCnoV3nw1GKcp4GUxJywU_uA,0,,,newstalkkzrg,,newsguard_validated,
UCnp5nmaQblpPnEd2Jb91GPQ,0,,,Oberhessische Presse,DE,newsguard_validated,
UCnrubbmyCz8krGnpsbhJRYg,0,,,Mongabay,US,newsguard_validated,
UCnsvJeZO4RigQ898WdDNoBw,0,Q50009,newspaper,EL PAÍS,ES,newsguard_validated,
UCnwI-VN5jXWIGQKOI9PMDMw,0,,,WPRI,US,newsguard_validated,
UCnwOYoX7b4CCWQ77l4ikNHQ,0,,,BecauseofThemWeCan,,newsguard_validated,
UCnwP4ncVOidDK7jK56Acg0Q,0,,,Cedars-Sinai,US,newsguard_validated,
UCnxZsywm_0xPy-kZVO7XwFA,0,,,KOMU 8 News,US,newsguard_validated,
UCnyPpWb8_rKNXHlxREVGzeQ,0,,,NonstopNews Germany,DE,newsguard_validated,
UCo-e4BxIefy5zRS_89mFGlQ,0,,,KOLD NEWS 13,US,newsguard_validated,
UCo1ciy0pTN-uewCUeWaFeUw,0,,,WFXL / FOX 31,,newsguard_validated,
UCo1sWTbnjscL8JqlNr-UCEg,0,,,Shared,,newsguard_validated,
UCo30hbSt6D9z2ObnR4Goo0A,0,,,LasVegasSun,,newsguard_validated,
UCo5E9pEhK_9kWG7-5HHcyRg,0,Q60656247,mass media|television channel,COURT TV,US,newsguard_validated,
UCo5PYmixZLbCpJGusChhu9g,0,,,Digital AIM Media,,newsguard_validated,
UCo7BU0yjccy7NUaSXBys9dw,0,,,The Sun Chronicle,,newsguard_validated,
UCo9TMgZ0fX9VVw_so8sr3CQ,0,,,MedCity News,US,newsguard_validated,
UCoDP7Nxmqha7In6Bz-btkRg,0,,,WSBTV,PL,newsguard_validated,
UCoDyBtyP-3WC6z56EMMnj6A,0,,,KRGV,US,newsguard_validated,
UCoEOCk0twe1PI8JqVUkgKjg,0,,,Scott Dworkin,US,newsguard_validated,
UCoEzcOKpqu__u2EgQxLs2mQ,0,,,Gazette Visuals,US,newsguard_validated,
UCoHk4ywu_5PakaJwVc6vO1Q,0,,,Apotheken Umschau,DE,newsguard_validated,
UCoHnROrHt1MAQz9zTBJh1hw,0,,,GMA,,newsguard_validated,
UCoI5XGjjzd7Z2PBwD4yLEkw,0,,,REPORT 23,US,newsguard_validated,
UCoIhMkbeDRBImkGiA5mZp5A,0,,,KOCO 5 News,,newsguard_validated,
UCoJoJDmmqTJutQMP5RAQsMA,0,,,,,newsguard_validated,
UCoKqUtcUtf8QPb0GWxe5e7Q,0,,,The Information,US,newsguard_validated,
UCoL9vRgaCN7Y7xbpQB60sdQ,0,,,КУРС,UA,newsguard_validated,
UCoMkJtubO2MhiCktOkUAi7Q,0,,,Star-Advertiser,US,newsguard_validated,
UCoQ2FA1mA1XyNvbFO2LwU1g,0,,,WILX News 10 Promotion,,newsguard_validated,
UCoQA_j2qZf9nk7_GHbqTdlQ,0,,,The Libertarian Institute,US,newsguard_validated,
UCoQQwkwlxqHyy37SWT7p8cQ,0,,,Cancer.Net,,newsguard_validated,
UCoR2csvc9d8xC4jpMcFjHcA,0,,,BB4SP,,newsguard_validated,
UCoS-mm5bC5eY07AaKntKzgw,0,,,Human Rights Watch,US,newsguard_validated,
UCoUSj4uM5m6E3op-ysRrGGw,0,,,Grandenapoli,IT,newsguard_validated,
UCoUxsWakJucWg46KW5RsvPw,0,Q183399,newspaper,Financial Times,GB,newsguard_validated,
UCoe5u1Hr0tHkJVzgsiKoMJg,0,,,WTVC NewsChannel 9,US,newsguard_validated,
UCoezt_G_R1StXvrQ3NxJH-Q,0,,,Il Vaso di Pandora,IT,newsguard_validated,
UCofFquMFcHB_a0eeEwh5UmA,0,Q7950009,television station,WGXA,US,newsguard_validated,
UCofkZsTaxelnRUrmOL6DTaQ,0,,,ABC 17 News,,newsguard_validated,
UCogrSQkBJn1KF0N9I4oM7eQ,0,Q109782642|Q7894217,journalist|mass media|news media|news website|podcaster,Fraser Cain,CA,newsguard_validated,
UCohsGFc_fveBnq33klj_lSA,0,,,Rural Assembly,US,newsguard_validated,
UCoiTBgamLMOMUr-vVdwI9Aw,0,,,TV6 AND FOX UP,,newsguard_validated,
UCojA_83p4GkHr7Q_vAyBklg,0,,,Jacksonville Daily News,,newsguard_validated,
UCojNA7ZvnmGuIvYnm44wl3Q,0,,,WLKY News Louisville,US,newsguard_validated,
UCokaZgH5Ag9IyzmHhrPcrvw,0,,,Andrea Bongioanni,,newsguard_validated,
UCombGe_D0xJOAtLgKh9HbXA,0,,,QS24 - Schweizer Gesundheitsfernsehen,CH,newsguard_validated,
UCooUV6rU2bPDbyB8NQl4ebQ,0,,,The Daily Californian,US,newsguard_validated,
UCooi_pDXUOUiC_GE-hFAfXg,0,,,American Sexual Health Association,US,newsguard_validated,
UCoons2qfAWy-BU-UGFScFOg,0,,,Bolivar Herald-Free Press,,newsguard_validated,
UCoqcvII0TQaevTBnsS0ys7Q,0,,,StarNewsOnline,US,newsguard_validated,
UCosGW3kC-q8n0VTCJxwqM5g,0,,,AMi AMi,,newsguard_validated,
UCosNuCC96Oicg_3CqBCfuRg,0,,,Sacramento Bee,US,newsguard_validated,
UCosYglPpOigr8_mJFody7gg,0,,,Climate change,,newsguard_validated,
UCouaZqnOJay2Lacj8fomO3Q,0,,,FOX NASHVILLE,US,newsguard_validated,
UCoumKpcPlYB3z1C4h1MlzQg,0,,,Billings Gazette,,newsguard_validated,
UCox2P6tNoEcuIWFH2s2dFeA,0,,,KEYC News Now,,newsguard_validated,
UCoxV5yIfZgJxHgCe7QNIjzw,0,,,Il Riformista,IT,newsguard_validated,
UCoyFmw4a9MjPfyhd4JZBU0g,0,,,Clash Daily,,newsguard_validated,
UCp1KrVaZDZ7BOI_QBuTWWmg,0,Q3191412,television station,KING 5 Seattle,US,newsguard_validated,
UCp2IJN17NMXfw0PLvoHdujQ,0,,,Made in Marseille,FR,newsguard_validated,
UCp2kK3DyhpgFOdILF3BBC9A,0,Q770596,newspaper,L'Express,FR,newsguard_validated,
UCp5EP976ZmsydXhMEZnisDg,0,,,Euromaidan Press,EE,newsguard_validated,
UCp5lb5CeO-XdeQTe_g4K9Zg,0,,,Il Granchio,,newsguard_validated,
UCp63GYn2KHv6PRetnXlS_gg,0,Q5209320,newspaper,RedBluff DailyNews,,newsguard_validated,
UCp6aBHRM6ZS_kLeC57HV4kg,0,Q7711656,media company,TheStreet,US,newsguard_validated,
UCp6yMWT7VTXdHRxGQ3gOpLw,0,,,foxnews,,newsguard_validated,
UCp7GjhL0gj1KaiUHtPELxNg,0,,,Daily Herald,,newsguard_validated,
UCp7NBbx93BDRMe2jM2h-Wpw,0,,,Capital Research Center,US,newsguard_validated,
UCpB78IGoRWWUeWQyHaYvusA,0,,,Scripture Spot,US,newsguard_validated,
UCpCwmdAytt5K3QlupLUQVjQ,0,Q48970035|Q56236498,newspaper,The Daily Journal,United States,newsguard_validated,
UCpGnvIUZbg994_gnmckILKg,0,,,TheColumbusDispatch,US,newsguard_validated,
UCpIIsfqRWz9MwJe3lX4z5pQ,0,,,Concord Monitor,,newsguard_validated,
UCpKcsKKx97iT9MltKfbTklQ,0,Q5601874,mass media|news media|news website|newspaper|online newspaper,GreekReporter,US,newsguard_validated,
UCpKxLLae9YXj7ihrlN58pyQ,0,,,InkFreeNews,US,newsguard_validated,
UCpL_jdci_e82tIRLJMtrCfg,0,,,The Nevada Independent,US,newsguard_validated,
UCpQiwFjomzBHJN-TpdLZxBg,0,,,48 News,US,newsguard_validated,
UCpRQuynBX9Qy9tPrcswpPag,0,,,The Motley Fool,US,newsguard_validated,
UCpR_4YnLJAphcr0VI5yR5SA,0,Q6340338,television station,FOX5 Las Vegas,US,newsguard_validated,
UCpUU7njTLZf5tEWqq972pAw,0,,,Медіа-хаб ТВОЄ МІСТО,UA,newsguard_validated,
UCpVm7bg6pXKo1Pr6k5kxG9A,0,Q157118,mass media|media company|television channel|television station,National Geographic,US,newsguard_validated,
UCpY_s2vI-rbSik5vBuGy44w,0,,,Salem News Journal,US,newsguard_validated,
UCpZ5qUqpW4hW4zdfuBxMSJA,0,,,Mental Floss,US,newsguard_validated,
UCpZrDNeayIsEL5_8hYrBC7Q,0,,,Hudson Valley Post,US,newsguard_validated,
UCp_0KR7dSQ--GLm3_gBo3sA,0,,,CJDC-TV News,CA,newsguard_validated,
UCpbR0J7AI_f-MxSmmX2wb9w,0,,,Secret NYC,US,newsguard_validated,
UCpf6efsF90gmury4j7quNjw,0,,,Elephant Journal,US,newsguard_validated,
UCphfPDeHIsRXcQ_v7nIjL1Q,0,,,AleteiaFR,FR,newsguard_validated,
UCpko_-a4wgz2u_DgDgd9fqA,0,Q5003490,media company,BuzzFeedVideo,US,newsguard_validated,
UCplFx2Ys-EbFp2GJb_o6euQ,0,,,WSIL “WSIL TV 3” Carterville,,newsguard_validated,
UCplFzk41GPh1gGjDLbQ4qtA,0,,,ROLLING STONE Deutschland,,newsguard_validated,
UCpmb83_U37eDBlgEezsxK7w,0,,,WBAL-TV 11 Baltimore,US,newsguard_validated,
UCprQWxc91NtC1Jx1iuEbC-Q,0,,,The Spinoff,NZ,newsguard_validated,
UCptYn8_-yppTxXj46GlW_hg,0,,,EBONY Magazine,US,newsguard_validated,
UCpth1tBRis3uIFgZq90ah5g,0,,,The Macomb Daily,,newsguard_validated,
UCpuP7nSKi6r0VjzxG4DYWpQ,0,,,The St. Louis Post-Dispatch,US,newsguard_validated,
UCpugeZUO4F8H7YC_H_EDirA,0,,,MRC-Video,US,newsguard_validated,
UCpvy7R6hAUqAAZQI0rQIcxw,0,,,Sarasota Herald-Tribune,,newsguard_validated,
UCpz5tmmeJzj6I81DlEDH9jQ,0,,,NBA Young Boy Kids,,newsguard_validated,
UCpzzDK3ErX27w4_zZlqiR-Q,0,,,Barrie 360,CA,newsguard_validated,
UCq-b0dwW97YRZWgSCikWQRA,0,Q870443,newspaper,DIE WELTWOCHE,CH,newsguard_validated,
UCq0fRwh8ugRX1BQLOt4Y16A,0,,,TheMPDailyNews,,newsguard_validated,
UCq0tRNs5APM6MCyKgtqinFg,0,,,Waco Tribune-Herald,US,newsguard_validated,
UCq1dyQdwtexheC1QDJZfPyg,0,,,Funke Thüringen - TA - OTZ - TLZ,DE,newsguard_validated,
UCq3QhkV1-S5KonNKUqQP8fw,0,,,Michele Santoro presenta,,newsguard_validated,
UCq4LMtXMLtaPLzAZurJqQxg,0,,,Clarion Ledger,,newsguard_validated,
UCq5eFKGsBgtVkRoyDYcNAXA,0,,,Working Mother Magazine,,newsguard_validated,
UCq6jYgbPEh-lttcUsvPCbsg,0,,,16 WAPT News Jackson,US,newsguard_validated,
UCq8mFCr9OQo9fvXLhRyL4iA,0,,,Le Gorafi,,newsguard_validated,
UCqC9wT9TI5Va0yWG77-q3IA,0,,,The Seattle Times,,newsguard_validated,
UCqDsOEMBTH8Ypk84vaKsKrA,0,,,Valley News Live,US,newsguard_validated,
UCqJ_5ZCP8_WEXW4xJWsSNTw,0,,,Virgilio Video,IT,newsguard_validated,
UCqLj_VGACwmDa0FZ4UV3j-w,0,Q20708257,magazine|mass media,Bustle,US,newsguard_validated,
UCqM2KCivU8WXj1_FWqoxlDg,0,Q119729884,mass media|news media|news website,Réseau International,FR,newsguard_validated,
UCqNPpzfFRh29-ULwkF0ys0w,0,,,Winnipeg Sun,,newsguard_validated,
UCqNfXxfww4ATBZsbv64nwRg,0,,,Maura Dowling,US,newsguard_validated,
UCqO3GxVYutcugyknCWdAcUA,0,,,NEJM Group,US,newsguard_validated,
UCqPQEDZT2tLDvu6G8jvOSWg,0,Q107849181,magazine|mass media|news media|news website,Contagion Live,,newsguard_validated,
UCqQs28K2zj2dOsc5NfXUKEg,0,,,Benzinga,US,newsguard_validated,
UCqRSWOqkW_oelrdUN7KQ-aQ,0,Q3230275,magazine|mass media|news media,Les Numériques,FR,newsguard_validated,
UCqS_xL-oefkRoCZJ5LKWPuQ,0,,,NoticiasCubanet Cuba,US,newsguard_validated,
UCqU2iMFdzqfexHNfxTcPJzw,0,,,"WTXL - Tallahassee, FL",,newsguard_validated,
UCqV-CJLa5ZBQUcLYlMo0bWw,0,,,PhillyVoice.com,US,newsguard_validated,
UCqVnkns6Gf3W7J9zWZE4EqA,0,,,Leafly,US,newsguard_validated,
UCqVoI_h-KDvVS8E-b8s3m_A,0,,,ISS - Istituto Superiore di Sanità,IT,newsguard_validated,
UCqWniBDtC3jPyP23GqjwrIg,0,,,WAOW,US,newsguard_validated,
UCqZQlzSHbVJrwrn5XvzrzcA,0,Q3046048,mass media|television channel,NBC Sports,US,newsguard_validated,
UCqb2rVdgr48K7eLX0ggMHUw,0,,,HersfelderZeitung,,newsguard_validated,
UCqdOvfSmM2NKRNE0FSbATuw,0,Q7956506,television station,FOX 29 Philadelphia,US,newsguard_validated,
UCqeXB2WsPdzcdCdP-bUc52g,0,,,Fast Company,US,newsguard_validated,
UCqftsyRDRf69fLyG2AGv3mA,0,,,Triple M,AU,newsguard_validated,
UCqgLGmwFAy6XQtvT5oVBeCw,0,,,The China Project,US,newsguard_validated,
UCqgRhvFnTDL8MtIJb84RSHQ,0,,,Reutlinger General-Anzeiger,DE,newsguard_validated,
UCqgrelsJF19-0cwCwiKULuA,0,,,Epoch Times France,FR,newsguard_validated,
UCqiLgplFDymhp9Yad4mDg3w,0,,,Off The Press,US,newsguard_validated,
UCqihn-jTsq9s4HsLEyJQM3A,0,,,Boston Herald,US,newsguard_validated,
UCqk7J74c0gWpV9p7eVglFZw,0,,,FOX 8 News Cleveland,US,newsguard_validated,
UCqmQ1b96-PNH4coqgHTuTlA,0,,,ARD,DE,newsguard_validated,
UCqpCXlLyVGqtajfRVbk2K_g,0,,,Holland Sentinel,,newsguard_validated,
UCqrKM1eDhnDyn9K_CrDTRBg,0,,,ABC 36 WTVQ-TV,,newsguard_validated,
UCqsDMOucTPxRHDgsvfrwxWw,0,,,Eyewitness News WEHT WTVW,US,newsguard_validated,
UCqvtjfI2zzRl_2W_KpEnuMg,0,,,WMTW-TV,,newsguard_validated,
UCqw2HeKIY-7j423EMdw_6vw,0,,,watson.de,DE,newsguard_validated,
UCr30oQZEu1FqyYKvS2KEx0Q,0,,,Sojourners,,newsguard_validated,
UCr7ZFxNlDvb3waeoTN1_3mA,0,Q2272618,magazine|mass media,Teen Vogue,US,newsguard_validated,
UCr7gh2Z4NzcMlRdwqavYcgw,0,,,The Sault Channel,CA,newsguard_validated,
UCr7iizAZIbXNuznvNbeMSOQ,0,,,Houston Press,US,newsguard_validated,
UCr7mSqQx_aW0eWS83QSBrHA,0,,,BNN BREAKING NEWS NOW,,newsguard_validated,
UCr8tMU1xCNct3uI2MScURcw,0,,,Richmond Free Press,,newsguard_validated,
UCr9QWb5RKLfaunjKHJZAdQQ,0,,,ZDNET,US,newsguard_validated,
UCr9uZpJkJsf8gfIZwroXYGg,0,,,La Provincia Pavese,IT,newsguard_validated,
UCrDQ4JBddISVVrZY-CFy7lw,0,,,Town & Country,US,newsguard_validated,
UCrEDkq2oTzmghi63bivFyPA,0,,,AdAge,US,newsguard_validated,
UCrFzKEjvjG8sIz6FYYwT9Ww,0,,,La Sicilia,IT,newsguard_validated,
UCrG_xSjSf5TtFDZGexsS4dQ,0,,,Macmillan Cancer Support,GB,newsguard_validated,
UCrJWWrN-jsSau3Kmb1WUeCw,0,,,TMZ Now,US,newsguard_validated,
UCrLGxsBRktzKo-KNWC-nfEw,0,,,WTOL11,US,newsguard_validated,
UCrOxH0-GHL6cPXw8oLXi2FQ,0,,,Canale 10 - TV Regione Lazio,IT,newsguard_validated,
UCrPtFeDPm7r4xrk81Nz7jpg,0,,,theWashingtonMonthly,,newsguard_validated,
UCrQwsuNzVMhhdf4SfHmeNEQ,0,,,Stamford Advocate,,newsguard_validated,
UCrT4OR6R-THV3XUvfGPS9qQ,0,,,UpNorthLive,US,newsguard_validated,
UCrTWMuZyAIRP_IRxfO20k3w,0,,,WNYC Studios,US,newsguard_validated,
UCrWtfbfTrZn9penvY3xwWig,0,,,KAKE News,US,newsguard_validated,
UCrXWhdyVXmTz0_wZyKcgg7Q,0,,,RadioRPR1,DE,newsguard_validated,
UCrZE-1EnSlpXHTvEAXaucAQ,0,,,SierraClub,US,newsguard_validated,
UCr_mWCW4oghRSfKM1vo1YYw,0,,,Radio1 Tahiti,,newsguard_validated,
UCrbOGpnOudmETQ0WZkyvD8g,0,Q1026672,newspaper,Calgary Herald,,newsguard_validated,
UCrd4wzQvN6wcnS-xKalueIA,0,,,Hometown Life,US,newsguard_validated,
UCrd5zW6kiV52XuvOvIeYrEQ,0,,,"Kelly Brogan, MD",,newsguard_validated,
UCrdlhCs98ziWD-M2cbpKCpA,0,,,Maui Now,US,newsguard_validated,
UCre-yQuQ1DpKOCzQ04MfFfA,0,,,Focus Junior,IT,newsguard_validated,
UCrg4C3ro-FW8MGH_ayIUk_g,0,,,KFYR+,US,newsguard_validated,
UCri49Rr8MX6A47ZhSBpF7tg,0,,,Mighty Michigan,,newsguard_validated,
UCrkhryqZABVzsGvfeAp0uIw,0,Q546003,magazine|mass media,The BMJ,United Kingdom,newsguard_validated,
UCrlIS7z20CnVaCrMvdkig_g,0,Q2699014,television station,Eyewitness News ABC7NY,US,newsguard_validated,
UCrm4nmlcVWF32mpTLY27DEA,0,,,Sentinel and Enterprise,US,newsguard_validated,
UCrmm_7RDZJeQzq2-wvmjueg,0,,,The Real News Network,US,newsguard_validated,
UCrnbebdvX_GGeessks-1i1w,0,,,The Oaklandside,US,newsguard_validated,
UCrpsdF7UreiF-2r5Jp0YpRg,0,Q660769,newspaper,Ouest-France,FR,newsguard_validated,
UCrrrRn_PpAdbCqCXg9i4sug,0,,,Gay.it,IT,newsguard_validated,
UCrvhNP_lWuPIP6QZzJmM-bw,0,Q211374,newspaper,New York Post,US,newsguard_validated,
UCrvr-bxJ_KXryixF-4ig4-A,0,,,Shareably,US,newsguard_validated,
UCs-rgBqrzHWioxgO06rdnNA,0,,,Le Quotidien du Médecin,FR,newsguard_validated,
UCs06XxJwt4laK3Ztfsis2tQ,0,,,The Patriots Gazette,US,newsguard_validated,
UCs0Ru_C9TgQD5VdBfzYiF0w,0,,,ntvNachrichten,,newsguard_validated,
UCs2sR8T1qNYYLHu1047QLoA,0,,,Lewiston Tribune,,newsguard_validated,
UCs4BGP2vgZmCqm1Rx7BM8Fg,0,,,Northampton Chron,,newsguard_validated,
UCs4TGanvFtdeg4E4Muggm9g,0,,,Fort Worth Star-Telegram,US,newsguard_validated,
UCs7JOfbJVlXrcoypLczuP6Q,0,,,Richmond Times-Dispatch,US,newsguard_validated,
UCs8cRivViWcNIx5arlnYXYg,0,,,News 4 Tucson KVOA-TV,US,newsguard_validated,
UCs9aSKaF-QmkEIIyN84A4yw,0,,,Boulder Daily Camera,US,newsguard_validated,
UCsAC-fy3xP9Qg-nznZ6TeHQ,0,,,Idaho Tribune,US,newsguard_validated,
UCsCE4IMMFuwPYbwDqaz7udQ,0,,,The Washington Times,US,newsguard_validated,
UCsCo__V-uX9-yB0nhTni4Tg,0,,,The Voice of Alabama Politics,US,newsguard_validated,
UCsD-Qms-AkXDrsU962OicLw,0,Q217305,magazine|mass media|news magazine|news media,The New Yorker,United States,newsguard_validated,
UCsDdQUPa4NvPvf2f00E5zfw,0,Q3233970,mass media|news media|news website|newspaper|online newspaper,The A.V. Club,US,newsguard_validated,
UCsEukrAd64fqA7FjwkmZ_Dw,0,Q311249,magazine|mass media,GQ,US,newsguard_validated,
UCsGq2cTkAz36GhmJtJFHs_w,0,,,Local 22 & Local 44,,newsguard_validated,
UCsHG_tDEfi5-acpnnyFoLxQ,0,,,KX News,,newsguard_validated,
UCsHWvReb1khpqK9d6FBE65Q,0,,,KGET News,US,newsguard_validated,
UCsIzhRSKbRtvBGsiLHfcGOA,0,,,CBS 12 News - WPEC,US,newsguard_validated,
UCsMiZpxCtO4TU45rDYHi7yA,0,,,West Virginia Public Broadcasting,US,newsguard_validated,
UCsN6aKaTWuIYKO84A3DCSJg,0,,,Physicians for Informed Consent,,newsguard_validated,
UCsQxtMGJ5qKg7Ov1DEIyqoQ,0,,,NWAhomepage com,US,newsguard_validated,
UCsWAs9-r7Qln-Y-ScOd-Jrw,0,,,Громадське радіо,UA,newsguard_validated,
UCsZsDjpf2Ppv_cT2K6_q2cw,0,,,Refinery29,US,newsguard_validated,
UCs_4h1wDrGiuniB79-0yA7A,0,,,eastwest talks ,,newsguard_validated,
UCs_ouz-Hdk1vQRofWi3JkDg,0,,,Techprincess - Fjona Cakalli,IT,newsguard_validated,
UCsa0TzSGU1TCnQ7SlhyIIuw,0,,,A2X,US,newsguard_validated,
UCsbLejUu_3R9fQNOOlsnqLQ,0,Q26807818,mass media|news media|news website|newspaper|online newspaper,Der Westen,Germany,newsguard_validated,
UCscSRKbJahhNRkD-lny00cA,0,,,Indianapolis Recorder,,newsguard_validated,
UCsdNsgtALHYCHXDM2eFhQFw,0,,,Telegraph Journal,,newsguard_validated,
UCsdgst7DRTt4DglLL_Bw7Mg,0,Q5149772,newspaper,Columbia Missourian,United States,newsguard_validated,
UCsefBCbI7P5Xr-edSOpbF4A,0,,,WBIR Channel 10,US,newsguard_validated,
UCsi1yVsmo2v2WrdfyJ34WQQ,0,Q7806534,newspaper,recordonline.com,United States,newsguard_validated,
UCsjInJwm1vIMCeegrZSk_TQ,0,,,5NEWS,US,newsguard_validated,
UCsjyazB0t70DnDyGyjPqxSw,0,Q7757816,newspaper,Portland Mercury,United States,newsguard_validated,
UCsmsM-Svis6cdfgre74wgeA,0,,,American Military News,,newsguard_validated,
UCsqta1FXbFAKnqUGPdDXTzw,0,,,Valigia Blu,,newsguard_validated,
UCsrPUA0ZSDCNZC6wyRlR7ZA,0,Q111191650,mass media|media company|news media|news website|newspaper|online newspaper,TF1 INFO,FR,newsguard_validated,
UCstu39MWmFTe76_BvyBIubQ,0,,,PerthNow,AU,newsguard_validated,
UCsuR9wKeLRV4nOKkqDXqREQ,0,Q55666244,newspaper,Quad-City Times,US,newsguard_validated,
UCsuk6oaKWiV5PnsKW4Pt5ew,0,,,The Ada News,,newsguard_validated,
UCswDowOOvJ-fkCgH9YAITjQ,0,,,Upworthy,,newsguard_validated,
UCt-nzwUFmwIR4gZ0FYMEgmQ,0,,,San Francisco Public Press,US,newsguard_validated,
UCt4O2fgybgf4TMSU3bsb8Rg,0,,,The Texas Tribune,US,newsguard_validated,
UCt5gjuXYioYkx31Iq4tHLGg,0,,,naturalwomanhood,US,newsguard_validated,
UCt6tgXcL1hC9gItUIgiDvMQ,0,,,Raw Story TV,US,newsguard_validated,
UCt7PYZV66BdJkoAUtgnRKFw,0,,,York Daily Record/Sunday News,US,newsguard_validated,
UCt8HBx7cWdo6dkuj1lsPf2g,0,,,KCAU-TV Sioux City,US,newsguard_validated,
UCt8lRYpzb-sSrKFb4DT2ECw,0,,,American Enterprise Institute,US,newsguard_validated,
UCt9Q9JTC-ieDLvQOveX5mNw,0,Q6111318,magazine|mass media,Rolling Stone Italia,IT,newsguard_validated,
UCtB4ylCuQW0ue8ACIsHmD1w,0,Q112966863,mass media|news media|news website|newspaper|online newspaper,Semafor,US,newsguard_validated,
UCtCL58_DaVdVRmev3yHK7pg,0,,,ProPublica,US,newsguard_validated,
UCtF3fPVk5-TqZyY451GZqSg,0,,,Everett Herald,US,newsguard_validated,
UCtFQDgA8J8_iiwc5-KoAQlg,0,Q2613165,mass media|media company|news agency|news media,ANI News,IN,newsguard_validated,
UCtHWi_Mwj_Bu7TT1SjaI5Gw,0,,,STV News,GB,newsguard_validated,
UCtHwCi9Em8nWcpyF4z3aTNw,0,,,IndieWire,US,newsguard_validated,
UCtKwo-xp_THLCOH-oY5JuJw,0,,,Philadelphia magazine,,newsguard_validated,
UCtNIlmNaygyUZGXmgTK6YGg,0,,,Devon Live,GB,newsguard_validated,
UCtNyuN_HFlNYO0-gqXwhLTg,0,,,Fréquence Médicale,FR,newsguard_validated,
UCtOEdrNIRMz8Hhu5uwAKVGg,0,,,Genova24,,newsguard_validated,
UCtOGMnFCV5qo9Dg5u65r1EA,0,,,The Herald-Sun,US,newsguard_validated,
UCtOV5M-T3GcsJAq8QKaf0lg,0,,,Bitcoin Magazine,US,newsguard_validated,
UCtOWg9tO96_zUdnXYoAcqCg,0,,,L'Echo Du Berry,,newsguard_validated,
UCtT3loFk1B2BC3R3R31TI3w,0,,,Independent Voter,US,newsguard_validated,
UCtTYX4LRnzlFEjwziNiOvQw,0,,,WSAV3,,newsguard_validated,
UCtW5mZnt48iE-KwZGmu1Paw,0,,,Anssingkz AnsAit 9,,newsguard_validated,
UCtYty94mQ6on0Q2oqD2erhg,0,,,Southern Living,US,newsguard_validated,
UCtbB21HOz6WUvHxXYmPVhhA,0,,,monroenews,US,newsguard_validated,
UCtgDEFk5UNOpRJ7UbUvCo9g,0,,,Abilene Reporter-News,,newsguard_validated,
UCtgVtiZ4ZhUc5UiqNJ4_shQ,0,,,Hometown Station 11 Production,US,newsguard_validated,
UCtgcFGMzAywVb2RUEE1NFsg,0,,,National Right to Life,,newsguard_validated,
UCthvmvq3r_FLYGpBvvEqn8Q,0,,,KOKH - FOX 25,US,newsguard_validated,
UCti4NmyQFM3x4e_ThXG8Qgg,0,,,HEIDELBERG24,,newsguard_validated,
UCtjc5x0RIiTsdYS4IFMjCGQ,0,Q511952,newspaper,Politis,FR,newsguard_validated,
UCtkBGr32o9IDcWWStibw26g,0,,,The Commonwealth Fund,US,newsguard_validated,
UCtkFQnZz-7ThQYp_7txPbLg,0,,,IrishCentral,IE,newsguard_validated,
UCtlz4xzK51lVxI0KI5K3cPQ,0,,,InfoDifesa,,newsguard_validated,
UCtnbJ-qkffXqayXfmX52jHw,0,,,Austin Daily Herald,,newsguard_validated,
UCtqFUxpLnV-RaraQVu1rMTw,0,,,KHON2 News,US,newsguard_validated,
UCtsbQFVuDxlLIALEG5iQo9w,0,,,Jewish Journal,,newsguard_validated,
UCtu-auoQOw5x6Ji0RcH_W5A,0,,,Money Talks News,US,newsguard_validated,
UCtuJ1hBbecPomWwlG-SBb9w,0,,,The Skanner News,US,newsguard_validated,
UCtxklEPQWP_dlV1QifedjiA,0,,,goop,US,newsguard_validated,
UCtyXpsma5Ragu6JFCOokvUw,0,,,NewarkAdvocate,,newsguard_validated,
UCu-eqaWy3MnlHXpyD_KnYww,0,,,Gedling Eye,GB,newsguard_validated,
UCu0Gn50PSjozOgwgPVTBB4A,0,Q7952401,television station,WLOS News 13,US,newsguard_validated,
UCu183q0D2MiF7PzcbZc0avw,0,,,MAZonline,DE,newsguard_validated,
UCu4k_qwcL_4uJZAF3cOwWwQ,0,,,Jon Hitchcock,,newsguard_validated,
UCu52_Q2d-IzvUpX3i9bIBrw,0,,,der Freitag Podcast,,newsguard_validated,
UCu7G08TrwPx_0WH4M7OxjIQ,0,,,12 News,US,newsguard_validated,
UCu8ebUHoKbhVY0tavNdhwvw,0,,,Anthony Brian Logan,US,newsguard_validated,
UCu9Wabe5IZqDFye4QOc0qAQ,0,,,Lancashire Post,GB,newsguard_validated,
UCuBdunk_2p5ExPhjaY-pY4g,0,,,KAPPKVEW,,newsguard_validated,
UCuBj_tnQHh0RHXiJxPkwBTA,0,,,POSITIVR,FR,newsguard_validated,
UCuBwdy3MIKylXpVeMlf1tGg,0,,,Papaboys,,newsguard_validated,
UCuCiyijih4qcmLCHW70O8oQ,0,,,The Hechinger Report,US,newsguard_validated,
UCuDpxakayVL_Ge8JWQUgHYg,0,,,Cape Cod Times,,newsguard_validated,
UCuENvZBO2yApXWP71mIuk9w,0,Q2957712,newspaper,Charente Libre,FR,newsguard_validated,
UCuEXVVbM1AcDqqT3miLVSIg,0,,,Salvo Di Grazia,IT,newsguard_validated,
UCuIoW6QbUK3ZE7Qk5ofKF1A,0,,,WXOW News 19,US,newsguard_validated,
UCuL3xV8AqD3sekKOhhyZqOA,0,,,Straight Arrow,US,newsguard_validated,
UCuLMp-9D5YVxzzYhcfxOcPg,0,,,Sidney Daily News,,newsguard_validated,
UCuOmunjmfCbUThLJ5v35jxA,0,,,VOCMNEWS,,newsguard_validated,
UCuPigkaCdwWNXFXcIwVLFHg,0,,,Freie Welt TV,DE,newsguard_validated,
UCuSkeS5oU-B2tRIBDYntmaw,0,,,Business Upside,US,newsguard_validated,
UCuU05PH9fOZuoiMXWZiUjAw,0,,,San Diego CityBeat,,newsguard_validated,
UCuVaCjjayPKrAQSdsorwsEA,0,,,Florida Today,US,newsguard_validated,
UCuVv0g_ffC8vfoPBe32XcWA,0,,,La Pressa - Quotidiano on-line,IT,newsguard_validated,
UCuWI6mFfnJZP9CRwodIP4IQ,0,,,Shaun King,US,newsguard_validated,
UCuXT13wiqK56NR7QSfDWpvg,0,,,FOX 35 Orlando,US,newsguard_validated,
UCuYqi3hOfz6-3Hdp6tEJjAg,0,,,AccuWeather,US,newsguard_validated,
UCuZaDBgxdLybpA_DnAgNeTg,0,,,Erie News Now,US,newsguard_validated,
UCu_26Rfu2fo_exXS6rLethw,0,,,Detroit News,US,newsguard_validated,
UCuaG063uanI-zwj27jUptqw,0,,,WGMDTV,US,newsguard_validated,
UCuaYPu-lXs7lsycK1mxYWcA,0,,,Just International,,newsguard_validated,
UCuayGfyniMALgXa0aFxErAQ,0,,,The Chaser,AU,newsguard_validated,
UCuckS2WX07R9YWY4rgsNNqw,0,,,Grafschafter Nachrichten,DE,newsguard_validated,
UCudI7NoIKS49nHSWGsm0l7g,0,,,netDoktor,DE,newsguard_validated,
UCueKD4jxzgHvCISK2pBt0cQ,0,,,UPROXX LIFE,US,newsguard_validated,
UCug1cL7vmUvYooOjXyHjsxQ,0,,,Diamond and Silk - The Viewers View,US,newsguard_validated,
UCuiwOLwhflDAUOd6sFoftoQ,0,,,The Florida Times-Union,US,newsguard_validated,
UCulDi5lPqT4Wa49gZhNgKdg,0,,,WDR BIG BAND,DE,newsguard_validated,
UCun4tg1BecN4PuxwZ6mL3NA,0,Q1699649,magazine|mass media,National Review,US,newsguard_validated,
UCunkVlKjHWCJ6OKfffus19Q,0,,,ABC News 4,US,newsguard_validated,
UCuo0ikC6qmXrXPvqWUNzY7w,0,,,Wow StudyFinds!,US,newsguard_validated,
UCuuK7GO7Xz5dIoPCEIn83yw,0,,,Agenpress Agenzia Giornalistica,,newsguard_validated,
UCuveMoRCsg7-W6ePw6lq7tA,0,,,13 ON YOUR SIDE,US,newsguard_validated,
UCuwDjegxQnpRULNm6gayJSQ,0,,,Keila,,newsguard_validated,
UCuwL6sA62RoaLAllJJDNqxw,0,,,Napa Valley Register,,newsguard_validated,
UCuy4wf9iGWeNkPlrwVBNlMQ,0,,,Modern Diplomacy,,newsguard_validated,
UCuyxQYIBS4Ogiw0F3McDXcQ,0,,,Astrologer Abhishek Soni,IN,newsguard_validated,
UCv-2IbAcJWkKw_vOuR4xP5Q,0,,,Grid,US,newsguard_validated,
UCv002AUCZaPNwiADqwchijg,0,Q15725297,magazine|mass media|news media|news website,The Intercept,US,newsguard_validated,
UCv1RrKT8zaa5J1ueqCmMfsw,0,Q5500085,mass media|television channel,Free Speech TV,US,newsguard_validated,
UCv2AtfcakfZytFUnGzV5_LA,0,,,Raffaele Palermo,IT,newsguard_validated,
UCv4MPH7jAhR1k6vlNOa33CA,0,,,Quotidiano La Provincia di Cremona,IT,newsguard_validated,
UCv4nrcfBUURLKKIFhPAvEbg,0,,,Cubita NOW,US,newsguard_validated,
UCv6qHPwghGsyOfzEYZXcfKg,0,,,Allo Docteurs,FR,newsguard_validated,
UCv8rB9VKIacbWmPqUZKL4Gg,0,,,Greenpeace Aotearoa ,NZ,newsguard_validated,
UCv9J6jATojWNhiMjC6q5ceA,0,,,WNKY,US,newsguard_validated,
UCvByPqIQZjFQfBwkHSHq8fw,0,,,Naples Daily News,US,newsguard_validated,
UCvCLdSgYdSTpWcOgEJgi-ng,0,,,Nature Portfolio,,newsguard_validated,
UCvFAWkoLWj_N7hG0dG1TgfA,0,,,Maritime Reporter TV,US,newsguard_validated,
UCvFrVbXfg8xtvvteX4wf-wQ,0,,,WZ Service Center,,newsguard_validated,
UCvGYKT0VYr_tiiWOcrwoVLg,0,,,The San Francisco Standard,US,newsguard_validated,
UCvHDpsWKADrDia0c99X37vg,0,Q13612085,mass media|television channel|television station,i24NEWS English,US,newsguard_validated,
UCvJJ_dzjViJCoLf5uKUTwoA,0,Q1023912,mass media|news media|news website|television channel|television station,CNBC,United States,newsguard_validated,
UCvJ_SkcYUnE4S0V8rxgNQPw,0,Q88851069,mass media|news media|news website,nordbayern.de,DE,newsguard_validated,
UCvJhqHn6TDqy_OzA6N2mFbA,0,,,WKRNTV,,newsguard_validated,
UCvKXcyBzAdNM0kaly3FbixQ,0,,,Märkischer Zeitungsverlag,,newsguard_validated,
UCvL92VdN1kAeX_769U407Nw,0,,,The Berkshire Eagle,US,newsguard_validated,
UCvM_k1scQ1YU50HiQc-4xyg,0,,,KRIS 6 News,,newsguard_validated,
UCvNb3VB4bnFHrdDDpBObPSg,0,,,MEDIAINAF TV,IT,newsguard_validated,
UCvQC51gljsc95RZ2-izj0Tw,0,,,Chicks on the Right ,US,newsguard_validated,
UCvQECJukTDE2i6aCoMnS-Vg,0,,,Big Think,US,newsguard_validated,
UCvRAX-ujvZ0eTMLGG2vki9w,0,Q97657682,mass media|news media|news website,INQUIRER.net,Philippines,newsguard_validated,
UCvS5Ujmwx8OTFk7rycoGHrg,0,,,Бабель,UA,newsguard_validated,
UCvSD6lYlbNdrZ9GFcZo6llg,0,,,DMRegister,US,newsguard_validated,
UCvU3ALK4osa_RV4znIToB2Q,0,,,Chicago Sun-Times,US,newsguard_validated,
UCvUVwae7nczQtWMCbJKJUrw,0,,,Meridiano News,,newsguard_validated,
UCvWP8PzAUCV0IOoppJZVLUg,0,,,Police1,,newsguard_validated,
UCvXSSoQm3NOwYlPYy8qdGnA,0,,,National Geographic Italia,IT,newsguard_validated,
UCvYvgJbWrn-PgRx1KGR128g,0,,,,,newsguard_validated,
UCvaiFVWv5laNlnXxP5D9TZQ,0,,,Assurance Maladie,FR,newsguard_validated,
UCvb02rPu9lnsFh5yMp1PxPQ,0,,,The Goldwater,US,newsguard_validated,
UCvbQReG4tLee6Hm0gynJnTg,0,,,WT:Community,GB,newsguard_validated,
UCvbsV1Ws60Q-8ulUe-uqgKg,0,,,Medium,,newsguard_validated,
UCvdMcg8Vgfwq4_UXrustukQ,0,,,Bocholter-Borkener Volksblatt,,newsguard_validated,
UCveNXE52LrCUmzelRMYS7NQ,0,,,SWI swissinfo.ch - English,CH,newsguard_validated,
UCvhGarqsfiH0PO_-U3d35bQ,0,,,ZT.20MINUT.UA | Новини Житомира,UA,newsguard_validated,
UCvhI63j18r0aAhfxQJ11EQg,0,,,WOSU Public Media,US,newsguard_validated,
UCviDxZnYRYdXghXzkFf1F_A,0,,,Huron Daily Tribune,US,newsguard_validated,
UCvk3LiqW6B9QiZltdynmjcw,0,,,BayNewz9,,newsguard_validated,
UCvoBbkcMCumzL6veThEpE-w,0,,,radio6videos,,newsguard_validated,
UCvoR6yaP-b9rBNWGCrIc_Fg,0,,,SevenDaysVT,US,newsguard_validated,
UCvoiXGD8UhXXKzbI-tYo_Ig,0,,,We Are Iowa Local 5 News,US,newsguard_validated,
UCvqNsF2hssP7g9uCrNoKd9w,0,,,Viterbo Informazione,IT,newsguard_validated,
UCvr48GGl4JF3F37Ym5zlcbw,0,,,ZackZack,AT,newsguard_validated,
UCvrw6S9IaeYCMdtXpz6BzRg,0,,,Scranton Times-Tribune,US,newsguard_validated,
UCvsdGqMLZvxz7JQ-VJOLFvA,0,,,Indian News Expert 3.0,IN,newsguard_validated,
UCvvMUIEwMB61BJJgSnzwbRA,0,,,lehighvalleylive.com,,newsguard_validated,
UCvwE_EBBDWM552Vd9v8m9Gg,0,,,MDR Mitteldeutscher Rundfunk,DE,newsguard_validated,
UCvwFhI0mrIWDiZUabRapS5Q,0,,,Investopedia,US,newsguard_validated,
UCw-kH-Od73XDAt7qtH9uBYA,0,,,World Economic Forum,CH,newsguard_validated,
UCw3SYO_euO0TSPC_m_0Pzgw,0,,,Los Angeles Times,US,newsguard_validated,
UCw3h5mV5dw24MkWgb3eLAKQ,0,,,Autismo Vaccini,,newsguard_validated,
UCw6LzVxICKPuUeDrF8JDn0Q,0,Q3832187,mass media|radio station,LifeGate,IT,newsguard_validated,
UCw6VpDj_m2_DSOeeafMh5ug,0,,,News Channel 6,US,newsguard_validated,
UCw6f6HfzRVRREwz-6Z88b4w,0,,,Crain's Chicago Business,,newsguard_validated,
UCw77677G3EAODp61b0izs7w,0,,,6abc Philadelphia,US,newsguard_validated,
UCwAS7bowP5S5P44eP_f7W0Q,0,,,GÉOPOLITIQUE PROFONDE,FR,newsguard_validated,
UCwAkITtZZXSIVi9u2D4rGOA,0,,,ABRUZZOLIVE,IT,newsguard_validated,
UCwBPEmctQaja3lwoh5yoxNw,0,,,Waldeckische Landeszeitung,DE,newsguard_validated,
UCwBzJeDtpWVeFeMcNRQ6ifg,0,,,Organic Prepper,,newsguard_validated,
UCwC7VpIHS2uJzJ0q5I11oQA,0,,,The Healthy American Peggy Hall,US,newsguard_validated,
UCwCF3sqrkN6ZcEp3SV5HIRg,0,,,Asian Sunday & Style Online ,GB,newsguard_validated,
UCwFWUblpbNkifSc9urBrf8g,0,,,Christian News,US,newsguard_validated,
UCwG8tm-dZVur_4S1DnGMaeA,0,,,ABC24 Memphis,US,newsguard_validated,
UCwJfDTNqtM5n-dQBfuuHzYw,0,Q384671,magazine|mass media,Men's Health,US,newsguard_validated,
UCwJncBmXoz4njCjrfvI9bng,0,,,WYMT Television,US,newsguard_validated,
UCwLLr_Fo9dpdJ9UHq4A7PjA,0,,,Révolution Permanente,FR,newsguard_validated,
UCwLd6EtRRpsCFCEVyH149sw,0,,,Ultim'ora News,,newsguard_validated,
UCwNqHDsnBCKT-olwJwIFyfg,0,,,FOX Sports,,newsguard_validated,
UCwPzlQU2MqEQJWgqM_0VFKQ,0,Q6337510,television station,KSBW Action News 8,US,newsguard_validated,
UCwQKTzuzDIazT37whnR0lqQ,0,,,World Socialist Web Site,,newsguard_validated,
UCwRXcSqohrbR19RfEqp0LOg,0,,,LA FAMILLE CHRÉTIENNE MONDE TV,FR,newsguard_validated,
UCwRudqD0bS_hrA0DfU4BwOw,0,,,Institute for the Study of War,,newsguard_validated,
UCwUsADInNLmtxNHd4Pw8ibw,0,Q260110,magazine|mass media,Health Affairs,US,newsguard_validated,
UCwW9LEBMl3dD-Bns8n-JUJQ,0,,,Network Live,IT,newsguard_validated,
UCwZ3PbL2JZF4sek5K3ZXSyQ,0,,,osthessen-news.de,DE,newsguard_validated,
UCwbQkZf9gjqDvbK4_H6qAOw,0,,,Pew Research Center,US,newsguard_validated,
UCwbrOORtz2cBQ2UMvYz0r0w,0,,,Journal Star,US,newsguard_validated,
UCwbrSKPyqtgolrRKcrfjRFQ,0,,,NaturalHealth365,US,newsguard_validated,
UCwcexUl51DNgTsSuLGXzqXw,0,,,Jefferson City News Tribune,,newsguard_validated,
UCwei8N39mKXAna1Y0YT1SVQ,0,Q7996870,newspaper,Whittier Daily News,United States,newsguard_validated,
UCwey-PekJ3C42TscHjusolQ,0,Q962388,newspaper,Winston-Salem Journal,US,newsguard_validated,
UCwg7WeUcP9hDMNoyBLHrFzQ,0,,,WJACTV,,newsguard_validated,
UCwiYoydxF2LJhTBQYeXoLAQ,0,,,Redaktion HL-live.de,DE,newsguard_validated,
UCwjB_XNpInwOChWULoMku1A,0,,,Rheinische Post,DE,newsguard_validated,
UCwlvSJdcMc7iGdR-aducSog,0,,,Geopolitical Economy Report,US,newsguard_validated,
UCwqusr8YDwM-3mEYTDeJHzw,0,Q28180276,mass media|television channel|television station,Republic World,IN,newsguard_validated,
UCwsdSKP5sTkzu4A-hFN6o9g,0,,,TECH TIMES Official ,US,newsguard_validated,
UCwsoO3uFkgb5RTmMsxmOvDw,0,,,Bozeman Daily Chronicle,US,newsguard_validated,
UCwuZjWoiT30kDTz0G41Y8gQ,0,,,WMUR-TV,US,newsguard_validated,
UCwuwgjsV6BW7OH529pSsI0A,0,,,WGEM - Tri States News Leader,US,newsguard_validated,
UCwv-mxgWzsRj7_UnEI23Ppw,0,,,BREIZH-INFO,FR,newsguard_validated,
UCwwPjd3gIHPLE2dvkVHfcVA,0,,,wissenschaftdetv,DE,newsguard_validated,
UCwxXeI17qVD0Ng4N-H7Do1w,0,,,Westfälische Nachrichten,DE,newsguard_validated,
UCx0ik6bylKpDo64bVGBtPrg,0,,,"WTVG 13 Action News | Toledo, OH",US,newsguard_validated,
UCx1AcBo4zanOLCOZ6mvTKGg,0,,,Tages-Anzeiger,CH,newsguard_validated,
UCx3-5iD874lp-H00iye3siw,0,,,WCCB Charlotte,US,newsguard_validated,
UCx3OuVURpwh-UYamOrw-b4A,0,,,Milwaukee Journal Sentinel,US,newsguard_validated,
UCx9iz27Y0NyEWCw31W9bf1Q,0,,,Lake County Record-Bee,,newsguard_validated,
UCxAB39SRMVabVZEOKTo6iVA,0,,,the mindbodygreen podcast,US,newsguard_validated,
UCxAUNvwHsaOy4AYLpQswwVA,0,,,VISION TIMES NEWS,IN,newsguard_validated,
UCxBe-z-bD1CFCcKQeAj7qrw,0,,,El Vocero de Puerto Rico,,newsguard_validated,
UCxCfoSInadl-4i3F70zDt1A,0,Q2731065,television station,NBC New York,US,newsguard_validated,
UCxEyrzSbfOZVSgL2FLAKsww,0,,,Cook Children's Health Care System,US,newsguard_validated,
UCxKiVICfbqCyTpoKQvhlhmQ,0,,,DETV,NL,newsguard_validated,
UCxKvTeHtgXmzsmPezUKY9ZQ,0,,,MantecaBulletin,,newsguard_validated,
UCxNUGPwBSjDJzKHsfo21NXw,0,,,EcoWatch,,newsguard_validated,
UCxQdpLijLxJTXUgmM03xT0g,0,Q128874,magazine|mass media,eigentümlich frei,DE,newsguard_validated,
UCxTjHguUhuGfHOsnYosYVyQ,0,,,The First News,PL,newsguard_validated,
UCxU1a-2vec6ljU43I0F2Jwg,0,,,Stuttgarter Zeitung & Stuttgarter Nachrichten,DE,newsguard_validated,
UCxUWIEL-USsiPak0Qy6_vVg,0,,,Deutsch lernen mit der DW,DE,newsguard_validated,
UCxUafnchh1yoJj2NCTFtvtQ,0,,,Aiken Standard,,newsguard_validated,
UCxXTyFekH99JnS3qaXIQW7A,0,Q6340321,television station,KVUE,US,newsguard_validated,
UCxc4L2LKEeViVyNA5taSBIA,0,,,L'insoumission,FR,newsguard_validated,
UCxh7gzwGHFwPn0S6GU1HEFA,0,,,Charisma Media,US,newsguard_validated,
UCxiu4PTYZidttmifTu_oyKA,0,,,KTEN News,US,newsguard_validated,
UCxjC_VVez3w8Uyh7LWPnkXA,0,Q6338271,television station,FOX 13 News Utah,US,newsguard_validated,
UCxjPChE6bPX6HWY4J_ioHgg,0,,,The Times Weekly,US,newsguard_validated,
UCxjuFM6VcOj-Vt-yEJBNKOQ,0,,,KIFI Local News 8,US,newsguard_validated,
UCxkA4fthXmRwprKVZhFT3MA,0,,,La Noticia,US,newsguard_validated,
UCxmH8LqzfuoRV9fxj591QBg,0,,,Gazette Live Nîmes,,newsguard_validated,
UCxmKhriUP1A07rw3BqoJRnA,0,,,Awareness Act,,newsguard_validated,
UCxmmyyWrLMpbQidP1d7943w,0,Q463665,media company,American Cancer Society,US,newsguard_validated,
UCxqQGK59-ezyTK6JG00HhSQ,0,,,WCTV Eyewitness News,US,newsguard_validated,
UCxqR9g_1XlnfrqwHK9viwCw,0,Q125875,mass media|television channel|television station,RaiNews,IT,newsguard_validated,
UCxudqdICaO6YyLVTlM7_84Q,0,Q7737247,magazine|mass media,The Good Men Project,,newsguard_validated,
UCxyiSz4m161Z6frOsFxJpgw,0,,,Cleveland Clinic,US,newsguard_validated,
UCxzKkE0diCwEMBsMcZYqRaQ,0,,,Lercio - Lo sporco che fa notizia,,newsguard_validated,
UCxzm8xGvAEOz2FtWuWjPS_w,0,,,scinexx - Das Wissensmagazin,,newsguard_validated,
UCy1iIf8Nd9E0Fs9L7A6Y3Jg,0,,,Calgary Sun,,newsguard_validated,
UCy1nXP8_IuoJ-1N9e53762g,0,,,Washington Informer,,newsguard_validated,
UCy1pk0QrYI2dPx21_oRYuSQ,0,,,Gingrich 360,US,newsguard_validated,
UCy3Tohf3tRtAiimUQWR6Ggw,0,,,Seattle Medium,,newsguard_validated,
UCy3tV74eo0TAj2DFFuRCxsg,0,Q24174871,mass media|news media|news website|newspaper|online newspaper,Huffpost Italia,IT,newsguard_validated,
UCy4_zQ59zmS7zO4Dc6vbT_w,0,Q700133,public broadcaster,SWR,DE,newsguard_validated,
UCy5d0zttN_Uo30EEHUOBbOg,0,,,TheSuburbanvideo,,newsguard_validated,
UCy7lXNG-CHyg3Nx0uNHPdmQ,0,,,Aleteia IT,IT,newsguard_validated,
UCy7u8qNyZ4wRn4xBEkm_NNg,0,,,GainesvilleSun,US,newsguard_validated,
UCy8Mth5GcW0oMwdc6We-Tlg,0,,,Paris Normandie,FR,newsguard_validated,
UCy8XBzwvctnglHWP_ckTDFg,0,,,onWURD,US,newsguard_validated,
UCy8gqpO_9WK1nG9WMs6Fxwg,0,,,DIGITIMES,TW,newsguard_validated,
UCyF0994XbriKL_Vss0fTUMw,0,,,The Carlos Watson Podcast,US,newsguard_validated,
UCyFs8yqxbCgigatW5OTVRcQ,0,,,BioSpace,,newsguard_validated,
UCyHX5j6cvdDlDFarayCObRA,0,,,WLFITV,US,newsguard_validated,
UCyIV8rkza5Uk_sJIhqilBvQ,0,Q1662140|Q815748,mass media|newspaper|television channel|television station,L'ÉQUIPE,FR,newsguard_validated,
UCyJnwuFW2bszXGLkFrYVALg,0,,,Riviera24,IT,newsguard_validated,
UCyMd2D_gsEV4oB8kWSPS31Q,0,,,J. REMY NGONO Chaine Officielle de l'Engagement,FR,newsguard_validated,
UCyQpfuhftLvrmjxgEzVH78Q,0,Q137944305,television station,OE24.TV,AT,newsguard_validated,
UCyQpup3LY91cRfKhMrqQRew,0,,,The Courier and Daily Comet,US,newsguard_validated,
UCyRGaa8pjeLMouKTMXlIMaA,0,Q4051135,newspaper,The Jackson Sun,United States,newsguard_validated,
UCyUPjC7ynR4SJoLR-f-OtGw,0,,,EducateInspireChangeTV,,newsguard_validated,
UCyVCt3CM0PPJ69PVHgNsNnQ,0,Q1978935,mass media|news media|news website,netzpolitik_org,Germany,newsguard_validated,
UCyWF77WR3CfkZ52cc9XK5wQ,0,,,KPTV FOX 12 Oregon,US,newsguard_validated,
UCyWzxBs28XSI4_5NAmKFYbw,0,Q7954384,television station,FOX43 News,US,newsguard_validated,
UCyX32_Oal5pPG1vXTgyenQQ,0,,,OpenSecretsDC,,newsguard_validated,
UCyXUfQvn9oNqQL3QHJqeKeA,0,,,DefenderNetwork,US,newsguard_validated,
UCyZYb5nqy2qSRsnkHTHUb2g,0,,,Business Insider Deutschland,DE,newsguard_validated,
UCy_jDdSNXN82uDI3gGJbE4w,0,,,FanPageIt,,newsguard_validated,
UCyamXi0qEQJghCjJbj__aWQ,0,,,Chaîne officielle TVL,FR,newsguard_validated,
UCyd9VuNUF3lzcGgKPI1p9-A,0,,,KSNF KODE,,newsguard_validated,
UCydKucK3zAWRuHKbB4nJjtw,0,,,Bored Panda,US,newsguard_validated,
UCyf6wA6AkuiuETf6HY9kYEQ,0,,,KTTC,US,newsguard_validated,
UCyiBNZBLeQ0Jz397jWwUz6g,0,,,West Hawaii Today,,newsguard_validated,
UCyj_NkBUMYO0lUS4GMFnfSg,0,,,The Liberty Loft,US,newsguard_validated,
UCyl1HT0KZdM2mFGXwvXikfA,0,,,goodnewsnetwork,US,newsguard_validated,
UCyl5V3-J_Bsy3x-EBCJwepg,0,,,The Babylon Bee,US,newsguard_validated,
UCyl7zwI6giPG6zC3uC8GGVg,0,,,The Cato Institute,US,newsguard_validated,
UCynd0TkPPqk0GF7iVrW45rQ,0,,,Angelus News,,newsguard_validated,
UCyoWeR3FrNb8p2WIAqYmAUw,0,Q752361,magazine|mass media|news magazine|news media,Advocate Channel,US,newsguard_validated,
UCypowE_p8nJK2uZgE77tNUA,0,,,Knoxville News Sentinel,US,newsguard_validated,
UCyqFmhadLMeSjKC86j4AoAQ,0,,,FOX 61,US,newsguard_validated,
UCyqa9EXvckS5LeJGb3zuQ9Q,0,,,Maine Beacon,,newsguard_validated,
UCyrBPWLSkMgqnZOtRnpK_Ug,0,,,Goongloo,,newsguard_validated,
UCysox6U9HnqgCiJ-Pd-Jy_w,0,Q110995469,magazine|mass media,Frontières ,FR,newsguard_validated,
UCyto-Y_3K8m1tryhC27Z1yg,0,,,idsnews,,newsguard_validated,
UCyw-NpaizmAD_5qQJ4MieVg,0,,,4 News Now,US,newsguard_validated,
UCyw9Y26bNNhQPkydxY93jyQ,0,,,Medscape,US,newsguard_validated,
UCywgiFqJ91lhLGRU0dYaoQA,0,,,washingtoncitypaper,,newsguard_validated,
UCywqM5O9XiVSH3agkfZhv-g,0,,,Buonasera24,IT,newsguard_validated,
UCyytUiyjDpIb_7dDLFj_ytg,0,,,Juneau Empire,,newsguard_validated,
UCz0YyLlbKfBGQxq4OrJfTMA,0,,,Zentrum der Gesundheit,DE,newsguard_validated,
UCz3DllDa3ycW_1xAowL-LGw,0,,,Crain's New York Business,,newsguard_validated,
UCz5CTiXxVP2SDfCNGTK_MSw,0,,,badischezeitung,DE,newsguard_validated,
UCz5DQ-MVaM1yLLbSkvJp6LA,0,,,www.dieUnbestechlichen.com,DE,newsguard_validated,
UCz6ByNrnSVKTyxRV3Y9Rf7Q,0,,,U.S. News & World Report,US,newsguard_validated,
UCz6E3lF72mb6uoJ-mOlNo2A,0,Q1174202,mass media|television channel|television station,Sky tg24,IT,newsguard_validated,
UCz7vEV6--eVhbISSds5Ze0Q,0,,,nwitimestv,,newsguard_validated,
UCz8QsOYD8s3RcQ_-mAWbGBg,0,Q6338347,television station,FOX 5 San Diego,US,newsguard_validated,
UCz9D4t90tb8B2en9i_ffVeQ,0,,,WFTV Channel 9,US,newsguard_validated,
UCz9QttCf9YVcf6vcQ0jcQQw,0,,,Big League Politics,US,newsguard_validated,
UCzBqEPULQ2JQW_GCxvIWhvg,0,,,ISSalute,IT,newsguard_validated,
UCzDlxmB6BlhUcjD2lsyGGiA,0,,,The Drum,GB,newsguard_validated,
UCzDwapMWqoitI9Wv6nA7AYw,0,,,KATVchannel7,US,newsguard_validated,
UCzEykpt4W--G-LQJ0JJ3qTA,0,,,Statesman Journal,,newsguard_validated,
UCzF4Ryn8TKn64md77gS5Q5Q,0,,,11Alive,US,newsguard_validated,
UCzFyTrFm5aM-342rJsjBbXw,0,,,The Province,,newsguard_validated,
UCzGUT9PjV3SMBwjWXUYh4HA,0,Q6119666,magazine|mass media,Jacobin,US,newsguard_validated,
UCzHN-FjWDMsgfGPvRq7oy-Q,0,,,FOX6 News Milwaukee,US,newsguard_validated,
UCzIBKsxT45UUQ7ijDYuJkGg,0,Q7954894,television station,WRBL News 3,United States,newsguard_validated,
UCzIPxcrDIKgsik8WBnIwfoQ,0,,,The Appeal,US,newsguard_validated,
UCzLKquBnVnmwE8LBYSQTK3w,0,,,Dallas Voice,US,newsguard_validated,
UCzORf1zYXXuO6J5wUF76qpg,0,,,Edublogs,,newsguard_validated,
UCzOoRoNGgVFsbFJe_JrzrMA,0,,,MeteoWeb,IT,newsguard_validated,
UCzRmcLmvSsMnzpmVPERDOuA,0,,,BV : chaine de secours,,newsguard_validated,
UCzRquKu82KHGXjaBb2Uok5g,0,,,Waterloo-Cedar Falls Courier,US,newsguard_validated,
UCzRuToZJraNsk9Q_cxcNMgg,0,,,The Dispatch: Updates,US,newsguard_validated,
UCzTf2Zq9RJEG3Pi2Ei127jw,0,,,Mona FM,FR,newsguard_validated,
UCzU0wFVW5YVP5vOt7i58c8g,0,,,QdS,IT,newsguard_validated,
UCzV6L4qtRR_FW1U2u7xyIPg,0,,,Wangaratta Chronicle,,newsguard_validated,
UCzY4YNTMxkdDotN3S8-0DVQ,0,,,timesleadervideo,,newsguard_validated,
UCzY9g5WKkSPzOh7gSAkcBiw,0,,,Bz News 24,IT,newsguard_validated,
UCzYY14szIFejUXYbk4BjZmw,0,,,WORLD News Group,,newsguard_validated,
UCzaH06jOrwGOgzbXwS_ga_w,0,,,WebMD,US,newsguard_validated,
UCzc11qi_wYTuso-zmIxZmOQ,0,,,MesVaccins.net,FR,newsguard_validated,
UCzdWdL_xC5qk07WWOtnXSWA,0,,,HistoryNet,US,newsguard_validated,
UCzgS31WXwktw94Gm5npKtHw,0,Q139671974,mass media|news media|news website|newspaper|online newspaper,STIMMEtv,DE,newsguard_validated,
UCzhtAFR4aiLOr8IWqA92-5w,0,,,KSHB 41,US,newsguard_validated,
UCzkpV5DCgLSns8rCq6v28Jg,0,,,OurWeekly,,newsguard_validated,
UCzkvdLzgFecbUBRdgPX3RLg,0,,,Médias-Presse-Infos,,newsguard_validated,
UCzlopKSu6-enZba7PAcGtbQ,0,,,Nigerian Tribune,NG,newsguard_validated,
UCzmdHYZrM5zGSjLVqACl-Hg,0,,,Mayo Clinic Health System,US,newsguard_validated,
UCznk5ru166gqEznWjcnJB0g,0,,,KELOLAND News,US,newsguard_validated,
UCznvWjr0fW38jlPAWoQLEDg,0,,,PBK People Bò Kay,,newsguard_validated,
UCzocYTD8J3ezkaoND4iQPGA,0,,,News 8 WROC,US,newsguard_validated,
UCzqRM8PHgZQ4SijfG1yPqYA,0,,,Tanner Hnidey,,newsguard_validated,
UCzrqCsjDqXjY0IQqXYdVQGg,0,,,Cuba en Miami,US,newsguard_validated,
UCzs-zHNapHMnZp8laCrxypQ,0,,,Medisite - Devenez acteur de votre santé,FR,newsguard_validated,
UCzsF1ghKHeif7AmTNlRYAzQ,0,Q654606,magazine|mass media,Harper's BAZAAR,US,newsguard_validated,
UCzsavUS_jn2fXbc9yHkFCfA,0,,,KWKT FOX44,US,newsguard_validated,
UCztLyc4b7vXy_ui-_BGdMRQ,0,,,TechRepublic,US,newsguard_validated,
UCzuqE7-t13O4NIDYJfakrhw,0,Q1185824,mass media|news media|news program,Democracy Now!,US,newsguard_validated,
UCzxG2q7N8jgMXaxjE6iVTDA,0,,,THE SHADE ROOM,US,newsguard_validated,
UC-30BJyAAObw1irWxu6IPkw,1,Q18340732,mass media|news media|news website,Meduza,Latvia,topic+title,
UC-8vX3uI2oGQ7qra6hNBwug,1,Q60766946,mass media|news media|news website|newspaper|online newspaper,Teleshkronja Post,Kosovo,topic+title,
UC-AY02VQo-F_trSeTKUu_QQ,1,Q7402792,newspaper,Sakal,India,topic+title,
UC-DmGAqCEZMypBwgMncP1tQ,1,Q11234829,mass media|news media|news website,NEWS Post seven,Japan,topic,
UC-FB5CRs-XUNMdDDphQUDEA,1,Q108604514,mass media|news media|news website,Podnews,,topic+title,
UC-NrL-C9NpTC_pDhg6LIbTQ,1,Q95963202,mass media|news media|news website|newspaper|online newspaper,Democrat TV,,topic,
UC-SJ6nODDmufqBzPBwCvYvQ,1,Q2784108,mass media|news media|news program,CBS This Morning,,topic+title,
UC-qmVwrNHRUd-8oGJ6hbTfg,1,Q121505421,mass media|news media|news website|newspaper|online newspaper,NODAL,Argentina,topic+title,
UC0-dB4QNh4mRSNkhumn2Rtg,1,Q119859727,mass media|media company|news media|news website|newspaper|online newspaper,Telegraf,Ukraine,topic+title,
UC0BrAJjGnpEyT5iJt1CiKwQ,1,Q140356960,mass media|news media|news website|newspaper|online newspaper,The Pioneer,Germany,topic+title,
UC0PB3B6ApnZmm5_gds61B1g,1,Q24912062,newspaper,NavGujarat Samay,India,topic+title,
UC0ZB_2l592dPek9tl0CFFBg,1,Q61989571,magazine|mass media|news media|newspaper,LiFO,Greece,topic+title,
UC0bfIroc2-_mtVl2Wy4A1Zg,1,Q11504939,newspaper,Nikkan Gendai,,topic:alt,UCW3UkCfLZBpwaGbp7gTW4XQ
UC0g4NqLDoes2LVVp2mh3G7Q,1,Q139972680,mass media|news media|news website|newspaper|online newspaper,Bihor Info,Romania,topic+title,
UC0h6XiZoEAsdsZqNpVFtdvA,1,Q137994679,mass media|media company|news agency|news media,Cuban News Agency,Cuba,topic,
UC0jDU9VRITdZQsFP0q5FPrg,1,Q2448686,mass media|media company|news agency|news media,Interfax-Ukraine,Ukraine,topic,
UC0jVU-mK53vDQZcSZB5mVHg,1,Q1145059,public broadcaster,Hellenic Broadcasting Corporation,Greece,topic,
UC0pxcvmPndail7i26y2K0bg,1,Q19860281,newspaper,Pskov Gubernia,,topic,
UC0sr7HZLNuxhB_okngeOweA,1,Q16988534,mass media|media company|news agency|news media,Kabar,Kyrgyzstan,topic,
UC10k-NvWs2E6jvXoM_nlF_A,1,Q107006179,mass media|media company|news agency|news media,Roma Press,North Macedonia,topic+title,
UC14uNDCzwhcbA-qWYBkging,1,Q136468944,mass media|media company|news agency|news media|news website,ALAU.KZ,Kazakhstan,topic,
UC1Lcash1pIZ2aiIavB2JXtg,1,Q16129918,mass media|news media|news website|newspaper|online newspaper,HaKol HaYehudi,Israel,topic,
UC1_JSuk0BSA_FWzSvMsezGg,1,Q826862,mass media|news media|news website|television station,God TV,United States,topic+title,
UC1gKP9gOrwLeO4MyQ1zPYog,1,Q140381419,mass media|news media|news website|newspaper|online newspaper,El Zenit,Mexico,topic+title,
UC1kcTyykNZVYE9LajEA8eLw,1,Q137830699,newspaper,Q137830699,Germany,topic,UCrlXI2X3HF72ldGIOiVzUmA
UC1oOl2GQHgORlO6nZwxTrKg,1,Q5209324,newspaper,Daily News Egypt,Egypt,topic+title,
UC1p7DHMMvpgkqu32H1USh7Q,1,Q139068510,mass media|news media|news website|newspaper|online newspaper,Actu44.fr,France,topic+title,
UC1s8esGgSMe2Fbxe6Bnpm6w,1,Q138528449,mass media|news media|news website,Khoj Samachar,Nepal,topic+title,
UC1v_dekbxqgQjBQ2fg39uBg,1,Q1374265,mass media|news media|radio station,European Radio for Belarus,Poland,topic,
UC1zYGo1jIIjMVDTLL3dydow,1,Q1197261,newspaper,Sankei Shimbun,Japan,topic,
UC27KdqL8GCxqXgurmGpkb7g,1,Q5244089,mass media|news media,DeSmog,,topic+title,
UC28hcmMG3TJv60Byo528VVg,1,Q11324223,mass media|news media|news website,Niconico News,Japan,topic,
UC2CoZtMc68lhBrupCOIvllw,1,Q48940439,mass media|news media|news website,The Insider,Russia,topic+title,UCS3maDoYHOG7WzN_ESSWC-g
UC2J3olQxMEQLEmpzisRVzpg,1,Q109873519,mass media|news media|news website|newspaper|online newspaper,The Palestine Chronicle,United States,topic+title,
UC2M61YK4ntt9iK-23XhDwcw,1,Q697153,mass media|news media|news website|newspaper|online newspaper,United Daily News,Taiwan,topic,
UC2P4BOQlye13d9l0Cl-kTTg,1,Q15956559,mass media|media company|news agency|news media,Hong Kong China News Agency,People's Republic of China,topic,
UC2PjztxRGqVJtm0tGR3mXTg,1,Q136719999,mass media|news media|news website|newspaper|online newspaper,Africaguinee,Guinea,topic+title,
UC2QuSFgnIeiBR9p0_Ym_6Pg,1,Q7950450,mass media|media company|news agency|news media|television station,WHTM-TV,United States,topic+title,
UC2TuODJhC03pLgd6MpWP0iw,1,Q7389900,mass media|news media|television channel,SET News,Taiwan,topic,
UC2VmWn8dAqkzlQqvy02E1PA,1,Q5427254,mass media|news media|television channel|television station,FTV News,Taiwan,topic,
UC2XAmdUgYy23fkg5nC6Spag,1,Q17462578,mass media|news media|news website|radio station,Súbela Radio,Chile,topic+title,
UC2Ya1zL54cL7CkluxqJd6FQ,1,Q136385479,mass media|media company|news agency|news media,Q136385479,Brazil,topic,
UC2aVivDVNhpNN_AsMcb0V8A,1,Q139898682,mass media|news media,Aram News,,topic+title,
UC2ce7ocIIs9NstcRt4Jolhg,1,Q140420005,mass media|news media|news website|newspaper|online newspaper,SpazioCrypto,Italy,topic+title,
UC2d64ZrPrGan3GYll6N0y5w,1,Q10502295,mass media|news media|news website,coolloud web (Social movement),,topic+title,
UC2hbw0O8Z6v0KHjVcT0XfsQ,1,Q827097,newspaper,Berria,Spain,topic,
UC2lCFhJIC4adt_oP1dwSOVg,1,Q52162279,mass media|news media|news website|newspaper|online newspaper,Aktuality.sk,Slovakia,topic+title,
UC2liaNc5y50YBVjgXiQxdHQ,1,Q135975371,mass media|news media|news website|newspaper|online newspaper,The Cradle,,topic+title,
UC2s4wNkGb731EjS27zi_hNw,1,Q116982840,mass media|news media|news website|newspaper|online newspaper,Christian Daily,Taiwan,topic,
UC2tU3x2rm9ppdaGWiLYxIDA,1,Q48954641,mass media|news media|news website|newspaper|online newspaper,Mash,Russia,topic+title,
UC2wnjHTgcoNHOr1qegeFGsg,1,Q117257266,mass media|news media,Q117257266,Norway,topic,
UC315KbRo_fiQ9fbaVUhEK0Q,1,Q113653257,mass media|news media|news website|newspaper|online newspaper,MalaysiaNow,Malaysia,topic+title,
UC32q96QZ3bdS1bHUaP0hgBg,1,Q140500382,mass media|news media|news website|newspaper|online newspaper,Real Digital,Kazakhstan,topic+title,
UC34JNOAjkpx4WLXKSRnUIwA,1,Q108001153,mass media|news media,Zerkalo.io,,topic,
UC35KuZBNIj4S5Ls0yjY-UHQ,1,Q5013089,mass media|news media|news program|television channel|television station,G News Network,Pakistan,topic,
UC35_7IUmatNefk6Wtt2-AtQ,1,Q29223522,mass media|news media|news website,Dzen,Russia,topic,
UC372QkR3fwJS1exiI1NTUvw,1,Q23817378,mass media|news media|news website,Meydan TV,Azerbaijan,topic+title,
UC3G-45OJY0VyLmlXMeFBOHw,1,Q4116122,newspaper,Akhbar el-Yom,Egypt,topic+title,
UC3GHKfZDKIei3_OAGNZunNA,1,Q50552435,newspaper,The Daily Manila Shimbun,,topic+title,
UC3GO3q3wSxJ21M9LQa8Hg-w,1,Q140501959,mass media|news media,Live Punjabi TV,India,topic+title,
UC3NR2hsIC6g9bQ-s4Eba6IA,1,Q141368310|Q4115189,newspaper,Lokshahi,Malta,topic+title,
UC3XTzVzaHQEd30rQbuvCtTQ,1,Q16735585,mass media|news media|news program,Last Week Tonight with John Oliver,,topic,
UC3cF5zwsHbX0noh3jMTVlYQ,1,Q132181298,mass media|news media|news website|newspaper|online newspaper,Mixani tou Xronou,Greece,topic,
UC3cntnJoRiiLaZ7dZwTTQ8A,1,Q12164155,mass media|news media|news website|newspaper|online newspaper,Militarnyi,Ukraine,topic+title,
UC3njZ48-FDxLleBYaP0SZIg,1,Q926175,newspaper,The Hindu,India,topic+title,
UC3oWNZqcVA21Ab7lnwWGcOQ,1,Q25226694,newspaper,Naya Patrika,Nepal,topic+title,
UC47PT9tQ-onpq37O6fVZBIg,1,Q15903537,media company|newspaper,Youth Daily News,Taiwan,topic+title,
UC47WI-kZXFf0H_f7pvaNCEQ,1,Q7853413,newspaper,Tuổi Trẻ,,topic+title,
UC48mLXk1ASg1EQbaS3MheWQ,1,Q958931,mass media|newspaper,Valor Econômico,Brazil,topic+title,
UC4KnMZaxcv1KZDAJsgHXcOA,1,Q1550538|Q1635809,public broadcaster|television station,LRT televizija,Lithuania,topic+title,
UC4NQG2u8P7t29T3aSxmGrTQ,1,Q125791753,mass media|news media|news website|newspaper|online newspaper,Metametrica,,topic+title,
UC4XW1c0v7vZkO8OQJEfOLOg,1,Q105590147,mass media|news media|news website|newspaper|online newspaper,iefimerida.gr,Greece,topic+title,
UC4bTRXU-ycVU516_pZbKG4g,1,Q64398383,mass media|news media,Gript,,topic+title,
UC4bokYuSrVGpI6_WYv7Gdbw,1,Q24850576,mass media|newspaper,The News Lens,Taiwan,topic+title,
UC4p_I9eiRewn2KoU-nawrDg,1,Q498921,newspaper,The Straits Times,Singapore,topic+title,
UC4zcMHyrT_xyWlgy5WGpFFQ,1,Q156203,newspaper,Bild,Germany,topic+title,
UC4zuSGeNrVOIvlo8-qaFlSQ,1,Q107723017,newspaper,The Waxahachie Sun,United States,topic+title,
UC52X5wxOL_s5yw0dQk7NtgA,1,Q40469,mass media|media company|news agency|news media,Associated Press,United States,topic+title,
UC52ln4mWFbs3hOL85_iA9Ww,1,Q114278066,mass media|news media|news website,The Hub,Canada,topic+title,
UC5BMIWZe9isJXLZZWPWvBlg,1,Q6428601,mass media|news media|television station,Kompas TV,Indonesia,topic,
UC5E-lqm0hYixrY61GAjXIdw,1,Q461344,newspaper,Tageblatt,Luxembourg,topic+title,
UC5EjYsIFpQPF0mMfH4e2DeA,1,Q15677016,mass media|media company|news media|news website|newspaper|online newspaper,watson,Switzerland,topic+title,
UC5LqfXvhYZsaJ1uz3AcSvpw,1,Q7022716,newspaper,Nguoi Viet Daily News,United States,topic+title,
UC5MwBnaH11q1nO2r4hiv5BQ,1,Q65049758,mass media|news media|news website,INSIDE,,topic+title,
UC5Q9jbF9A2dW-sPLl4rREkw,1,Q107020245,mass media|news media|news website|newspaper|online newspaper,haber365.com.tr,Turkey,topic+title,
UC5R89CNV6EE9ruwuEFRcOcw,1,Q12158571,mass media|news media|news website|newspaper|online newspaper,Judicial and Legal Newspaper,,topic,
UC5SzOUQP34uMRMY3CdIWc4Q,1,Q104843053,mass media|newspaper,The Christian Recorder,United States,topic+title,
UC5TOFhyb_LxL2VG_Zenhpzw,1,Q2603792,mass media|public broadcaster|television channel,Thai Public Broadcasting Service,Thailand,topic+title,
UC5UwzkI8NlcDHgrRkVBkR5Q,1,Q105301670,mass media|news media|news website|newspaper|online newspaper,Proekt,Russia,topic,
UC5VbpPF37ARpk9t5l_TJc8w,1,Q11630527,newspaper,Kankokeizai News,,topic,
UC5iLnYoF4Ryb63YdGD9RfWQ,1,Q781365,public broadcaster,Australian Broadcasting Corporation,Australia,topic,
UC5l18oylJ8o7ihugk4F-3nw,1,Q136677336,mass media|news media|news website|newspaper|online newspaper,PULSE HK,,topic+title,
UC5nwNW4KdC0SzrhF9BXEYOQ,1,Q7672150,mass media|news media|television channel|television station,TVBS News,Taiwan,topic+title,
UC5rVi7GRsGLGNK2T2JzwoFA,1,Q13028748,mass media|news media|news website|newspaper|online newspaper|radio station,Belarusian section of Radio Free Europe/Radio Liberty,,topic,
UC5sPqti8bakMgz5T5u6_o6A,1,Q110917676,mass media|news media,Malanka Media,Belarus,topic+title,
UC5zqLNazArotJH7Y08DEigQ,1,Q28401298,mass media|news media|television station,TVC News,Nigeria,topic+title:alt,UCgp4A6I8LCWrhUzn-5SbKvA
UC61reKB-JvsnWGwmsGN6deA,1,Q2000342,mass media|media company|news agency|news media,Ma'an News Agency,Palestine,topic,
UC68VHcQS5x-WNFmf5cAFtgg,1,Q108492472,mass media|news media|news website|newspaper|online newspaper,VTC News,Vietnam,topic+title,
UC6AG81pAkf6Lbi_1VC5NmPA,1,Q16143608,mass media|news media|news website|newspaper|online newspaper,TBS News DIG,Japan,topic+title,
UC6BENb97B-9QXIOCjbW9Lvw,1,Q7399786,newspaper,Sai Gon Giai Phong,,topic+title,
UC6Ndavd7pNuwiFmpXEFAwEw,1,Q140312694,mass media|news media|news website|newspaper|online newspaper,Plovdiv24.bg,Bulgaria,topic+title,
UC6RJ7-PaXg6TIH2BzZfTV7w,1,Q7806547,mass media|news media,Times Now,India,topic+title,
UC6W8rnMBwnzioz-3-8jH0-w,1,Q2750599,newspaper,The Citizen,South Africa,topic+title,
UC6Ye6MKEFPjpxnaTXLeBRiA,1,Q1688974,mass media|media company|news agency|news media,Jiji Press,Japan,topic,UCNLxBzguoGLqXWA8_BtHSHA
UC6ZFN9Tx6xh-skXCuRHCDpQ,1,Q7118447,mass media|news media|news program,PBS News Hour,United States,topic+title,
UC6ZYCxxt5wDvNbhjzyFSVKg,1,Q598237,newspaper,Naftemporiki,Greece,topic,
UC6dDeJDRIlCjcMScJ2nLXWA,1,Q28135463,mass media|news media|news website,MediaZona,Russia,topic:alt,UCP5BG7Qd0_63hscPY9mXF7g
UC6o-wWU-v2ClFMwougmK7dA,1,Q25869,mass media|news media|news program,BBC Newsnight,,topic+title,
UC6ovWEVhYXgT3kkdc4gsdhA,1,Q13028748,mass media|news media|news website|newspaper|online newspaper|radio station,Belarusian section of Radio Free Europe/Radio Liberty,,topic:alt,UC5rVi7GRsGLGNK2T2JzwoFA
UC6rYUPNu9Te_c_q1NJ-49BA,1,Q135208026,mass media|media company|news media|news website|newspaper|online newspaper,Q135208026,Romania,topic,
UC70w9yuRtx-OQ5nv38rKwMw,1,Q110875993,mass media|news media|news website,The Harrisonburg Citizen,United States,topic+title,
UC763IzqFivb2qZMrXH0JiXw,1,Q98046055,mass media|media company|news agency|news media,NUR.KZ,Kazakhstan,topic:alt,UCK5oVVOov765YXo0uEtj12Q
UC7DDcxd92wR0LzlMKIcHDAA,1,Q6105489,mass media|news media|news program,Show Haber,,topic+title,
UC7DjcEEX7zUSvS3IWWX_nmw,1,Q716861,mass media|media company|news media|news website|newspaper|online newspaper|radio station,Arutz Sheva,Israel,topic+title,
UC7E-LYc1wivk33iyt5bR5zQ,1,Q1034213,mass media|news media|news website,Vatican News,Vatican City,topic+title,
UC7IdArS3MibBKFsqckq8GhQ,1,Q55624736,mass media|news media,National Dastak,India,topic+title,
UC7PwfNI2zuokhCctN9VymLg,1,Q134592302,newspaper,Protidiner Bangladesh,Bangladesh,topic+title,
UC7QxZdogxV1gloaOBO02wiw,1,Q389458,magazine|mass media|news media|news website|newspaper|online newspaper,Aftonbladet,Sweden,topic+title,
UC7RQon_YwCnp_LbPtEwW65w,1,Q666494,newspaper,Evening Standard,United Kingdom,topic+title,
UC7YMZb0X_W06ToOazhFuXIQ,1,Q123137716,mass media|media company|news media|news website,404 Media,United States,topic+title,
UC7dCZ28JQUZYno7TSlLKNoQ,1,Q392934,mass media|media company|news agency|news media,Agenzia Nazionale Stampa Associata,Italy,topic,
UC7eTa1b57wOoboFKH2hVdMQ,1,Q113229162,mass media|media company|news agency|news media,Q113229162,Ukraine,topic,
UC7fmmuxN33aSAc3Og4xRydg,1,Q55668628,newspaper,Upstate Business Journal,United States,topic+title,
UC7goDGF9TmNN4uwdHNR0nOQ,1,Q117021940,mass media|news media|news website|newspaper|online newspaper,Q117021940,Norway,topic,
UC7htuVs06oduI3xSfTdcxPA,1,Q4031546,mass media|news media|news program,48 Hours,,topic+title,
UC7neeTABUnWFaCljRO5Qptw,1,Q55665413,newspaper,Today's News-Herald,United States,topic+title,
UC7qnYpVcuFbURi3E2E6_f6Q,1,Q85999798,mass media|news media|news website|newspaper|online newspaper|radio station,Radio Svoboda Ukraine,Ukraine,topic,
UC7ymKGCl6EVLh7z6sq7TBZA,1,Q697130,mass media|media company|news agency|news media,Central News Agency,Taiwan,topic,
UC81emF3ZIDQYlnoqAOwnjDg,1,Q85971100,mass media|news media|news website|newspaper|online newspaper,Haber.com,Turkey,topic+title,
UC83jt4dlz1Gjl58fzQrrKZg,1,Q40238,mass media|news media|television channel|television station,CNA,Singapore,topic+title,
UC8BxSGcBKriJvoeyKOnJ6tA,1,Q255700,newspaper,Washington Examiner,United States,topic+title,
UC8FOhz3iXhF1iqqzAFfBjmA,1,Q114050859,mass media|news media|news website|newspaper|online newspaper,El Debate,Spain,topic+title,
UC8GKse1bmXdiGTeqa_7KMzA,1,Q124394701,mass media|news media|news website,Veridica,Romania,topic+title,
UC8ROUUjHzEQm-ndb69CX8Ww,1,Q19852084,mass media|news media|television channel,Taiwan Television News,,topic,
UC8Su5vZCXWRag13H53zWVwA,1,Q43297,magazine|mass media|news magazine|news media,Time,United States,topic+title,
UC8W3i56aH02EWBdQjLbivTw,1,Q140763952,newspaper,Q140763952,Mexico,topic,
UC8XBizOfQBLUrUcv_9DHCog,1,Q86740827,mass media|news media|news website,THE PAGE,Japan,topic+title,
UC8md0UEGj7UbjcZtMjBVrgQ,1,Q138651888,mass media|media company|news media|news website,Behindwoods,India,topic+title,
UC8uoOv4RSzdZKlmPTguYjtg,1,Q18708932,mass media|media company|news agency|news media,Agence de presse sénégalaise,Senegal,topic+title,
UC8vTXt0W8h3islIUodGoXTw,1,Q815537,public broadcaster,Belgischer Rundfunk,Belgium,topic,
UC8zQiuT0m1TELequJ5sp5zw,1,Q4400554,mass media|news media|news website|newspaper|online newspaper,BBC News Russian,United Kingdom,topic+title,
UC9-KzVv1uht44ajnTR7yvxg,1,Q110503026,mass media|news media|news website,Arab48,Israel,topic+title,
UC9-zaURcqaOyOA4n41ySMxA,1,Q135641056|Q135641057,magazine|mass media|news media,Catersource,United States,topic,
UC92Oxzg1gRXf7awoRX3GG8g,1,Q105715164,mass media|news media|news website|newspaper|online newspaper,Riks,Sweden,topic+title,
UC94ZFkaUg016H7c7johXL0Q,1,Q10855600,newspaper,The Kookje Daily News,South Korea,topic,
UC96Ib645CqE3JuT-Da0LfuQ,1,Q1241628,mass media|news media|news website,Naked News,Canada,topic+title,
UC97O_ce8Rm7rE0hjE82joaA,1,Q4329488,mass media|media company|news media|news website|newspaper|online newspaper,OBOZ.UA,Ukraine,topic+title,
UC9JOQ2qyGisxVhZK5awHQIA,1,Q7747429,magazine|mass media|newspaper,The Link,Canada,topic,
UC9Ksf9o5OjzZWs2Jo8DC0Aw,1,Q5152534,newspaper,Commercial Times,Taiwan,topic,
UC9Myw7U_bMdDpFL_-jkh3Dw,1,Q540072,magazine|mass media|news media|news website|newspaper|online newspaper,WirtschaftsWoche,Germany,topic+title,
UC9dzpl4QlegNww6aHEEowyw,1,Q2072196,mass media|media company|news agency|news media,İhlas News Agency,Turkey,topic+title,
UC9gcw8-7IzzaosI4c0KCP0g,1,Q2941007,mass media|news media|news program,Cash Investigation,,topic+title,
UC9i9MykBsGU1wAPRmbW9Tsw,1,Q11324223,mass media|news media|news website,Niconico News,Japan,topic:alt,UC28hcmMG3TJv60Byo528VVg
UC9ipWt3PNhs6sZ_niPRoYLw,1,Q5912417,mass media|news media|news website|newspaper|online newspaper,HotNews,Romania,topic,
UC9j7m_ojWQuVlpwq2FxuRuA,1,Q25450114,newspaper,Q25450114,United Arab Emirates,topic,
UC9jY5IcAA99wX8MZQ9K9r-Q,1,Q2227214,mass media|news media|news website|newspaper|online newspaper,The Electronic Intifada,United States,topic+title,
UC9sXw4ZdPEIp6bYGvLW-_iA,1,Q1282036,public broadcaster,VPRO,Netherlands,topic+title,UCbx4twDD-hVLdXFSqWiRUng
UC9xCeMuB9TmzrPxWzoBOMfw,1,Q116820813,mass media|news media|news website,EdSource,United States,topic+title,
UC9yEY5xcGcmQsPDGpwiYTWQ,1,Q130608207,mass media|news media|news website,Almost Daily Cult News,,topic,
UCA10sIJzq2dzE9AE9RQY0EA,1,Q20097095,mass media|media company|news agency|news media|news website|newspaper|online newspaper,Ukrainian National News,Ukraine,topic,
UCA449AY-qrJsvE7HX8MZVog,1,Q108400128,mass media|news media|news website,CNN Greece,Greece,topic+title,
UCA68-dPm9s8tWuSOFC0m0LQ,1,Q131741908,mass media|news media|news website|newspaper|online newspaper,Q131741908,Italy,topic,
UCAHOA5yyCCtSLsa0v2jr_yA,1,Q138610500,mass media|news media|news website,Q138610500,Turkey,topic,
UCAKB9wGGRccBDrvbbbmgetw,1,Q201275,mass media|news media|public broadcaster,Norddeutscher Rundfunk,Germany,topic,
UCAUHoE2Ykw0sguyi5AjhrjQ,1,Q13422005,mass media|news media|news website|television channel|television station,Q13422005,Iraq,topic,
UCAeWdyKJXGWmVAXFpgLNNTg,1,Q700402,mass media|news media|news program,CBS Evening News,,topic+title,
UCApLxl6oYQafxvykuoC2uxQ,1,Q6087645,mass media|news media|news website|television station,Bloomberg HT,Turkey,topic,
UCAuzsUtmDGpgZ-T9pg6NlgA,1,Q85987519,mass media|news media|news website|newspaper|online newspaper,Ukraїner,,topic+title:alt,UCbNaKxi1j-Q5jWZDpJZp56g
UCB0NxICFmGabAalD46J2i4A,1,Q3416986,public broadcaster,Radiodiffusion Télévision de Djibouti,Djibouti,topic,
UCB3Ws4PMU2f1UT0x5prMG2w,1,Q7749675,magazine|mass media|news magazine|news media,Al Majalla,,topic,
UCB58cDLM3zZlgV6iIG9bdoQ,1,Q17064633,newspaper,Dhaka Tribune,,topic+title,
UCBMrOkjg3AbvLS5g1MhtlRQ,1,Q127429085,mass media|news media|news website,Drop Site News,United States,topic+title,
UCBP0Ym0Z5dGh7U72VTtstoQ,1,Q30950156,mass media|news media,Orange News,,topic,
UCBRWjgdwXsnWMI9-VKc4hWQ,1,Q136328055,mass media|news media|news website|newspaper|online newspaper|radio station,Sol Play 91.5,Argentina,topic+title,
UCBdj3-wcKGJXwmGjZdBOFHw,1,Q113268665,newspaper,Searchlight,,topic+title,
UCBm4j5z_buTSr3q0iBHcVtw,1,Q60847986,newspaper,Q60847986,,topic,
UCByY6kp5cVRCcR59eQz9hwQ,1,Q139961274,mass media|news media,Global South World,United Kingdom,topic+title,
UCC-C46T69Ymv3WBeYMAFMRQ,1,Q571116,mass media|media company|news agency|news media,Antara,Indonesia,topic+title,
UCCCg3dqWsgGcBf2W8CbWCxw,1,Q139601883,mass media|news media|news website|newspaper|online newspaper,BGodInspired,United States,topic+title,
UCCCjc1piE1mIrhcE3ejENeA,1,Q86493820,mass media|news media|news website|newspaper|online newspaper,Reporte Indigo,Mexico,topic+title,
UCCKjgCudsO_Q52HJrmeb1wQ,1,Q6579863,mass media|news media|news website|newspaper|online newspaper,Prachatai,Thailand,topic+title,
UCCPvLUrjzOd3bNBMdBryv_w,1,Q141387507,mass media|news media|news website,Nos Cogió La Noche,Colombia,topic+title,
UCCV5Z2DEYnUGIY_mO-AcQKw,1,Q114240144,mass media|news media,I gryanul Grem,,topic,
UCChMBgirwM2nnT3Bbe8METQ,1,Q10851945,mass media|news media|television channel,Now News,,topic+title,
UCD3xaSkjWWj8c56EI_qqT-g,1,Q1978935,mass media|news media|news website,netzpolitik.org,Germany,canonical:alt,UCyVCt3CM0PPJ69PVHgNsNnQ
UCD9r4xLAK7hdlrqGB2lb2yg,1,Q107105628,newspaper,Alroeya,,topic,
UCDCJyLpbfgeVE9iZiEam-Kg,1,Q5014619,mass media|news media|television channel|television station,CTS News Information Channel,Taiwan,topic,
UCDGfqLmr_WTJlWdI4ih2eDg,1,Q2410136,mass media|media company|news agency|news media,Middle East News Agency,Egypt,topic,
UCDIbFDqt1o6YuRzGEsNRnCQ,1,Q125025428,mass media|media company|news media,Razvorot,,topic,
UCDR2gVFmKy9xRU09ibm5S0A,1,Q48795745,mass media|news media|news website,Newsroom,New Zealand,topic+title,
UCDfNrxA5dMp0co1siQOLrjg,1,Q5053212,mass media|media company|news agency|news media,Catholic News Service,United States,topic+title,
UCDjrRSCW1qGlivzKOAFYr_w,1,Q22442821,mass media|news media|news website|newspaper|online newspaper,Osservatorio Balcani e Caucaso Transeuropa,Italy,topic+title,
UCDuSNexflm9nFKXLeMlqN2Q,1,Q30889269,mass media|news media|news website|newspaper|online newspaper,Strana.ua,Ukraine,topic+title,
UCDvIeLuH5wmndQ55cXeKtXw,1,Q3064698,newspaper,Fakir,France,topic+title,
UCE5eUQGzxg7KtLuKCmyq9pw,1,Q2377626,mass media|news media|news website|newspaper|online newspaper,Novye Izvestia,Russia,topic,
UCEC4D0dTTJr_EEnEJz15hnQ,1,Q4030314|Q97961177,mass media|news media|news website|newspaper|online newspaper|television channel,News Channel 24,Ukraine,topic+title,
UCEJf5cGtkBdZS8Jh2uSW9xw,1,Q138856184,mass media|news media|news website,stirileprotv.ro,Romania,topic,
UCEOTRMgfd7uXZD6goFTQP6A,1,Q62129644,mass media|news media|news website|newspaper|online newspaper,Pulzo,Colombia,topic+title,
UCER4rvDnRBPr_ncYW4UCZjg,1,Q3476210,mass media|news media|television station,tvOne,Indonesia,topic,
UCESBL3qcbb9jLw7jq9gh4nQ,1,Q1943651,newspaper,The i Paper,United Kingdom,topic+title,
UCEW1QlFX_ito4gd3QXxyt5Q,1,Q115860978,mass media|news media|news website|newspaper|online newspaper,Minfin.com.ua,Ukraine,topic,
UCEeRjPTPfBfAZhBBIgtUo8g,1,Q12697551,newspaper,Q12697551,Malaysia,topic,
UCEfC_TEr_nmbCcVeDHUgzjg,1,Q2991208,mass media|news media|newspaper,Sovetskaya Belorussiya – Belarus' Segodnya,Belarus,topic,
UCEl68IGjU5vJtNO5rjE1gJA,1,Q294279,newspaper,aktiv,,topic+title,
UCEn99hD6NygfFa5W8MW0M0A,1,Q65125387,magazine|mass media|newspaper,Wired Italia,Italy,topic+title,
UCEwKMXfktjqfaT9JoPB6r-A,1,Q60740702,mass media|news media|news website,The Better India,India,topic+title,
UCExcZNwh_3Mwm4fF4VSiu2w,1,Q1836627,mass media|news media,Nieuwsuur,,topic+title,
UCF2Z3n9P_WUDi9TDFHys9SQ,1,Q111187198,mass media|news media|news website|newspaper|online newspaper,BusinessTech,,topic+title,
UCF4Wxdo3inmxP-Y59wXDsFw,1,Q6495373,mass media|news media|news program,MBC Newsdesk,,topic,
UCF6nSR3lD_4dVGa8U8TBsCg,1,Q137286278,mass media|media company|news agency|news media|news website|newspaper|online newspaper,PMG.ua,Ukraine,topic+title,
UCFCf--dLooq56qFM5KPmKfg,1,Q1186339,magazine|mass media|newspaper,Shimbun Akahata,Japan,topic,
UCFCfp_c4SVNrJz_6qem7NyQ,1,Q124288843,magazine|mass media|newspaper,Q124288843,Netherlands,topic,
UCFFuMGTQXLitNuiU4SIe5vQ,1,Q76537273,mass media|media company|news agency|news media,Quds News Network,Palestine,topic,UCr3tVUYEqvVJTPqkggTFnyg
UCFOUiyLVI2kLq8SMLECB7Pw,1,Q135580006,mass media|news media|newspaper,Good News From Indonesia,Indonesia,topic+title,
UCFRkqOONCkI5jJ3oYFzJjvA,1,Q20093911,magazine|mass media|news media|news website|newspaper|online newspaper,The New Voice of Ukraine,Ukraine,topic,
UCFTS8s8mOgz-Qb-UvB7fYqQ,1,Q4411093,mass media|news media|news website|newspaper|online newspaper,Svobodnaya Pressa,Russia,topic,
UCFacsR8uPA4zjc883Hwrvng,1,Q122624545,mass media|news media|news website,Brighton and Hove News,United Kingdom,topic+title,
UCFb-u3ISt99gxZ9TxIQW7UA,1,Q16946930,mass media|news media|television channel,DVTV,Czech Republic,topic+title,
UCFi6KzfbvhTQH1LGzLYStFw,1,Q139827156,mass media|news media|news website|newspaper|online newspaper,Cyrustimes,Indonesia,topic+title,
UCFnfs1hbd4oJXcEsQe4EYrw,1,Q125522218,newspaper,Hunterbrook,,topic+title,
UCFt4-ryWu3wYbKOkwY1yiTw,1,Q20638209,newspaper,Efimerida ton Syntakton,,topic,
UCFufE3paIhKaXz6wIl8bQcQ,1,Q123239896,mass media|news media|news website,Poets & Quants,United States,topic+title,
UCG-Et3jfinzlQql4uEYjAVw,1,Q215363,media company|public broadcaster,Sveriges Television,Sweden,topic,
UCG3dV-ScM6uF90sGFKMjgUQ,1,Q125017350,magazine|mass media|news media,Q125017350,,topic,
UCG4kGP4ETdKzseQshMCCBKg,1,Q18109606,mass media|news media,Knews,,topic,
UCGAFtGynK5k1ZW_B0jZduMQ,1,Q106234740,mass media|news media|news website|newspaper|online newspaper,The Emancipator,,topic+title,
UCGFxdeUWz-NO0JuWjC2n9mA,1,Q20105523,mass media|news media|news website|newspaper|online newspaper,Crític,,topic+title,
UCGKYksAES1ORYtiWgEI55rQ,1,Q124759824,mass media|news media|news website|newspaper|online newspaper,Medyabar,Turkey,topic+title,
UCGN7_Jy7V12NspJBcxsQFyA,1,Q98965362,mass media|news media|news website|newspaper|online newspaper,VietnamPlus,Vietnam,topic,UCaceSjcJy048RDVV8374y4g
UCGONWo6kCXGwtyA8SHrHIAw,1,Q12205249,newspaper,Al-Shorouk,Egypt,topic,
UCG_Qif8SJIS3XxU8iqHoInw,1,Q485500,mass media|media company|news agency|news media|radio station,Radio Free Europe/Radio Liberty,United States,topic+title,
UCGbN-oQhbPu_ig3lv-87Pwg,1,Q4703120,mass media|news media|news website|television channel,Al-Rafidain TV,Iraq,topic,
UCGe1EHmk2SHt9fnpIRchvqg,1,Q3792882,mass media|news media|news website|newspaper|online newspaper,il Post,,topic,
UCGoLa-QhHmTxLEdjv_8dxrg,1,Q21590068,mass media|news media|news website|newspaper|online newspaper,444.hu,Hungary,topic+title,
UCGp4u0WHLsK8OAxnvwiTyhA,1,Q2893565,mass media|media company|news agency|news media,Pathé News,United Kingdom,topic+title,
UCGsptS1u_Nz6-yIFBbzZK0g,1,Q126727802,newspaper,Q126727802,Russia,topic,
UCGttrUON87gWfU6dMWm1fcA,1,Q743162,columnist|journalist|podcaster|pundit,Q743162,US,canonical:alt,UCjjBjVc0b1cIpNGEeZtS2lg
UCGy6uV7yqGWDeUWTZzT3ZEg,1,Q19866755,mass media|news media|news website,Rebel News,Canada,topic+title,
UCH1oRy1dINbMVp3UFWrKP0w,1,Q825946,mass media|news media|news program,Good Morning America,,topic+title,
UCH65st7hkRdchprU2fMcerg,1,Q124339466,newspaper,Q124339466,,topic,
UCHBDXQDmqnaqIEPdEapEFVQ,1,Q204839,mass media|media company|news agency|news media,Xinhua News Agency,People's Republic of China,topic,
UCHBv5vSp3pETSLq8oWTsmqA,1,Q5384778,mass media|news media|television channel,Era News,Taiwan,topic,
UCHDXXHPrz-1GVbK_qk82hBQ,1,Q1181753,newspaper,Deccan Herald,India,topic+title,
UCHJ8gW2vKH5R3VohymtBCrQ,1,Q1161091,mass media|news media|news program,Híradó,,topic+title,
UCHMl6cx4Q1JsvTwAT2gA8Vw,1,Q608410,newspaper,Busan Ilbo,South Korea,topic,
UCHWB1dvebBlXIHUSuUQSrxQ,1,Q655104,magazine|mass media|newspaper,Krytyka Polityczna,Poland,topic+title,
UCHXvjavEtkPFJCfGlm0wTXw,1,Q497170,newspaper,Kyunghyang Shinmun,South Korea,topic,
UCHYlN_WxQytvVZu3dNWd7lQ,1,Q117288740,mass media|news media|news website,Lviv Media,Ukraine,topic+title,
UCHbWS1ux3GuMNvrsOnb9ccQ,1,Q5789313,newspaper,Correo del Caroní,Venezuela,topic+title,
UCHorQulYsTk46YvIOwWE6sw,1,Q4678064,newspaper,Ad-Dustour,Jordan,topic,
UCHpw8xwDNhU9gdohEcJu4aA,1,Q11148,newspaper,The Guardian,United Kingdom,topic+title,
UCHqC-yWZ1kri4YzwRSt6RGQ,1,Q27629636,mass media|news media|news website,Right Side Broadcasting Network,United States,topic+title,
UCHs8PbPCfni0BmT7w9q1Zgg,1,Q123576057,mass media|news media|news program,Q123576057,,topic,
UCHtrgacI-14jCFa197-4wHQ,1,Q67520227,mass media|news media|news website|newspaper|online newspaper,Workers' Politics,Argentina,topic,
UCI3EXOyQ5_imsQJs5pq28XQ,1,Q135012540,newspaper,El Independiente,Spain,topic+title,
UCI4mta4pWhYhPSLhjmUAfZQ,1,Q1136866,newspaper,Mainichi Shimbun,Japan,topic,
UCI5MioziUGodOkQdDTeJm2A,1,Q105241558,mass media|media company|news agency|news media,Q105241558,Mexico,topic,
UCI8DegIWgK51cGakXcf1dOQ,1,Q623659,newspaper,Arab News,,topic+title,
UCI8XeBXcahsbsR2XA9gIWoQ,1,Q106512525,magazine|mass media|newspaper,DOXA,Russia,topic+title,
UCI8obY7X3qi6GnS1ZWKztMw,1,Q114090040,magazine|mass media|news media|news website|newspaper|online newspaper,BatiActu,,topic+title,
UCIF70oAUd8-kB9HDcC0CubQ,1,Q5463908,mass media|news media|news website,Focus,Ukraine,topic,
UCIFX9h9nwvTx8GaO8FSIEJg,1,Q11393909,mass media|media company|news media|news website|newspaper,Real Live News,Japan,topic,
UCIIkOzwZIdLfHa4Q13dQrkw,1,Q16345524,mass media|media company|news agency|news media,Deutsche Welle Bengali,Bangladesh,topic,
UCIJXOvggjKtCagMfxvcCzAA,1,Q2201035,mass media|news media|news program|television channel|television station,Sky News Arabia,United Arab Emirates,topic,
UCILYNzZvWNUPaALmDJBIMAw,1,Q48729815,mass media|news media|television channel,Channel Dinraat,India,topic+title,
UCISgnSNwqQ2i8lhCun3KtQg,1,Q106253885|Q7286502,mass media|news media|television channel|television station,Sansad TV,India,topic+title,
UCIusLv5aQubqzuyVQGEjSug,1,Q1970600,mass media|news media|news website|newspaper|online newspaper,Vzglyad,Russia,topic,
UCIwZ1tpMyb_inF_9rHC8Zzg,1,Q116783518,mass media|news media|news website,WEHO Times,,topic+title,
UCIzXayRP7-P0ANpq-nD-h5g,1,Q208875,newspaper,The Sun,United Kingdom,topic+title,
UCIzk1xJKhTtb3fyHyu44o6Q,1,Q55668575,newspaper,Bucks County Herald,United States,topic+title,
UCJAQQN2pTQY0eyB05PInceg,1,Q111013865,mass media|news media|news website|newspaper|online newspaper,The Arizona Mirror,United States,topic+title,
UCJBJn_DAtgS6cF3QEom_CpQ,1,Q136374312,mass media|news media|news website|newspaper|online newspaper,democrata.es,Spain,topic+title,
UCJFOER35ggIWwsXh2ZDnqyg,1,Q1954757,newspaper,The Economic Times,India,topic+title,
UCJN75PLD50xD6FIa3dtohJw,1,Q125543329,mass media|news media|news website,DCReport,United States,topic+title,
UCJPny77nNKt9Jv9D9a7_qrg,1,Q63165483,mass media|news media|news website|newspaper|online newspaper,mandiner.hu,Hungary,topic+title,
UCJUrX-ElIk-INr7aQHkEyAQ,1,Q109376339,mass media|newspaper,Insurance Times,,topic+title,
UCJVTsYjG0KLNWL6OyHx7ZGw,1,Q42715828,mass media|news media|news website|newspaper|online newspaper,Nexo Jornal,Brazil,topic+title,
UCJXfbDrhFskU3ImODCaWr1A,1,Q1126918,newspaper,Dagens Nyheter,Sweden,topic+title,
UCJc6b2Bf2olt5_XfQpZ5GJA,1,Q1750565,newspaper,Willamette Week,United States,topic+title,
UCJekW1Vj5fCVEGdye_mBN6Q,1,Q106695309|Q7408411,mass media|news media|news website|television station,Samaa.tv,Pakistan,topic+title,
UCJv_pFLPfu6Z7b5lJAdis_Q,1,Q118869332,mass media|news media|news website|newspaper|online newspaper,AbruzzoWeb,Italy,topic+title,
UCK5oVVOov765YXo0uEtj12Q,1,Q98046055,mass media|media company|news agency|news media,NUR.KZ,Kazakhstan,topic,
UCK61nMyq9bYju554DZWdUXw,1,Q131911965,mass media|news media|news website|newspaper|online newspaper,Q131911965,Ukraine,topic,
UCK6FgUDllyt6loLQPQP1zjQ,1,Q4318632,newspaper,Nizhegorodskaya Pravda,,topic,
UCK6c4qk3hRaa6fMIEZrhiXQ,1,Q12522332,newspaper,Tribun Timur,Indonesia,topic+title,
UCKCVeAihEfJr-pGH7B73Wyg,1,Q2095222,mass media|media company|news agency|news media,Ukrainian Independent Information Agency,Ukraine,topic,
UCKFykihK_HetVjH_JPU3N3w,1,Q140680236,public broadcaster,Q140680236,Netherlands,topic,
UCKK1JzwJzAVVJToQ4ezjDtg,1,Q6262613,mass media|news media|news website|newspaper|online newspaper,Kikar HaShabbat,,topic,
UCKN3AqdDXIkZrHaMkA8hdkg,1,Q129177312,mass media|media company|news agency|news media,Watan News Agency,Palestine,topic+title,
UCKNT5nrVgFst48AXQAFuH1Q,1,Q16578645,newspaper,infoLibre,Spain,topic+title,
UCKTka4Ofp4aW2enMCMYS9Qg,1,Q139622898,mass media|news media|news website|newspaper|online newspaper,SAY ALWAYS TRUTH,Bangladesh,topic+title,
UCKVxUfdtZsqtg3B3-wjrLOA,1,Q269300,mass media|news media|news website|newspaper|online newspaper,Q269300,Switzerland,topic,UCQNjg0-yEA8LoyCcWI-j8mA
UCKY1msUI1iVtnKHPaLOsiQg,1,Q3044717,mass media|news media|news website,Yahoo News,,topic+title,
UCKbhCXpZwAmFN4UHeT8HTjA,1,Q6304791,newspaper,Jugantor,Bangladesh,topic+title,
UCKh-hDdf5jRqvgPTTTU7pDw,1,Q5406574,newspaper,Kirkko ja kaupunki,,topic+title,
UCKjU3KzdbJE1EFcHVqXC3_g,1,Q2413021,mass media|news media|news program,The National,,topic+title,
UCLEhuU5yv0T4WBjntWoUSXw,1,Q120395570,mass media|news media|news website,Veryansın TV,Turkey,topic+title,
UCLTywN06xv2K8Wz1fSGQS_g,1,Q2614109,newspaper,Vechernyaya Moskva,Russia,topic,
UCLYWo70xBDrPYJgJsxoX7Qg,1,Q122920928,mass media|news media,Green Bean Media,United Kingdom,topic+title,
UCLe9bPt-OpIUm_0utD9cb-g,1,Q60995743,mass media|news media|news website,CredereMedia,,topic,
UCLgVC4vh2TIlVYRP7C_F5Wg,1,Q106878568,newspaper,evening newspaper,Canada,topic,
UCLhFJ2A2Yx9Ro8dJPfBuFGw,1,Q30339599,newspaper,Q30339599,Spain,topic,
UCLtGUPjKLqa3zgdmhKCZONg,1,Q1324020,mass media|news media|news website|newspaper|online newspaper,El Comercio,Peru,topic+title,
UCLvbVJDsVX4-qoyladIiVaQ,1,Q892935,newspaper,El Observador,Uruguay,topic+title,
UCLxs4arZs46ZBsZ6VvDRkTw,1,Q12338663,mass media|news media|news website|newspaper|online newspaper|television station,TV 2 Kosmopol,Denmark,topic+title,
UCM-1sd-cXSuCsfWp8QMY_OQ,1,Q98924172,mass media|news media|news website|newspaper|online newspaper,telex.hu,Hungary,topic+title,
UCM0GcCS1HPUhVxRVOvxg2ag,1,Q18539605,mass media|news media|news website|newspaper|online newspaper,DCNews.Ro,Romania,topic+title,
UCMBDmj_hrxj8CV-bpa8nSCQ,1,Q5160091,newspaper,Confidencial,Nicaragua,topic+title,
UCMEMEhlnxpkTphipw-EpFMA,1,Q848966,public broadcaster,Radio Ukraine,Ukraine,topic,
UCMXDdHOAhKSiK-94pWc5q1w,1,Q124427187,magazine|mass media|news magazine|news media,Carolina Journal,,topic+title,
UCMXeWDOu2ztIs2LZkXGXbGw,1,Q7579734,newspaper,Sports Hochi,Japan,topic,
UCMlCPwzF9ibXfCTjFF9Ihmg,1,Q4329488,mass media|media company|news media|news website|newspaper|online newspaper,OBOZ.UA,Ukraine,topic+title,UC97O_ce8Rm7rE0hjE82joaA
UCMmpLL2ucRHAXbNHiCPyIyg,1,Q4653979,mass media|news media|television channel,ARY News,Pakistan,topic+title,
UCMsWTbr8EdXTXsmRTWqkZMA,1,Q3415909,magazine|mass media|news media|news website,rabble.ca,Canada,topic+title,
UCMtFAi84ehTSYSE9XoHefig,1,Q18151598,mass media|news media|news program,The Late Show with Stephen Colbert,,topic+title,
UCMywWPYWcnMqkgIOdyeYgyA,1,Q135812278,mass media|news media|news website|newspaper|online newspaper,El Tribuno de Jujuy,Argentina,topic+title,
UCN30-BOe1y5ZCbXLxUApE9w,1,Q28055931,newspaper,El Moudjahid,Algeria,topic+title,
UCNCVuaQDvPrZ4oTKG90iqOA,1,Q65219588,mass media|news media|news website,Medyascope,,topic+title,
UCNHi3NPwZpHn4NRmf4SGbpw,1,Q122850711,mass media|news media|news program,Horizon,,topic,
UCNL0WotRzHNMbdMDzye_uFg,1,Q113399034,mass media|news media|news website,xabardor.uz,Uzbekistan,topic+title,
UCNLxBzguoGLqXWA8_BtHSHA,1,Q1688974,mass media|media company|news agency|news media,Jiji Press,Japan,topic,
UCNPxzbEkoNcydfLrRdTb-HA,1,Q4652171,mass media|media company|news agency|news media,AKIpress News Agency,Kyrgyzstan,topic+title,
UCNQx55HsdDj9ObVACcF5d3A,1,Q137291149|Q137464441,mass media|news media|news website|newspaper|online newspaper,Q137291149,,topic,
UCNVrdbEJ_n7EPoBKkNVKvfg,1,Q18285196,newspaper,A Gazeta,Brazil,topic+title,
UCNWh9GuY0APdpm6jwbX5JsA,1,Q81189660,mass media|news media,Mothership,Singapore,topic+title,
UCNaeAMlVCgGCqOygi081I2A,1,Q97368663,mass media|news media|news website|newspaper|online newspaper,actu.fr,France,topic+title,
UCNye-wNBqNL5ZzHSJj3l8Bg,1,Q4296040|Q4727585,mass media|news media|news website|newspaper|online newspaper|television channel|television station,aljazeera.com,Qatar,topic,
UCO4QYN8BZS7K1dYrlSf4hqg,1,Q60748698,mass media|media company|news agency|news media|news website,RTTNews,,topic+title,
UCO5JA54S9TNAZ5yG3pFKCVg,1,Q139986903,mass media|news media|news website|television channel,News TV India,India,topic+title,
UCO9AQtN33IP53uiImJ_59OQ,1,Q4765940,mass media|media company|news agency|news media,Anka News Agency,Turkey,topic+title,
UCO9SfFMUHEeMXt1EKIcN1oA,1,Q970443,magazine|mass media|newspaper,Global Times,People's Republic of China,topic+title,
UCOQmYq0_36XTJZKX1ngTnMw,1,Q22969989,newspaper,CTXT,Spain,topic,
UCOdpeidso85hQh1fvxcVwjw,1,Q63392,mass media|media company|news agency|news media,Syrian Arab News Agency,Syria,topic,
UCOwAf0r6kIOj8783xDye2pQ,1,Q975695,mass media|media company|news agency|news media,BNO News,Netherlands,topic+title,
UCP18O2MlwlEpZ2P8G8c3F1A,1,Q4452449,mass media|news media|news website|newspaper|online newspaper|radio station,Azatlıq radiosı,,topic,
UCP2Klbz_VJwBKQWbmhiMfcw,1,Q107382756,newspaper,Q107382756,,topic,
UCP4-EHo95N1itjsHcm-IR-Q,1,Q85996442,mass media|news media|news website|newspaper|online newspaper,Q85996442,Ukraine,topic,
UCP4BdwPKyYnfRLjSNfGAPRA,1,Q7728625,mass media|news media|news website|newspaper|online newspaper,The Daily Caller,United States,topic+title,
UCP4rilfFKdjXRC1guWNZ85g,1,Q2829240,newspaper,Al-Masry Al-Youm,Egypt,topic,
UCP5BG7Qd0_63hscPY9mXF7g,1,Q28135463,mass media|news media|news website,MediaZona,Russia,topic,
UCPFSLlkwCqpy23jwYDwAPrg,1,Q3070672,newspaper,Manchester Evening News,United Kingdom,topic+title,
UCPMHvh9zY8SMRxPGA4Svrkw,1,Q4165433,newspaper,Al-Dostor,Egypt,topic+title,
UCPNVpg-SWu9GH_8MEEAh3eg,1,Q116880003,mass media|news media|news website|newspaper|online newspaper,Q116880003,Brazil,topic,
UCPQKp70iPlC3ockBdUE7myA,1,Q137381615,newspaper,Telugu Vaadi TV,India,topic+title,UCsph3s-7LZi2ZaaKdecDsaQ
UCPT8yrs6YnIngJ_GrwOc7FQ,1,Q12398101,mass media|news media|news website|newspaper|online newspaper,praza.gal,Spain,topic+title,
UCPWXiRWZ29zrxPFIQT7eHSA,1,Q7739683,newspaper,The Hill,United States,topic+title,
UCPbpOnmqK8O_FC4ejdzDTHQ,1,Q28126618,mass media|news media|news website|newspaper|online newspaper,Bangla Tribune,Bangladesh,topic+title,
UCPczt8v8G_NtXh8vbTUOh6Q,1,Q19739647,newspaper,Dainik Purbokone,Bangladesh,topic+title,
UCPfFXhCgc6cciu3aYm-9AdA,1,Q1051087,newspaper,Il Fatto Quotidiano,Italy,topic+title,
UCPvrM230bjA31uAgQPOHtEQ,1,Q117087647,mass media|news media|news website|newspaper|online newspaper,L'Indipendente,Italy,topic+title,
UCPxHQlsGQgibWqwgz1dkf4g,1,Q116820681,mass media|news media|news website,The 'Gander,,topic+title,
UCQ2BzTiRUbL3z4K22dTB5dg,1,Q20389499,newspaper,The New Arab,United Kingdom,topic,UCtTSYCBRRUStmL2oQLaqbDQ
UCQMG88ek58wknvXKBWxEtvQ,1,Q138042495,public broadcaster,ArkansasTV,United States,topic,
UCQNjg0-yEA8LoyCcWI-j8mA,1,Q269300,mass media|news media|news website|newspaper|online newspaper,Q269300,Switzerland,topic,
UCQiuf1Hi5-Tvpuh2LlhLU7w,1,Q139504989,mass media|news media|news website,Alerta Chiapas,Mexico,topic+title,
UCQmo59tWId4OHTdl4W320DQ,1,Q105967298,mass media|news media|news website|newspaper|online newspaper,Wayka,Peru,topic+title,
UCQoWYx905nWeJ4wegGmsaBg,1,Q104629821,mass media|news media|news website|newspaper|online newspaper,Sahan Journal,United States,topic+title,
UCQpk4isGpLvfE_riTJc9jHA,1,Q124396958,mass media|media company|news media|news website,Inc42,India,topic+title,
UCQtVJ-76KjPds9evTODkq-A,1,Q1955025,newspaper,The New Indian Express,India,topic+title,
UCQtg_BBCxa_iGaddhQ7_jyg,1,Q13028748,mass media|news media|news website|newspaper|online newspaper|radio station,Belarusian section of Radio Free Europe/Radio Liberty,,topic,UC5rVi7GRsGLGNK2T2JzwoFA
UCR1tLg8fy9dklmhZPf0qCWQ,1,Q5825366,mass media|news media,Q5825366,,topic,
UCR3asjvr_WAaxwJYEDV_Bfw,1,Q5324488,mass media|news media|television channel,EBC  News,Taiwan,topic,
UCRKvvzAYcAwaWwT1lUlRpAQ,1,Q117193932,mass media|news media|news website|newspaper|online newspaper,The Thaiger,Thailand,topic+title,
UCRSlle7mqqZdTkWtsJmdegA,1,Q86508828,mass media|public broadcaster|radio station,Xanthi Municipal Radio,Greece,topic,
UCRVbqma6TaIHp9E151nC8sA,1,Q30931474,mass media|media company|news agency|news media,Agência Pública,Brazil,topic+title,
UCReZZDDAkxI6mx_dMTB8UAg,1,Q133502410,mass media|news media|news website|newspaper|online newspaper,BERLIN LIVE,Germany,topic+title,
UCRt2klyaxgx89vPF8cFMfnQ,1,Q118115540,newspaper,Daily Kalbela,,topic+title,
UCRuy5PigeeBuecKnwqhM4yg,1,Q9663951,newspaper,Brasil 247,Brazil,topic+title,
UCRzypVq0B_yBad5eGrwBx0Q,1,Q140519314,mass media|news media|news website|newspaper|online newspaper,Tunisie Numerique,Tunisia,topic+title,
UCS39xgo-p0XUnbtDSZNYFuQ,1,Q12601146,newspaper,The Seoul Economic Daily,South Korea,topic,
UCS3maDoYHOG7WzN_ESSWC-g,1,Q48940439,mass media|news media|news website,The Insider,Russia,topic+title,
UCS8NBLF9OXDJxiswG1faMZA,1,Q4302210,mass media|media company|news agency|news media,Montsame,Mongolia,topic,UCbOHze1HgtkxYeB7NU9wiUg
UCSHyZxDokOBevPI5rXymIaw,1,Q228389,mass media|news media|news website|newspaper|online newspaper|radio station,Voice of America,United States,topic,UCVSNOxehfALut52NbkfRBaA
UCSRRURbKlPf1HwPUhjmufTg,1,Q116769322,mass media|media company|news media|news website|newspaper|online newspaper,The Free Press,United States,topic+title,
UCSUu1lih2RifWkKtDOJdsBA,1,Q6952454,mass media|media company|news agency|news media|news website,NASASpaceflight,,topic+title,
UCSV-9ZLEhEOwgnp--Pu1nVA,1,Q85987519,mass media|news media|news website|newspaper|online newspaper,Ukraїner,,topic+title:alt,UCbNaKxi1j-Q5jWZDpJZp56g
UCSaf-7p3J_N-02p7jHzm5tA,1,Q48734478,mass media|news media|news website|newspaper|online newspaper,The Quint,India,topic+title,
UCSbOqpZWlSqMmuOUbU0CD_g,1,Q108839367,mass media|news media|news website|newspaper|online newspaper,Holod,,topic,
UCSnk3GAeQ5JxJVXeYKT0OOQ,1,Q80701889,newspaper,Nós Diario,,topic+title,
UCSqO8lV-ric7ow5G5q9roWw,1,Q134391702,mass media|news media|news website|television channel,Vot Tak,Poland,topic,
UCSzVwhxdRxRTwjBUfXBZQoQ,1,Q93377876,mass media|news media,Humanistischer Pressedienst,Germany,topic,
UCTDEBaR0vOShVr9JqgcC38Q,1,Q28688567,mass media|news media|news website,Q28688567,Japan,topic,
UCTJ6SPkk45wPvUpa8RK2x9A,1,Q140701184,mass media|news media,Twój Kurier Olsztyński,Poland,topic+title,
UCTJ9Aj8VDD82LFV1Yb0KoZw,1,Q28038513,mass media|media company|news agency|news media,Q28038513,Greece,topic,
UCTOCA6osUag-hNGKKKUZXdw,1,Q135524481,mass media|news media|news website,Endpoints News,United States,topic+title,
UCTP4PtUsPfpQZwiJUNtDbAQ,1,Q138011394,mass media|news media|news website,Q138011394,Canada,topic,
UCTRVokBibHyfBnKLwUr7AJQ,1,Q12231503,newspaper,Veto,Egypt,topic,
UCTXQl9t6iESczzRGNfqXqug,1,Q130702628,mass media|news media|news website,Q130702628,United States,topic,
UCT_fHXxrIlPq6UEz4b64J6g,1,Q16132624,mass media|news media|news website|newspaper|online newspaper,Srugim,Israel,topic,
UCT_weki0minGjriIoQA0lew,1,Q141005278,mass media|news media|news website,CLT Daily,United States,topic+title,
UCTchro8YRF6DZpVDJJu1_uw,1,Q40013900,newspaper,El Salto,Spain,topic+title,
UCThImdAnYJzELSvH0sh3aoA,1,Q108279533,magazine|mass media|news media,FoodService Director,United States,topic,
UCTlSHe68QnKiZfj2kVi4XZA,1,Q110812161,newspaper,Contre Attaque,,topic+title,
UCTs5x4Qdfy_cw5hp9KqBQbw,1,Q18445392,mass media|news media|news website|newspaper|online newspaper,El Marino,,topic+title,
UCTsY9676sB2jJJZP4_Ux1_g,1,Q17521121,mass media|media company|news media|news website|newspaper|online newspaper,Al Bayan,United Arab Emirates,topic,
UCTssH-0WTg5PQ8KLHyqi_fA,1,Q7720427,newspaper,The Brunswick News,,topic+title,
UCTxyBu9VWUq5LXezXwy_SGg,1,Q22774484,mass media|news media|news website|newspaper|online newspaper,HK01,People's Republic of China,topic,
UCU7anxt4mg8i7GVKQMlIpwA,1,Q1371686,newspaper,Sydsvenskan,Sweden,topic+title,
UCUFLZTlEPJNr04bQeCKr0PQ,1,Q2514841,public broadcaster,Evangelische Omroep,Netherlands,topic,
UCUI2i_DrjQJ08dSeF-tL_NA,1,Q85987519,mass media|news media|news website|newspaper|online newspaper,Ukraїner,,topic+title:alt,UCbNaKxi1j-Q5jWZDpJZp56g
UCURqJEezGNkNQISHMy8fwHg,1,Q15059312,newspaper,City & State,,topic+title,
UCUb3Eud50AaOiQgw5vn7Q0w,1,Q141044272,mass media|news media|news website|newspaper|online newspaper,Infoeste,Brazil,topic+title,
UCUuuqZ8I8Vgtj55AWO391Cw,1,Q55666833,newspaper,Derby Informer,United States,topic+title,
UCV4ZdqpfiIBJIx1BBIHi3sw,1,Q7722722,newspaper,The Christian Post,United States,topic+title,
UCV6K03YdIa8g64U2xIbaShw,1,Q12231001,newspaper,Felesteen,Palestine,topic,
UCV7dpSujy4XWzaNHTVVtYOw,1,Q1136866,newspaper,Mainichi Shimbun,Japan,topic,UCI4mta4pWhYhPSLhjmUAfZQ
UCVF3bTd3dxM4IfOMFCbNADA,1,Q29048379,mass media|news media,CrazyNews,Taiwan,topic,
UCVHupqFUgMkbzm9Ama7_8gA,1,Q96306301,magazine|mass media|newspaper,Epoch,Israel,topic,
UCVRxkNrC-PanvRElZgRfbbw,1,Q111823482,mass media|news media|news website,Colorado Newsline,United States,topic+title,
UCVSWLtm3ijS-rTwa__Ww2Rg,1,Q1504424,newspaper,Q1504424,Canada,topic,
UCVSbd6GI-De_XiycLB0BXRA,1,Q3330000,public broadcaster,Castilla-La Mancha Media,Spain,topic+title,
UCVT1tPkR-fUVlO652EcO3ow,1,Q5009252,mass media|news media|news program,CBS News Sunday Morning,,topic+title,
UCVTomc35agH1SM6kCKzwW_g,1,Q3112835,mass media|news media|news website,space.com,United States,topic,
UCVTyTA7-g9nopHeHbeuvpRA,1,Q15274593,mass media|news media|news program,Late Night with Seth Meyers,,topic+title,
UCVbZYhcirOke2vipxs4lT2w,1,Q477436,mass media|media company|news agency|news media,Anadolu Agency,Turkey,topic+title,
UCVgO39Bk5sMo66-6o6Spn6Q,1,Q4650197,mass media|news media|news program,ABC News,Australia,topic+title,
UCW30UMsnqZGIjLyc91DWnSQ,1,Q55421729|Q55665341,newspaper,Democrat Gazette,United States,topic+title,
UCW3UkCfLZBpwaGbp7gTW4XQ,1,Q11504939,newspaper,Nikkan Gendai,,topic,
UCWAIvx2yYLK_xTYD4F2mUNw,1,Q2389338|Q749928,journalist|mass media|news media|news website|radio station,Echo of Moscow,Russia,topic,
UCWJhBqnyVdHAuxexgjghNFw,1,Q21234227,mass media|news media|news website|newspaper|online newspaper,Fanpage.it,,topic+title,
UCWJkfdG6J2HUxOHrORuHZ2g,1,Q61362171,mass media|news media|news website|newspaper|online newspaper,Jago News 24,Bangladesh,topic+title,
UCWUIovDFZ7kc8uEZ4evQQGw,1,Q55668626,newspaper,Berkeley Observer,United States,topic+title,
UCWYLVV7741O3UI2DfoGT3Yw,1,Q125692276,mass media|news media|news website|newspaper|online newspaper,T—J,Russia,topic,
UCWe-jB20mDi09llqDJlfZDg,1,Q12836749,newspaper,"""Azerbaijan muallimi"" newspaper",Azerbaijan,topic,
UCWeXgaH6wwyTRAkA3n6sRxg,1,Q1135120,mass media|news media|news website|newspaper|online newspaper,Terra,Brazil,topic+title,
UCWg3QqUzqxXt6herm5sMjNw,1,Q7766234,magazine|mass media|newspaper,The Stanford Daily,,topic+title,
UCWnltUvG1abWuVaXMfLohGA,1,Q131279666,magazine|mass media|news magazine|news media,Shelterforce,,topic+title,
UCXArTu9W9kIu1Z9IQn_Bz7g,1,Q6464783,newspaper,La Razón,Bolivia,topic+title,
UCXIJgqnII2ZOINSWNOGFThA,1,Q166419|Q186068,mass media|media company|news media|news program|television channel|television station,Fox News,United States,topic+title,
UCXISYK3xagaK5DHnhQ4X0hw,1,Q719880,newspaper,As,Spain,topic+title,
UCXLPiwE0SMfB4owoNf544bA,1,Q16486302,mass media|news media|news website|newspaper|online newspaper,Mada Masr,Egypt,topic+title,
UCXQR-5Obb1uAQthcWP3ejFA,1,Q117813990,newspaper,Outras Palavras,Brazil,topic+title,
UCXlX_HprYVigxWvfARhAu-g,1,Q2538121,mass media|public broadcaster|radio station,WYPR,United States,topic+title,
UCXoAjrdHFa2hEL3Ug8REC1w,1,Q153770,mass media|public broadcaster|television station,Deutsche Welle,Germany,topic,
UCXwGkt5192M1nWPaag0QDUw,1,Q512724,newspaper,Egemen Qazaqstan,,topic+title,
UCY5z1dsuIdsMH3xbWtxhruA,1,Q1197261,newspaper,Sankei Shimbun,Japan,topic,UC1zYGo1jIIjMVDTLL3dydow
UCY8i60Jd_DPyqOB_AJut2vw,1,Q16170841,mass media|news media,Mediawatch,South Korea,topic,
UCYNmQ9W-0CYoW8a4thzxB0g,1,Q1632726,newspaper,Israel Hayom,Israel,topic+title,
UCYOYoDmGQBDu7lPe2Qbh6pw,1,Q1972759,newspaper,Zerkalo Nedeli,Ukraine,topic,
UCYPvAwZP8pZhSMW8qs7cVCw,1,Q5689808,mass media|news media|television channel,India Today,India,topic+title,
UCYRpTuLTvC7S6zfATKNfDXw,1,Q112037516,mass media|news media|news website|newspaper|online newspaper,The Witness,,topic+title,
UCYV-6puOGpOOLJuOHFQE_kA,1,Q12050678,mass media|media company|news agency|news media,Q12050678,Italy,topic,
UCYY7NKoqXuAVrVIZUH7fj3A,1,Q13028748,mass media|news media|news website|newspaper|online newspaper|radio station,Belarusian section of Radio Free Europe/Radio Liberty,,topic:alt,UC5rVi7GRsGLGNK2T2JzwoFA
UCYYSLCzDmmED5hnYcFmKimA,1,Q3357762,newspaper,Ottawa Citizen,Canada,topic+title,
UCYZixCNzcgknXLPdHUXQPXw,1,Q55671042,newspaper,Johnson City Press,United States,topic+title,
UCY_q9S5SOsIRZNUVrmHB1JQ,1,Q98148856,mass media|news media|news website|newspaper|online newspaper,Nexta,Belarus,topic+title,UCrp2It0yWUC7XcrWyBIQeKw
UCYaSzJ77u2ikHj33rXJJMVw,1,Q138667113,mass media|news media|news website,Paraluman News,Philippines,topic+title,
UCYuhv8McIA_0znEhEkaCn8Q,1,Q5472413,newspaper,Fort Worth Weekly,United States,topic+title,
UCYvCdX-RomwcpzCsb8hpiFA,1,Q2915969,mass media|media company|news agency|news media,WAFA,Palestine,topic+title,
UCYyIQ2p2ZK3BHu5WlOUc1kA,1,Q141425751,mass media|news media|news website,stephanelarue.com,,topic,
UCZ0y-ZD_Ur88Kb8E9sRtlww,1,Q140545233,mass media|news media|news website|newspaper|online newspaper,Fount Media,Taiwan,topic+title,
UCZ5m5Pu2ysbLgWosT14eaVA,1,Q141055419,mass media|news media|news website|newspaper|online newspaper,El Tucumano,Argentina,topic+title,
UCZFMm1mMw0F81Z37aaEzTUA,1,Q2985356,mass media|news media|television station,NDTV,India,topic+title,
UCZKxGVln-vFSOZgvopOnnQQ,1,Q140868292,newspaper,Xpert Times,India,topic+title,
UCZZqKhSQeS2UXos1oXvlCXA,1,Q55666454,newspaper,Dziennik Zwiazkowy,United States,topic+title,
UCZfsrIV68Oegr5bJgAMLBDA,1,Q18049522,mass media|news media|news website|newspaper|online newspaper,HuffPost,United States,topic+title,
UCZg2zJwbGNA6n0bQogA4GXw,1,Q136341628,newspaper,S'Indipendente,,topic+title,
UCZijOJ1m75sq8Z28HDioEuQ,1,Q58979980,mass media|news media|news website|newspaper,Novedades Quintana Roo,Mexico,topic+title,
UCZpf3t79EhVe83Z76FZipCw,1,Q13164959,mass media|news media|news website,Inmedia,People's Republic of China,topic,
UCZvFwA9WEsYgFEXbmlGQohA,1,Q105322853,mass media|news media|news website,iStories,Russia,topic,
UC_0-CVRy3rbgAMyEBxXMAcw,1,Q1559719,newspaper,Göteborgs-Posten,Sweden,topic+title,
UC_2_s22mExX4rh90vlRrqLg,1,Q108884378,magazine|mass media|newspaper,Franc-Tireur,,topic+title,
UC_8Z1ZbhSCEMKXWVKzQ88MA,1,Q24633343,mass media|news media|news website|newspaper|online newspaper,Zetland,Denmark,topic+title,
UC_AFL88oKJgUJb0jK_LiOrQ,1,Q19716893,mass media|media company|news agency|news media,Storyful,Ireland,topic+title,
UC_ECQ7g8SDINbJDXg72HaGw,1,Q124081064,newspaper,Il T Quotidiano,,topic+title,
UC_HwfTAcjBESKZRJq6BTCpg,1,Q55649865,mass media|news media,KAN 11 news,Israel,topic,
UC_NHP59LMl5GNSUgZWBNWQQ,1,Q109365595,mass media|news media,Tokyo Investigative Newsroom Tansa,Japan,topic+title,
UC_OQDYeix4XTxhLbppEMSzA,1,Q108279742,magazine|mass media|news media,Supermarket News,United States,topic+title,
UC_PzHuZxnyVh4jRQjpfbXUg,1,Q7185413,mass media|media company|news agency|news media,Philippine News Agency,Philippines,topic+title,
UC_QKonrSANHUcQz__ykt0MA,1,Q123505580,mass media|news media|news website|newspaper|online newspaper,Maddyness UK,France,topic+title,
UC_SnyxINMcXSAwi7H1-v0xQ,1,Q7757856,magazine|mass media|newspaper,The Post,United States,topic,
UC_WgSFSkn7112rmJQcHSUIQ,1,Q12683855,newspaper,Berita Harian,Singapore,topic+title,
UC_chM6y3JSNPK2eRLDUEBBw,1,Q734293,newspaper,Dagens Industri,,topic+title,
UC_ckWIqMFLcqqRysFdGrUKQ,1,Q55665490,newspaper,Claremont Courier,United States,topic+title,
UC_gUM8rL-Lrg6O3adPW9K1g,1,Q23058781,mass media|news media|television station,WION,India,topic+title,
UC_lH9Fu7wo3u-sYblbTe0RA,1,Q4491769,mass media|news media|news website|newspaper|online newspaper,fontanka.ru,Russia,topic+title,
UC_loa7dpMUw8tlwsqcRyNAg,1,Q138637290|Q138637938,mass media|news media|news website,Q138637290,,topic,
UC_wMhlGmskE2Ue-400XjofQ,1,Q4256874,mass media|news media|news website|newspaper|online newspaper,LB.ua,,topic+title,
UC_y3NcZb_eSqVuRlrVeIgAA,1,Q10384603,newspaper,Tribuna do Norte,Brazil,topic,
UC_yYvYD0V7C2Q1ciAmRvs5Q,1,Q59799143,mass media|news media|news website|newspaper|online newspaper,Follow The Money,Netherlands,topic+title,
UCa2gbBXGeGh-Pdtugdg_qcQ,1,Q29096488,mass media|news media|news website|newspaper|online newspaper,The Western Journal,United States,topic+title,
UCa5RL3gGjVKAiMvPdQVsdYQ,1,Q20107836,mass media|news media|news website|newspaper|online newspaper,Catalunya Religió,Spain,topic+title,
UCaDkCK6iFHPE0lmpaYL-WxQ,1,Q987030,mass media|media company|news agency|news media|news website|newspaper|online newspaper,Ukrinform,Ukraine,topic+title,
UCaGmdJSSiR7fkh2A-c6emsA,1,Q5512664,mass media|news media|news website|newspaper|online newspaper,G1,Brazil,topic+title,
UCaK1wF6B3xDCQT0_yyeP9yQ,1,Q132777845,mass media|news media|news website|newspaper|online newspaper,Finance.ua,Ukraine,topic+title,
UCaK2iEBGIbmpMKbw2Op63hw,1,Q141112448,mass media|news media|news website|newspaper|online newspaper,Financiarul.ro,Romania,topic+title,
UCaRTo-H6Q9QZVKu9tDi-0WQ,1,Q278311,newspaper,Dnevni avaz,Bosnia and Herzegovina,topic+title,
UCaVv796NV1nixzxu_nXB5vw,1,Q109286067,mass media|news media|news website|newspaper|online newspaper,The Independent Barents Observer,Norway,topic+title,
UCaYXWVFYirJdDmprjozHdmA,1,Q3312518,mass media|news media|news website|newspaper|online newspaper,Vilaweb,Spain,topic+title,
UCaceSjcJy048RDVV8374y4g,1,Q98965362,mass media|news media|news website|newspaper|online newspaper,VietnamPlus,Vietnam,topic+title,
UCaeG9NIqdx-xcZGt7ETfkpA,1,Q1579995,newspaper,Khaleej Times,United Arab Emirates,topic+title,
UCajVjEHDoVn_AHsunUZz_EQ,1,Q105740328,mass media|news media|television channel,Republic Bangla,India,topic+title,
UCakO72p30MX6ZovWn6Zy63Q,1,Q59577526,mass media|media company|news agency|news media,Federal News Agency,Bosnia and Herzegovina,topic,
UCanOTowtdVwkxsF0v-kxITw,1,Q55668297,newspaper,Livingston County News,United States,topic,
UCang68EpdbEOJn5njA8nb5A,1,Q117824809,magazine|mass media|media company|news agency|news media,Q117824809,,topic,
UCaqFv9hD-XJmPMzC5Yvtneg,1,Q85806967,mass media|news media|news website|newspaper|online newspaper,The Dispatch,,topic+title,
UCasoYl00U85F9QW4j5xgMNQ,1,Q20105526,mass media|news media|news website|newspaper|online newspaper,Crónica Global,Spain,topic+title,
UCaucp1I-auhNKQOVWdYOCqg,1,Q139901419,mass media|news media|news website|newspaper,ToManifesto.gr,Greece,topic,
UCb0QdT_0kRbllttDQ8-De5Q,1,Q55665990,newspaper,Osprey Observer,United States,topic+title,
UCb0SCTuWPy0Lgr4NBYWzuGQ,1,Q2466270,newspaper,Ethnos,,topic,
UCb6dZ1zNAjYMSMwVpd2bFLQ,1,Q114891288,mass media|news media|news website|newspaper|online newspaper,Erem Business,United Arab Emirates,topic+title,
UCbBm6SZ235HFxwVKC7Po5IA,1,Q108275936,mass media|media company|news media|news website,News2Share,United States,topic+title,
UCbGm4DXzUniUlgUb5d810ww,1,Q65161582,newspaper,Voz das Comunidades,Brazil,topic+title,
UCbNaKxi1j-Q5jWZDpJZp56g,1,Q85987519,mass media|news media|news website|newspaper|online newspaper,Ukraїner,,topic+title,
UCbOHze1HgtkxYeB7NU9wiUg,1,Q4302210,mass media|media company|news agency|news media,Montsame,Mongolia,topic+title,
UCbOWn2npmKyqY_QX_MMZJ0Q,1,Q7756544,newspaper,The Peninsula,,topic+title,
UCbXd9Cq1lHLZMVoHakv1GCg,1,Q59186556,mass media|media company|news agency|news media,PR TIMES,Japan,topic+title,
UCbnJMCY2WSvvGdqWrOjo8oQ,1,Q4119059,newspaper,Youm7,Egypt,topic,
UCbtlA3A-Ka5Ip5vo6NJ0RKA,1,Q5748001,newspaper,Hetq Online,Armenia,topic,
UCbx4twDD-hVLdXFSqWiRUng,1,Q1282036,public broadcaster,VPRO,Netherlands,topic+title,
UCc3cBMPnUvyP4-pz_nYuXGg,1,Q3211909,mass media|news media|news website|newspaper|online newspaper,La Prensa,Nicaragua,topic+title,
UCcAEC9coM_6RmX0NHOfAbyQ,1,Q55665687,newspaper,El Latino San Diego,United States,topic+title,
UCcETUZIsyfh3Lp2EP5EVbQw,1,Q130475822,mass media|news media|news website|newspaper|online newspaper,Medemblik Praat,Netherlands,topic+title,
UCcLjimhzpEZCMeL2ItGpLAg,1,Q55665894,newspaper,Fairfield County Business Journal,United States,topic+title,
UCcN4ENZcg3rB2iBexNRuz2A,1,Q2479307,mass media|news media|news website,Omroep Zeeland,Netherlands,topic+title,
UCcP_lo1gEmnVAWe2WjRSvCg,1,Q105269594,mass media|news media|news website|newspaper|online newspaper,Pulse Senegal,Senegal,topic+title,
UCcVAtohocjE7tkPmfK4Wlxw,1,Q6398758,mass media|media company|news agency|news media|news website|newspaper|online newspaper,Khaama Press,Afghanistan,topic+title,
UCcXngksKUkE4sLl5Jgg9w5w,1,Q16764706,newspaper,New Age,Bangladesh,topic+title,
UCcgI4-HdktIoAaRLOPgY9qQ,1,Q12251183,mass media|media company|news agency|news media,Trend News Agency,Azerbaijan,topic+title,
UCckz6n8QccTd6K_xdwKqa0A,1,Q40464,mass media|media company|news agency|news media,Agence France-Presse,France,topic,
UCclIlP3EtlxWLM4TFKAA7Wg,1,Q1162323,mass media|media company|news agency|news media,Algeria Press Service,Algeria,topic+title,
UCcnbklgNqpqyYNyI66UnN4A,1,Q85786163,mass media|news media|news website,Montana Free Press,United States,topic+title,
UCd4prmyHlH43z8Tpk_DlnHA,1,Q20591695,mass media|media company|news agency|news media,Tatar-inform,Russia,topic,
UCdPB7J77CNSNWC6Qh3Ys1fg,1,Q4454786,magazine|mass media|news media|news website|newspaper|online newspaper,+972 Magazine,Israel,topic+title,
UCdS4i7wSZucYoSx_o7IptDQ,1,Q47080752,mass media|news media|news website|newspaper|online newspaper,gazeta.ua,Ukraine,topic+title,
UCdb_grOKaSOfg7n6x5BUo1A,1,Q121831758,mass media|news media,Electronic organization for humanitarian media,Yemen,topic,
UCdgTEm2PUItEF5NTyOrCLIA,1,Q110598051,mass media|news media|news website|newspaper|online newspaper,UAportal,Ukraine,topic+title,
UCdp4_yTBhQmB8E339Lafzow,1,Q483924,newspaper,The Chosun Ilbo,South Korea,topic,
UCdvuuMVutDaWMvGW3ZWv7bg,1,Q112168954,mass media|news media|newspaper,The Chenab Times,,topic+title,
UCe-O-tGgzpiFpOqgwh-WmOA,1,Q133801296,mass media|news media|news website,Q133801296,,topic,
UCe4z-Xsj83_9MfrYgOg4hKg,1,Q7265281,newspaper,Q-Notes,,topic,
UCeF6zU4ao8B0HSkHe-ceA3w,1,Q601702,newspaper,Makor Rishon,Israel,topic,
UCeG7m5-AJ4I0H4EIleIty4Q,1,Q2156338,newspaper,The Daily Prothom Alo,Bangladesh,topic+title,
UCeHbMlHDec5NmJfiQXMYGXQ,1,Q28136472,mass media|media company|news agency|news media,Unicorn Riot,United States,topic+title,
UCeLc4heXqG9dtL7jiPHMBfQ,1,Q584472,newspaper,The Epoch Times,United States,topic+title,
UCeLhDmZkX4vObMSOpewXJBA,1,Q1272304,magazine|mass media|news media|news website|newspaper|online newspaper,Nasha Niva,Belarus,topic,
UCeRgg1LlhMyGRFwaniNyDeA,1,Q114398988,mass media|news media|news website,Echo,Germany,topic,UCrwL1riPULt1IclIcmOSdiA
UCeY0bbntWzzVIaj2z3QigXg,1,Q2877626,mass media|media company|news media|news website|newspaper|online newspaper|television channel|television station,NBC News,United States,topic+title,
UCe_VgLz1y99hUF1q5ppQesA,1,Q20051147,newspaper,Denník N,Slovakia,topic+title,
UCe_fJ4zOGgPhswJkSRUGxUA,1,Q138610686,mass media|news media|news website|newspaper|online newspaper,Cagdas Kocaeli,Turkey,topic+title,
UCeeIVm3bKqeidZBKMUoTdBA,1,Q134363319,mass media|media company|news agency|news media,Q134363319,Greece,topic,
UCef1-8eOpJgud7szVPlZQAQ,1,Q1023924,mass media|news media|news website|television channel|television station,CNN-News18,United States,topic+title,
UCelevrrg2g7NdlrJMPrunhw,1,Q100243255,mass media|news media|news website,Bahia Notícias,Brazil,topic+title,
UCepda0DttkF-Pk7dYnKs7Xw,1,Q125824137,mass media|news media|news website|newspaper|online newspaper,OberpfalzECHO,Germany,topic+title,
UCevYVGcxaEnt6bss0l57gXQ,1,Q125699445,mass media|media company|newspaper|radio station|television station,Quê Hương Media,United States,topic+title,
UCew8bLiDgkU7_Cci-YP8iGA,1,Q77071263,newspaper,Documento,,topic+title,
UCewCc-SFaYvMX__bRx9Y6aw,1,Q12150328,mass media|news media|news website|newspaper|online newspaper,Salidarnast (newspaper),Belarus,topic,
UCfC_tMmlR4FPRmnBmOqxv6w,1,Q131404410,magazine|mass media|news media|news website,Deebs Magazine,Angola,topic+title,
UCfCk_ylzLy6nz2NpW25DY5w,1,Q971383,newspaper,Expressen,Sweden,topic+title,
UCfiwzLy-8yKzIbsmZTzxDgw,1,Q13477,mass media|news media|news website|television station,Al Jazeera,Qatar,topic,
UCfqSMELWF9cQPbiB74gYuWA,1,Q22080795,mass media|news media|news website|newspaper|online newspaper,Enab Baladi,Syria,topic+title,
UCfrlkifp1NKxUnONQi4IFqA,1,Q55671340,newspaper,Rappahannock News,United States,topic+title,
UCg-Ba0Ib9k_Nae4ciNYa5jw,1,Q1504847,newspaper,Svenska Dagbladet,Sweden,topic+title,
UCg4eb1u9lp8caKH5tlabiJg,1,Q48954641,mass media|news media|news website|newspaper|online newspaper,Mash,Russia,topic+title:alt,UC2tU3x2rm9ppdaGWiLYxIDA
UCg8EwsqYmiw7G267xxPyXsg,1,Q10883984,mass media|news media|news website,NOWnews,Taiwan,topic+title,
UCgDEOg6uiTmYweYkGQaJZYQ,1,Q132038572,mass media|news media|news website|newspaper|online newspaper,Q132038572,Belarus,topic,
UCgFP46yVT-GG4o1TgXn-04Q,1,Q53330288,mass media|news media|news program,China Uncensored,,topic+title,
UCgK8xt3OJKTWbPYL9YnYYnw,1,Q7113031,mass media|news media|news website,Outsports,United States,topic+title,
UCghYkAMuDrjjHX3Fd5zwXEg,1,Q85987519,mass media|news media|news website|newspaper|online newspaper,Ukraїner,,topic,UCbNaKxi1j-Q5jWZDpJZp56g
UCgp4A6I8LCWrhUzn-5SbKvA,1,Q28401298,mass media|news media|television station,TVC News,Nigeria,topic+title,
UCgv0NMB-tp7Y0oMZ-cski8w,1,Q140307968,mass media|news media|news website,D-Cuba,,topic+title,
UCgxXuXHJ4VwovSTvDiWlzZQ,1,Q11092221,mass media|news media|news program,PTS Talks,,topic,
UCh3MNRzicd8Yb_EX3Ml2JNA,1,Q1751317,newspaper,Luxemburger Wort,Luxembourg,topic+title,
UChDQ6nYN6XyRU-8IEgbym1g,1,Q131405470,mass media|media company|news media|news website|newspaper|online newspaper|television channel,Recorder,Romania,topic+title,
UChdzltlbgLBpV3KbvzX89Qw,1,Q62009565,mass media|news media|news website|newspaper|online newspaper,El MIRA,Spain,topic+title,
UChnN1D-OCyACuu1KDscKlwA,1,Q119361981,mass media|news media|news website|newspaper|online newspaper,Village Ukraine,Ukraine,topic+title,
UChparf_xrUZ_CJGQY5g4aEg,1,Q904463,mass media|news media|news website|newspaper|online newspaper,Ukrainska Pravda,Ukraine,topic,
UChqUTb7kYRX8-EiaN3XFrSQ,1,Q130879,mass media|media company|news agency|news media,Reuters,United Kingdom,topic+title,
UCi-edpUjtqD7YzmukwxG72Q,1,Q6541479,newspaper,Libertatea,Romania,topic+title,
UCi1DyiNlqBF6myQeFujJeww,1,Q116775079,mass media|news media|news website,Jewish Insider,,topic+title,
UCi7Zk9baY1tvdlgxIML8MXg,1,Q5014635,mass media|media company|news agency|news media,CTV News,Canada,topic+title,
UCi7oQBZ4Amu_xPxc78F970A,1,Q133252363,newspaper,Snoop.ro,Romania,topic+title,
UCiJ6RBthQvEPI4UsSNtM8jw,1,Q120483504,mass media|news media|news website|newspaper|online newspaper|radio station,Radio Azattyq,Kazakhstan,topic+title,
UCiOrOk3NQGW2GafvjLJknMA,1,Q486950,newspaper,The Korea Times,South Korea,topic+title,
UCiV4foEjB0C37HU5ZXIKv3A,1,Q140398679,mass media|news media|news website|newspaper|online newspaper,Q140398679,Colombia,topic,
UCiWMFQCGvwGSc8QWHOqcQhw,1,Q120484020,mass media|news media|news website|newspaper|online newspaper|radio station,RFE/RL's Russian Service,,topic,
UCicmqOz0mgEUY_NqgEbWy1A,1,Q136658631,mass media|news media|news website|newspaper|online newspaper,La Derecha Diario,Argentina,topic+title,
UCidVj2yCg1jQrvXsfA01eWQ,1,Q908244,newspaper,The Standard,,topic+title,
UCip8ve30-AoX2y2OtAAmqFA,1,Q212128,mass media|public broadcaster|radio station|television station,NHK,Japan,topic+title,
UCisowXt5wZkp2sR3rFh9lnQ,1,Q136932915,mass media|news media|television channel|television station,Q136932915,Israel,topic,
UCiyr8eopCxMT5YBZlK7-v3A,1,Q109731240,mass media|news media|news website|newspaper|online newspaper,Idel.Realities,Russia,topic+title,
UCj3HQ6UFUegmIvSH4NBGfxQ,1,Q896716,newspaper,Q896716,,topic,
UCj3_t5p4L4aFsvdW3uHjnnw,1,Q333206,mass media|media company|news agency|news media,Yonhap News Agency,South Korea,topic,
UCj41LMgg5G085QyTsSgy1TQ,1,Q4167245,mass media|news media|news website,Accuracy in Media,United States,topic+title,
UCjC_j2F4ftvkaN3oXGcXzTA,1,Q118213518,mass media|news media|news website,PRESIDENT Online,,topic,UCk57CNPiYHAK9XdMc1fq7uQ
UCjENGnZvswkYwNiNMfDoIeg,1,Q4819149,newspaper,Shargh,,topic,
UCjV6LnXFtXzWoYxnq-zIvXw,1,Q7738431,newspaper,The Guardian,Nigeria,topic,
UCjXAR6zEMWNgRqEjP9gt1TA,1,Q3487776,newspaper,Delo,Slovenia,topic+title,
UCjbOovvSuIPvuu1yzkQXubg,1,Q114797630,mass media|news media|news website|newspaper|online newspaper,News.mn,Mongolia,topic,
UCjdTlmtMC1H6i4wQ2FTfYKA,1,Q130757719,mass media|news media|news website,The Cambodia China Times,Cambodia,topic,
UCk-KRpkMl4JRE97-gaDusQA,1,Q48913702,mass media|news media|news website,Yicai Global,,topic+title,
UCk-rlf99uFhzNSu5VrhNsmA,1,Q16178885,newspaper,Yeongnam Ilbo,South Korea,topic,
UCk34DAiWZ1hTX9uOKnHgyow,1,Q1824397,newspaper,Lietuvos rytas,Lithuania,topic,
UCk57CNPiYHAK9XdMc1fq7uQ,1,Q118213518,mass media|news media|news website,PRESIDENT Online,,topic+title,
UCk6JMYUcGDarZYNb-mPPLPA,1,Q118524810,newspaper,L'Alternative,Togo,topic+title,
UCk77z4G2lg2_wFoFRz6XZSg,1,Q15658392,newspaper,Prabhasakshi,India,topic+title,
UCk8a6ogkkg1EcVysur1Wb9A,1,Q1674139,newspaper,Ming Pao,People's Republic of China,topic,
UCkC8OTZmPhHVk_p5PDxfBUQ,1,Q131703147,mass media|news media|news website|newspaper|online newspaper,Unseen Japan,Japan,topic+title,
UCkCYv06O4w0GOfdW2Ey8jvg,1,Q30034736,magazine|mass media|news media|news website|newspaper|online newspaper,The Objective,Spain,topic+title,
UCkCsCF9VgO-yXDc4rvRDydA,1,Q8071383,mass media|news media|news website|newspaper|online newspaper,Ziarul de Gardă,Moldova,topic+title,
UCkPGvIEUEmSXxLkOHWSL54w,1,Q5141538,newspaper,Coin World,,topic+title,
UCkZ8KLm2sYMGyFcwNnNHkBg,1,Q106807396,newspaper,Q106807396,,topic,
UCkfQzn6AmOxzO9Kzrlj6FSQ,1,Q114688229,mass media|news media|news website,newsbeast,Greece,topic+title,
UCkjItKWXaynj7EPfQ-harrQ,1,Q5178516,mass media|media company|news agency|news media,Courthouse News Service,United States,topic+title,
UCkmJ-kO_vjVa78kKvirsysQ,1,Q118512270,mass media|news media|news website,Business Insider Japan,,topic,UClwRo2CNeLwfyzR3L9ltDJw
UCknIh8AmcLJAhfDycFyddHg,1,Q18343421,mass media|news media|news website|newspaper|online newspaper,14ymedio,Cuba,topic+title,
UCknKEREcKsqhB9DFvT61LZQ,1,Q7670977,mass media|news media|news website|newspaper|online newspaper|television station,TOLOnews,Afghanistan,topic+title,
UCkohPTwjkan3z7_cPylpTKg,1,Q8035879,newspaper,World Journal,United States,topic+title,
UCkvm5aDEB3eVufw9Qnk6qow,1,Q1072242,public broadcaster,Cyprus Broadcasting Corporation,Cyprus,topic,
UCkxZ5yUZFf1Vogm-scZM51A,1,Q20886000,newspaper,Kontra News,,topic+title,
UClK6gVLWoRPRWBBeIJrCmRA,1,Q3040168,mass media|media company|news agency|news media,Croatian News Agency,Croatia,topic,
UClQX249svALik-k4fiWoJgQ,1,Q204839,mass media|media company|news agency|news media,Xinhua News Agency,People's Republic of China,topic:alt,UCHBDXQDmqnaqIEPdEapEFVQ
UClUnvhmDlINtNHs9bHoaU0A,1,Q107286947,newspaper,Q107286947,Belarus,topic,
UClXSeR8UCA7c_Ys6lFqxX7Q,1,Q12251169,mass media|media company|news agency|news media,Saudi Press Agency,Saudi Arabia,topic,
UClYCOHIp9ocjKOhkj4-TMyw,1,Q7738681,newspaper,The Hamilton Spectator,Canada,topic,
UCleQuH6mATntlGW248C-6eQ,1,Q6863597,newspaper,MindaNews,Philippines,topic+title,
UCliLFbDUdp5P1RQzyHYgtFQ,1,Q482744,newspaper,Seoul Shinmun,South Korea,topic,
UClmFQfVyDvdtCralM-Oo_mw,1,Q107416099,mass media|news media|news website,MLive.com,United States,topic+title,
UClnMSAg4RVYdSLx6098RI-Q,1,Q1484980,mass media|media company|news agency|news media,Polish Press Agency,Poland,topic+title,
UClp20VPdEJWFrNJAXdpMV7A,1,Q55665715,newspaper,Pacific Coast Business Times,United States,topic+title,
UClr942ySnwyl02ngavqNdrw,1,Q7773641,newspaper,The Washington Informer,United States,topic+title,
UClwRo2CNeLwfyzR3L9ltDJw,1,Q118512270,mass media|news media|news website,Business Insider Japan,,topic+title,
UCm1iosBCZD1E-3rCOZVgvDg,1,Q1324287,newspaper,El Khabar,Algeria,topic+title,
UCm5glKgewJHdzk77qhpXNMw,1,Q153770,mass media|public broadcaster|television station,Deutsche Welle,Germany,topic,UCXoAjrdHFa2hEL3Ug8REC1w
UCm7lHFkt2yB_WzL67aruVBQ,1,Q41595,newspaper,Hindustan Times,India,topic+title,
UCmARaX5QAWCzvfQe3jJ7Kxg,1,Q2819340,mass media|news media|news program,APTN National News,Canada,topic+title,UCA-IcIBtmwCirNr1f-n_SRA
UCmBT5CqUxf3-K5_IU9tVtBg,1,Q10825953,mass media|media company|news agency|news media,Vietnam News Agency,Vietnam,topic,
UCmG-Pfys3eBm5yKVaYWieOg,1,Q55668435,newspaper,Cincinnati Business Courier,United States,topic+title,
UCmHebs0AvwhaTJoWXxkOPLQ,1,Q16947993,newspaper,The Phuket News,Thailand,topic+title,
UCmI6Qe9EiMTyJeFdmf2sgvA,1,Q124335263,newspaper,Roya News,Jordan,topic+title,
UCmYuiV9wAR3i8p19Ygc7izg,1,Q1435379,mass media|news media|news website|newspaper|online newspaper,Folha de S. Paulo,Brazil,topic+title,
UCmbhrKMU_X7Gi47bZEEajEQ,1,Q3500224,mass media|news media|news website|newspaper|online newspaper,StreetPress,France,topic+title,
UCmdVfsLHu18lCkKYXSOGUxg,1,Q697429|Q9384489,mass media|news media|news website|newspaper|online newspaper,CTnews,Taiwan,topic,
UCmgaN2URHsVO5bDzdXVTZRQ,1,Q55665370,newspaper,Stone County Leader,United States,topic+title,
UCmgnsaQIK1IR808Ebde-ssA,1,Q4960434,mass media|news media|news website,Breitbart News,United States,topic+title,
UCmh7afBz-uWwOSSNTqUBAhg,1,Q25161472,magazine|mass media|news media|news website,Forbes,United States,topic+title,
UCmkgkpuRbUGzwLSpnV2nevQ,1,Q131721910,public broadcaster|television station,Rio TV Câmara,Brazil,topic+title,
UCmsrXvrQ1S_61vVO-fNL-Mg,1,Q112633020,mass media|news media|news website|newspaper|online newspaper,The Recount,United States,topic+title,
UCmthGGDfluhLV2Zt6MPWBeA,1,Q55594121,newspaper,Daily News,United States,topic,
UCmv5DbNpxH8X2eQxJBqEjKQ,1,Q39048616,mass media|media company|news agency|news media,CCTV+,People's Republic of China,topic+title,
UCn-f5Ob36KeOr-zCWdE0HTQ,1,Q107643322,mass media|news media|news website,The Texan,United States,topic+title,
UCn4sPeUomNGIr26bElVdDYg,1,Q16927746,mass media|news media|news website,NowThis News,United States,topic+title,
UCn6dNfiRE_Xunu7iMyvD7AA,1,Q5636741|Q6092925,newspaper|television station,Habertürk,Turkey,topic+title,
UCn7wWR5KnpX_N6ZaBNuyVYw,1,Q203453,media company|public broadcaster,Westdeutscher Rundfunk,Germany,topic,
UCnBAhMdvPxMqDKL-mCeENHQ,1,Q431150,mass media|media company|news agency|news media,Khaosan Pathet Lao,Laos,topic+title,
UCnD_UXQp6GHIHzQ-ZNbom3g,1,Q30888680,mass media|news media|news website|newspaper|online newspaper,Business Online,Russia,topic,
UCnetEdV8EwzGn36f3pq50ZA,1,Q7408501,newspaper,The Daily Samakal,,topic+title,
UCoNYj9OFHZn3ACmmeRCPwbA,1,Q10866562,mass media|news media|television channel,SET iNEWS Channel,Taiwan,topic+title,
UCoQBJMzcwmXrRSHBFAlTsIw,1,Q124919956,mass media|news media|news website,FNN PRIME online,,topic+title,
UCoecqVX0a4Ut6KZqmoLJbKQ,1,Q113613271,newspaper,Sanjhi Khabar,India,topic+title,
UCoiydSu2BG9axZmoY8zpQrg,1,Q12595017,media company|newspaper,Money Today,South Korea,topic,
UCojJNXcer3yKj9Q-RWOFZuw,1,Q12858,public broadcaster,Flemish Radio and Television Broadcasting Organization,Belgium,topic,
UConF7EQiw1TV-_9nMYy8lgw,1,Q25489015,mass media|news media|news website|newspaper|online newspaper,Walla!,Israel,topic,
UCovFGCl1Ff26xqtua8mnL5A,1,Q111747619,newspaper,i-bejar,Spain,topic+title,
UCp-nh5Fe_YD4baFpypQApyA,1,Q16829008,mass media|news media|news website|newspaper|online newspaper,Caucasian Knot,Russia,topic,
UCp2f7tGJGN6R9Muxipem8Nw,1,Q60995810,mass media|news media|television channel,Globle News Channel,Taiwan,topic,
UCp8yzaytY4QH3mWMlMUKp8Q,1,Q12634315,mass media|media company|news agency|news media,Catholic Press Agency of the Bishops' Conference of Bosnia and Herzegovina,Bosnia and Herzegovina,topic,
UCpJNsBEupVtlLlVIYw-kFpg,1,Q217315,newspaper,24sata,,topic+title,
UCpJnFmqACjwpjZg_LUHq5-w,1,Q7419804,newspaper,Santa Monica Observer,United States,topic+title,
UCpWvshQVx1d7BqCsPnVuNIw,1,Q3522843,mass media|news media|news website|newspaper|online newspaper,The Star,Malaysia,topic+title,
UCpZ2bcT9tbTCEb7ouhpXAtg,1,Q140420005,mass media|news media|news website|newspaper|online newspaper,SpazioCrypto,Italy,topic+title:alt,UC2ce7ocIIs9NstcRt4Jolhg
UCp_nW0vhOcxb-i8Yxmq4lOA,1,Q4946070,newspaper,Borneo Bulletin,Brunei,topic+title,
UCpbfXQsYBJTwq5lCkwGIeuQ,1,Q969272,mass media|media company|news agency|news media,China News Service,People's Republic of China,topic,
UCpckFMXHK50jljq73fNXNVw,1,Q139763398,mass media|news media|news website,thinQ360,India,topic+title,
UCpfZqY4SGVhHxF8x4XMWNew,1,Q6783942,mass media|news media|news website|newspaper|online newspaper,Masrawy,,topic+title,
UCpilKNqQxRBj6dwZKK44xHw,1,Q12340941,mass media|news media|news website|newspaper|online newspaper,Videnskab.dk,,topic+title,
UCpu3bemTQwAU8PqM4kJdoEQ,1,Q5014664,mass media|news media|television channel|television station,CTi News,Taiwan,topic,
UCpvT09HPVoyBd4i1rHU2tVg,1,Q108857582,mass media|news media|news website|newspaper|online newspaper,Erem News,United Arab Emirates,topic+title,
UCqC6aKlxw26pDitXHL7OjqQ,1,Q106472939,mass media|news media|news website|newspaper|online newspaper,Takie dela,Russia,topic,
UCqOtbLqQ0diBGz6hGHXS6gg,1,Q55666012,newspaper,Citrus County Chronicle,United States,topic,
UCqQHuAPCGwf5rD1pMKqXPYA,1,Q31077297,mass media|news media|news website|newspaper|online newspaper,Zaman al Wsl,Syria,topic+title,
UCqTa3sNT6SfiQ2DQK_kuWlA,1,Q7093691,mass media|news media|news website,oneindia,India,topic+title,
UCqdeZSLQtDWMA7JxPeXJiGA,1,Q7399786,newspaper,Sai Gon Giai Phong,,topic+title,UC6BENb97B-9QXIOCjbW9Lvw
UCqnbDFdCpuN8CMEg0VuEBqA,1,Q9684,newspaper,The New York Times,United States,topic+title,
UCqso_WZbRLRpKHstlHQj5TA,1,Q109774525,mass media|media company|news agency|news media|news website,Amazônia Real,Brazil,topic+title,
UCr2LSro_9yZvng8HR2eDExA,1,Q48945044,magazine|mass media|news media|news website,Forbes Russia,,topic+title,
UCr3tVUYEqvVJTPqkggTFnyg,1,Q76537273,mass media|media company|news agency|news media,Quds News Network,Palestine,topic+title,
UCrBObJKg_1DVmQxjnkhSbwQ,1,Q139379017,mass media|news media|news website,BTC-ECHO,Germany,topic+title,
UCrE9AV3AbYt-m-JaM2V5klw,1,Q130611858,mass media|news media|news website|newspaper|online newspaper,Q130611858,France,topic,
UCrFKQ7T6v77iLLYNl19_QZQ,1,Q104628019,mass media|news media|news website,hamechadesh,Israel,topic,
UCrSC9vdaSRlES5QJwKHhbJA,1,Q4208363,mass media|media company|news agency|news media,Kazinform,Kazakhstan,topic+title,
UCrUXUGJyNQjnTsKY_k_U2qg,1,Q115148678,magazine|mass media|newspaper,Golden Gate Xpress,,topic+title,
UCrbQxu0YkoVWu2dw5b1MzNg,1,Q3273611,newspaper,Lianhe Zaobao,Singapore,topic,
UCrbctXCueK60wHFE2o8YL-Q,1,Q697462,mass media|news media|news website|newspaper|online newspaper,Liberty Times,Taiwan,topic,
UCrhOdWxeea0IF_H7jV4y7tQ,1,Q115801956,mass media|media company|news agency|news media|television channel,Syri Television,Albania,topic+title,
UCrlXI2X3HF72ldGIOiVzUmA,1,Q137830699,newspaper,Q137830699,Germany,topic,
UCrp2It0yWUC7XcrWyBIQeKw,1,Q98148856,mass media|news media|news website|newspaper|online newspaper,Nexta,Belarus,topic+title,
UCrpP-x96-nQD84VsNyILRtA,1,Q116302609,magazine|mass media|newspaper,New Mexico Daily Lobo,United States,topic,
UCrqIV7DB9BcS30URvfGAmsg,1,Q815265,mass media|news media|radio station,Radio Racyja,Poland,topic,
UCrwJa6KRHWnJpJPZNeKKcvA,1,Q7853413,newspaper,Tuổi Trẻ,,topic+title,UC47WI-kZXFf0H_f7pvaNCEQ
UCrwL1riPULt1IclIcmOSdiA,1,Q114398988,mass media|news media|news website,Echo,Germany,topic,
UCs0xZ60FSNxFxHPVFFsXNTA,1,Q3536298,newspaper,Tamil Murasu,Singapore,topic+title,
UCs8I8inqV5b-_UY0Hm7K0Jg,1,Q114398988,mass media|news media|news website,Echo,Germany,topic,UCrwL1riPULt1IclIcmOSdiA
UCs8Mm9kxyb9A5T_42P4ooPQ,1,Q113623150,mass media|news media|news website|newspaper|online newspaper,iNyheter,Norway,topic+title,
UCsFjaBWoy4DwVxRwETX-zJQ,1,Q105296727,newspaper,Perspective,Belarus,topic,
UCsLrO-k2UYF5VGPluHRLg2A,1,Q136434469,newspaper,Real News,Greece,topic+title,
UCsN32BtMd0IoByjJRNF12cw,1,Q247869,mass media|news media|news program,60 Minutes,,topic+title,
UCsVZWCV-LutMa89JgR8-KGw,1,Q16733394,newspaper,Business Day,Nigeria,topic,
UCsZYUb8C_19bWOCKF9jRwSg,1,Q604525,newspaper,The Globe and Mail,Canada,topic+title,
UCs_xNajKMU60fbeIhcxStoA,1,Q4387375,mass media|news media|news website|newspaper|online newspaper|radio station,Azattyk,Kyrgyzstan,topic,
UCsph3s-7LZi2ZaaKdecDsaQ,1,Q137381615,newspaper,Telugu Vaadi TV,India,topic+title,
UCt-3MJ1V5CmAdU_MsGxJADg,1,Q120931664,mass media|news media|news website|newspaper|online newspaper,Vyorstka,Russia,topic,
UCt4hQN98wsganRoLcoScfUw,1,Q4663413,newspaper,Abante,,topic+title,
UCt4t-jeY85JegMlZ-E5UWtA,1,Q3396358,mass media|news media|television channel,Aaj Tak,India,topic+title,
UCt7k7y_xTkkc1Jeh7cdAjDQ,1,Q111978975,mass media|media company|news agency|news media|news website,SinEmbargo,Mexico,topic+title,
UCtJ4mlxwCaqFf23KsuOjcKQ,1,Q7054861,newspaper,North Coast Journal,United States,topic+title,
UCtJk8WNzhAu37r-QBmY7pRA,1,Q1230298,newspaper,La Croix,France,topic+title,
UCtTSYCBRRUStmL2oQLaqbDQ,1,Q20389499,newspaper,The New Arab,United Kingdom,topic+title,
UCtWWry0cgjWi9C0Ye9sh6og,1,Q16903296,mass media|news media|news website|newspaper|online newspaper,news.com.au,Australia,topic+title,
UCtaaO8SWt-9Y9fCWBS4bfHQ,1,Q111983046,newspaper,Q111983046,Belarus,topic,
UCteIrzfODZb4QsusQEpaEeg,1,Q137756361,mass media|news media|news website|newspaper|online newspaper,Q137756361,Angola,topic,
UCtk3CVOeFCUSDXBUow_ZJzA,1,Q309955,mass media|media company|news agency|news media,Awp Finanznachrichten,Switzerland,topic+title,
UCtlncJ34t2gqqZEWgqUdm5w,1,Q7269704,mass media|news media|news website|newspaper,Qué Pasa,United States,topic,
UCttMFq0uHUu-LKfYiWpEfwQ,1,Q132561277,mass media|media company|news agency|news media,Investigative Post,United States,topic+title,
UCtvU8QAYnxFGCH7v9-dUOYw,1,Q12847974,newspaper,Yeni Müsavat,Azerbaijan,topic+title,
UCtz9vZo12fpy-wV1JKBoFwA,1,Q125389603,newspaper,La Voz del Sur,Spain,topic,
UCu6O9MhKi6m7pgJcchrkxjA,1,Q120434736,mass media|news media|news website,All Israel News,Israel,topic+title,
UCu7qsdVTUWcI_PclOr8z51Q,1,Q22906666,mass media|news media,BBC Pashto,,topic+title,
UCu9AwrlzInpVr2fdN6d_OBg,1,Q7728725,magazine|mass media|newspaper,The Daily Texan,United States,topic+title,
UCuFFtHWoLl5fauMMD5Ww2jA,1,Q2931014,mass media|media company|news agency|news media|news website,CBC News,Canada,topic+title,
UCuLruQX4dTXn89WS9A3ccJg,1,Q697286,mass media|news media|news website|newspaper|online newspaper,Taiwan News,Taiwan,topic+title,
UCuTAXTexrhetbOe3zgskJBQ,1,Q11504671,mass media|news media|news website|television channel|television station,NTV News24,Japan,topic,
UCuXTBSSq9Zy8-K6aojC2g-Q,1,Q31213431,newspaper,Brestskaya Gazeta,Belarus,topic,
UCuXtvibaS4-y5oX7O8S51-w,1,Q125055397,mass media|news media|news website,Malaysia Post,,topic+title,
UCudaVg7_tLsKzdg0fWko2bg,1,Q130482759,mass media|news media|news website,Q130482759,United States,topic,
UCulMpldMEQVIM6PMc8sffyQ,1,Q104413855,mass media|news media|news website|newspaper|online newspaper,HuffPost Greece,Greece,topic+title,
UCun2Dl8daN--PBivgQJZn_w,1,Q21525554,mass media|news media|news website|newspaper|online newspaper,T24,Turkey,topic+title,
UCupvZG-5ko_eiXAupbDfxWw,1,Q48340,mass media|media company|news media|news program|news website|television channel|television station,CNN,United States,topic+title,
UCuyRsHZILrU7ZDIAbGASHdA,1,Q85806279,mass media|news media|news website|newspaper|online newspaper,ThePrint,India,topic+title,
UCuzoe7B4zeAKhdhcNKsQJ1w,1,Q110078778,newspaper,Dhaka Post,Bangladesh,topic+title,
UCv-OywQAsgCCIBo9C-oDFJw,1,Q125946974,mass media|news media|news website,Q125946974,Belgium,topic,
UCvAnclelY8eSq8GyPE19KTw,1,Q105638444,mass media|news media|news website,The National News Desk,,topic+title,
UCvCJXnvk9z14oVoEz_Le53Q,1,Q11324439,newspaper,Nikkey Shimbun,Brazil,topic,
UCvGFcGHY8-m3Dp-l5InP67g,1,Q136612442,mass media|media company|news agency|news media,ISKCON News,United States,topic+title,
UCvH2Z058LcWD3TwLGPHx5SA,1,Q113284092,mass media|news media|news website|newspaper|online newspaper,Real Time,Russia,topic,
UCvNnATyRccJk-qobf2icJlg,1,Q108393851,mass media|news media|news website,News 24/7,Greece,topic,
UCvQmPpU20hw1Trss_CVwaew,1,Q4483504,mass media|news media|news program,HaHadashot 13,,topic+title,
UCvS_93KzemYz-SqXT5slFFA,1,Q16252405,mass media|news media|news website|newspaper|online newspaper|radio station,Azadliq,Azerbaijan,topic,
UCvWW_MX25BSnpVElZX3vIgQ,1,Q10832592,mass media|news media|news website|newspaper|online newspaper,Việt Báo,Vietnam,topic,
UCvbex9jMX6WqPOcZt8DGDhg,1,Q109535593,newspaper,The Catholic Times,South Korea,topic,
UCvd1pcBIblzC_XTBoDHwGvw,1,Q4832400,mass media|media company|news agency|news media,Azerbaijan State News Agency,Azerbaijan,topic,
UCvgyWIKyLtdltfjSUAcM6EQ,1,Q7728661,newspaper,Independent Nigeria,Nigeria,topic+title,
UCvixJtaXuNdMPUGdOPcY8Ag,1,Q7729118,mass media|news media|news program,The David Pakman Show,,topic+title,
UCvkCtT-QitYADvrlixoQlZw,1,Q5017958,magazine|mass media|media company|news media|news website|newspaper|online newspaper,Caixin Media,People's Republic of China,topic+title,
UCvsU0EGXN7Su7MfNqcTGNHg,1,Q5915760,mass media|news media|news website|newspaper|online newspaper,infobae,Argentina,topic+title,
UCw3fku0sH3qA3c3pZeJwdAw,1,Q210534,mass media|news media|news website|newspaper|online newspaper,Daily Mail,United Kingdom,topic+title,
UCw4zJAalpT4febaMg-G8A2w,1,Q105977461,mass media|media company|news agency|news media|news website|newspaper|online newspaper,African Press Agency,Senegal,topic,
UCw572heLSpa-A1jBGFS80Aw,1,Q5124137,newspaper,Ciudad CCS,,topic+title,
UCw9z2d-rDfXEznu7BAiSfEQ,1,Q140374907,mass media|news media|news website,Vermont Daily Chronicle,United States,topic+title,
UCwBK7Cdk0wq8rCjxcvaoHzg,1,Q126888080,mass media|media company|news agency|news media,Argus News,India,topic+title,
UCwJXtk_1CKlCrh7YJDP2uPw,1,Q779730,mass media|media company|news agency|news media,Kyodo News,Japan,topic+title,
UCwWhs_6x42TyRM4Wstoq8HA,1,Q824192,mass media|news media|news program,The Daily Show,,topic+title,
UCwXewCWwaK1-yec8niJLrqg,1,Q2526385,mass media|news media|news website|newspaper|online newspaper,China Digital Times,United States,topic,
UCwd_6g5HiD0T9UAgbwPKiKw,1,Q108320646,mass media|news media|news website|newspaper|online newspaper,European Pravda,,topic,
UCweBO4bfRZgu33OMPYlehlg,1,Q912735,public broadcaster,Croatian Radiotelevision,Croatia,topic,
UCweazGp3k_3wHOCeTsQsyog,1,Q139270313,mass media|news media|news website|newspaper|online newspaper,il Napolista,Italy,topic+title,
UCwsXkG4LatsF7u_b8dU1p-w,1,Q119889397,newspaper,Banouto,Benin,topic+title,
UCwshB3pFGce9MXx5fNctfIw,1,Q131376063,mass media|news media|television channel,MiTV,Nigeria,topic+title,
UCwvYXsl5CRwUgEgX9LQIz2w,1,Q20823494,mass media|news media|news website|newspaper|online newspaper,Qafqazinfo,Azerbaijan,topic+title,
UCwww51YntaG3hUj-QlqWd8A,1,Q113654994,newspaper,Kwangju Daily,South Korea,topic,
UCx-OXbNC65Rn3v2VV4XxfDA,1,Q7932485,newspaper,Vineyard Gazette,United States,topic+title,
UCxRRM69jQ6x8m2_OIECPFDA,1,Q124170977,mass media|news media,Warta,Belarus,topic+title,
UCxWyU7ivxH_oE1ocuzaPLtg,1,Q126951383,mass media|news media|news website,Deduktif Indonesia,Indonesia,topic+title,
UCxaPn-OJIG6FY2oM1TB0ZSw,1,Q16962241,mass media|media company|news agency|news media,Asia-Plus,Tajikistan,topic+title,
UCxdpqtb0HIOdH7RGyfgmJbA,1,Q683816,mass media|media company|news agency|news media,Demirören News Agency,Turkey,topic+title,
UCxm0tptjIc76-i26EKQ9NpA,1,Q121141771,mass media|news media|news website|newspaper|online newspaper,InfoMoney,Brazil,topic+title,
UCxshhzR907v2w6DjICyAgLQ,1,Q64821996,mass media|media company|news agency|news media,Q64821996,Italy,topic,
UCxwiLCHJh-UmXyFFVR_BEKg,1,Q424967,newspaper,Al-Ahram Weekly,Egypt,topic,
UCxy9pdKhihF_JfFNkkJkmkw,1,Q12205263,newspaper,Almal News,Egypt,topic,
UCyAQQG0yIdY7uHCTmH4cUMw,1,Q3394943,newspaper,Atlántico Diario,Spain,topic+title,
UCyIMsCzDRm8_y_6wM26_PWQ,1,Q1973495,mass media|media company|news agency|news media|public broadcaster,TVRI,Indonesia,topic+title,
UCyTDJHSzuKZ2JZO41c5Do1A,1,Q137460576,mass media|media company|news agency|news media,Radio Ozodi,,topic,
UCyUr8PM0PFwYQAy5yUPH36Q,1,Q3113375,mass media|media company|news agency|news media|public broadcaster,Radio Republik Indonesia,Indonesia,topic,
UCyYXLQJvKsiq3-5De9hJwrg,1,Q108170523,mass media|media company|news agency|news media,Fergana,Russia,topic,
UCycCFH064HuwU1MQVY5l4gw,1,Q1809743,newspaper,Jobat,Belgium,topic+title,
UCyjsEEv1m_h7djEWyiqen9A,1,Q5287621,mass media|news media|news website|newspaper|online newspaper,Document.no,Norway,topic+title,
UCypAIPkMIuQCIxThipZTjsA,1,Q131703827,newspaper,Q131703827,,topic,
UCyscVWiJELkATSuU-RF2NLg,1,Q287331,mass media|public broadcaster|television channel|television station,Alhurra,United States,topic+title,
UCywzC-uE_4uVMDIan9Av5uQ,1,Q1665444,mass media|media company|news agency|news media,The New Humanitarian,Kenya,topic+title,
UCyzTvWz9OiTZ9ZpFAH5vYMg,1,Q55668522,newspaper,Stigler News Sentinel,United States,topic+title,
UCz8FnLDbCO0tFAMRM72cMkQ,1,Q57768245,mass media|news media|news website|newspaper|online newspaper,La Posta,Ecuador,topic+title,
UCz8K1occVvDTYDfFo7N5EZw,1,Q104007059,mass media|news media|news website,Law & Crime,United States,topic+title,
UCzI8K9xO_5E-4iCP7Km6cRQ,1,Q113977266,mass media|news media,Just the News by Faye D'Souza,India,topic+title,
UCzNoqZgw9dyxyJgFhFjVXrg,1,Q97050216,magazine|mass media|newspaper,The News Record,United States,topic+title,
UCzSTG-QwiLgCDBPhMVkc6zA,1,Q138042483,mass media|news media,Digital Business,,topic+title,
UCzV4UxUG1l7KyQUwD489XEQ,1,Q125822421,mass media|news media|news website|newspaper|online newspaper,NoticiasTrabajo,Spain,topic+title,
UCzb4UwTNHh9QWcfLAk8tpbQ,1,Q623642,newspaper,Jeonnam Ilbo,South Korea,topic,
UCzlTj24m5rzJp6ys4d0A1vg,1,Q3523400,newspaper,The Witness,,topic+title,
UC-5Cl2mUOyNsP9QL_QLOubw,2,Q16985935,newspaper,Independent Record,United States,topic+title:stale,
UC-CyuqMOY2XvUFRmeHoABog,2,Q137672641,journalist,"Safar, ʿAlī",FR,topic+title:politics,
UC-ElK1fYXi9TyVuu5PACu6w,2,Q55671302,newspaper,Herald-Progress,United States,topic+title:stale,
UC-H0xcNB9akbbnpv5GPcQjA,2,Q651079,newspaper,Critica Sociale,Italy,topic:stale,
UC-MURA-h1FJ4eSH9m0n5rlg,2,Q16926790,mass media|news media|news website|newspaper|online newspaper,All About Macau Media,People's Republic of China,topic:stale,
UC-QGZ1DZTPfPV_-WZekRODw,2,Q114404304,journalist,Mateusz Lachowski,PL,topic+title:politics,
UC-SbbweEB5v30apY_SEUPZw,2,Q124515561,magazine|mass media|media company|news agency|news media,Q124515561,Russia,topic:stale,
UC-W3IJVXkwA7UyDH2HrNsNQ,2,Q4932044,journalist,Bob Cesca,US,topic:politics,
UC-_tNfeFV3bEG_7oGnWHA5w,2,Q671985,journalist,Arkady Babchenko,UA,topic:politics,
UC-okxtqx7St_dUMCRJABHZA,2,Q69582236,journalist,Sergey Smirnov,LT,topic:politics,
UC-q8URCNmX5Wg4R9kXtW4tg,2,Q1934595,journalist,Milena Preradovic,AT,topic+title:politics,
UC02cEPZDG5TR3jZmoRXBA-Q,2,Q124213483,journalist,Q124213483,PL,topic:politics,
UC0DmrM_4U2iDij_0HL2QkGA,2,Q112564277,journalist,Aleksandra Pawlicka,PL,topic+title:politics,
UC0DxvTiXozJoNZ9DWvdEfRg,2,Q125162955,journalist|pundit,Joie Cruz,,topic+title:politics,
UC0KwJ-ig7udwmMgGjZyR41A,2,Q22098683,journalist|pundit,Liu Zhongjing,US,topic+title:politics,
UC0NtthP4Klcigo6K0NHiA4Q,2,Q6772592,mass media|news media|news website|newspaper|online newspaper,nrg,Israel,topic:stale,
UC0OiowQ-fTqw3Kq3bfopO_Q,2,Q4482488,journalist,Tatiana Felgenhauer,DE,topic:politics,
UC0WMJMlQlj8DfPbcLD7Q8xQ,2,Q7270737,newspaper,Queens Chronicle,United States,topic+title:stale,
UC0ep54uOddkylldWbsYhU0Q,2,Q55667607,newspaper,Stillwater Gazette,United States,topic+title:stale,
UC0me5ERbRRsBZJBKfHiaBAw,2,Q8040397,newspaper,Wyoming Tribune Eagle,United States,topic+title:stale,
UC0ohdC9b6Kzq_WVn8yuKHtw,2,Q2826717,mass media|media company|news agency|news media,Agencia Boliviana de Información,Bolivia,topic+title:stale,
UC0p3rxtSGCnO-JjBz5bU5CQ,2,Q20963418|Q4160936,journalist|news presenter,Ekaterina Kotrikadze,LT,topic:politics,UCAvi0LVgGBl3kz1vS0I-ikA
UC0u96nGnEX5liM9S3vkN9YQ,2,Q15809236,mass media|news media|news website|newspaper|online newspaper,Fair Observer,United States,topic+title:stale,
UC1D_gmjBJtuC2n82t83yRiQ,2,Q4453395,magazine|mass media|news media|news website|newspaper|online newspaper,Theatre,,topic:stale,
UC1KN9IbNg4sWY7Oog_7Kb1A,2,Q107303525,journalist,Liam O'Dell,GB,topic+title:politics,
UC1VtxsaDHfPLY74NfrPJ2Mw,2,Q111479561,journalist,Jörg Wagner,DE,topic+title:politics,
UC1_4I-XQJL0NqfxOTvU5_JA,2,Q22681427,newspaper,Les Jours,France,topic+title:stale,
UC1eJbTQqf2AXQIiV2wTee-Q,2,Q28689871,journalist,Yoshirō Kamijima,JP,topic:politics,
UC1iOXwOqVa9n7bEuWveVlXw,2,Q7768079,newspaper,The Tampa Tribune,United States,topic:stale,
UC1picnNrbCquJ2OuywtiidA,2,Q9458723,journalist|pundit,Huang Wei-han,TW,topic:politics,
UC1sx9fpIKKs780MrgWH41JQ,2,Q12096008,mass media|media company|news agency|news media|news website|newspaper|online newspaper,Glavred,Ukraine,topic:stale:alt,UCBa_1UH2iRZGY9iv-wyFgOg
UC1yuv89ftFyDQ8Ibre7cRgg,2,Q110607502,journalist,Makhdoom Shahabuddin,SA,topic+title:politics,
UC2-KdIdgipjidRddgUVg3GQ,2,Q20067555,journalist,Vasyl Klymchuk,UA,topic:politics,
UC25GHmlU1I-zbNcZe7a-aiQ,2,Q6177096,journalist|pundit,Jemele Hill,US,topic+title:politics,
UC28Bhond5ekEiYnvvqSGmsA,2,Q4311278|Q4311282,journalist|pundit,Kirill Nabutov,LV,topic:politics,
UC2ANLdaaxYDftFR6wUaFQmg,2,Q5046300,journalist,Carrie Sheffield,United States,topic+title:politics:country_from_citizenship,
UC2AxhcmL0v0mJ4Gi-wKRwtg,2,Q41658677,mass media|news media|news website,TurkPress,,topic:stale,
UC2CuPAfR_LjyVOWD9dOmpvw,2,Q110619939,mass media|news media,Diario Rombe,Equatorial Guinea,topic+title:stale,
UC2JD79Om3ygzu3bw4KaMevg,2,Q113680822,journalist,Andrey Zakharov,BG,topic:politics,
UC2LeQ2qtFPg4YKsRT0KtT8Q,2,Q55671194,newspaper,Kingsville Record & Bishop News,United States,topic+title:stale,
UC2OzI3OHuqpXM6mtDESkj_A,2,Q107090046,YouTuber|blogger|journalist|pundit,Stefan Magnet,AT,topic+title:politics,
UC2Rp2gwFRnEXq5HjpzRWqBA,2,Q3680166,journalist,Claudio Pagliara,US,topic+title:politics,
UC2Uioh1tYQkNuHLSBpzdfCg,2,Q136465392,YouTuber|blogger|journalist|podcaster,Nick Shirley,US,topic+title:politics,
UC2ZOs7TIgeV6WNg_2wLZPFg,2,Q65617523,YouTuber|blogger|journalist|pundit,Yukihisa Oikawa,Japan,topic:politics:alt:country_from_citizenship,UCFm8u_ygHo24HeZCYygPygg
UC2jIwRTEH3gET9wLiKMIGCA,2,Q55665794,newspaper,La Prensa de Colorado,United States,topic+title:stale,
UC2oCPooK81DF_TKH7swTxdg,2,Q55666346,newspaper,N'West Iowa Review,United States,topic+title:stale,
UC2xtZvwc418WRtaXyPYI_kQ,2,Q98834025,newspaper,Q98834025,,topic:stale,
UC2yzmv8RP0PZLBH2aGirOIw,2,Q1977770,mass media|media company|news agency|news media,REGNUM News Agency,Russia,topic+title:stale,
UC323_FVc8rL1OrRTGYj8zaA,2,Q4884493,newspaper,Beloit Daily News,United States,topic+title:stale,
UC35BdvE8Q4G5nLo0X1nBW5w,2,Q115529304,journalist,Hiroshi Samejima,JP,topic+title:politics,
UC39KQ2njdknSCIFP6RZbc-A,2,Q8182017,journalist|pundit,Adam Wielomski,PL,topic+title:politics,
UC3PlWl0uYFsmkCR_e6AQFDQ,2,Q1865276,newspaper,Literaturnaya gazeta,Russia,topic:stale,
UC3PwhBnONeS45cVWgBKDLRQ,2,Q16466590,newspaper,Ouachita Citizen,United States,topic+title:stale,
UC3VSP4mYYXOin3TYqzF1kfg,2,Q1655152,magazine|mass media|newspaper,I Avgi,Greece,topic:stale,
UC3W2Pd4tItW2e73cSEpsuTA,2,Q15407400,journalist,Bernard Baissat,France,topic+title:politics:country_from_citizenship,
UC3qjfJZKWlMcUemRK8lH05Q,2,Q102109743,mass media|news media|news website|newspaper|online newspaper,Diario 16,Spain,topic:stale,
UC3qo7JmZOTcrW5q4X2yLoKg,2,Q55668509,newspaper,Guymon Daily Herald,United States,topic+title:stale,
UC3t9RlzgKlj6azxW3Dq8dPw,2,Q102347171,YouTuber|blogger|journalist,Emilio Doménech,ES,topic:politics,
UC3yg0uhbAzAffTFJeJ_Y74w,2,Q115492252,blogger|journalist,Kateryna Soliar,UA,topic:politics,
UC45uMIrZjl7K0OFBfvxsTYA,2,Q55671107,newspaper,Boerne Star,United States,topic+title:stale,
UC4GaxShD78cIXd8MvADYVFA,2,Q3606404,mass media|media company|news agency|news media,Agenparl,Italy,topic+title:stale,
UC4HkxN3-j-bQVd_1ZZKOqSA,2,Q7753897,newspaper,The News-Press,,topic+title:stale,
UC4U-Bz5I-jttkLO4XktpXOQ,2,Q9375652,YouTuber|blogger|journalist,Q9375652,Poland,topic:politics:country_from_citizenship,
UC4bX4PkjQY4zmMoB3vKFBoA,2,Q11524941,media company|newspaper,Q11524941,Japan,topic:stale,
UC4kPIfdCZrPqoQ94m6-eFsg,2,Q3088778,journalist,Sorayudth Sutadsanajinda,TH,topic:politics,
UC4r1W7zRWDalyStkQN0kCEQ,2,Q116820696,mass media|news media|news website,Iowa Starting Line,,topic+title:stale,
UC4s7NecsQ6e3qFrV_v82iyQ,2,Q115120758,mass media|news media|news website,Reckon,,topic+title:stale,
UC4za1vGDALrUO1klVR_lrjA,2,Q11073854,mass media|news media|news website,Macau Concealers,People's Republic of China,topic+title:stale,
UC51OVhr-GUo6JsA9hgOcrsw,2,Q109647691,mass media|news media|news website|newspaper|online newspaper,Kepripedia.com,Indonesia,topic:stale,
UC51tdP7wepAyyMiwz8Cjgtg,2,Q20541350,mass media|news media|news website|newspaper|online newspaper,Q20541350,Spain,topic:stale,
UC59gAour7e2T_aCWBRxedoA,2,Q6903280,journalist,Lior Schleien,IL,topic+title:politics,
UC5X3kJorIx55tOJQ9283tkg,2,Q11551460,journalist,Akira Ikegami,JP,topic:politics,
UC5YLq0V8CxOSmv7CXGHxn1w,2,Q28924705,journalist,Ibéyise Pacheco,ES,topic+title:politics,
UC5a-QtRvcBzRMvNIIRPMrow,2,Q55671085,newspaper,Tullahoma News,United States,topic+title:stale,
UC5k4fQj-z0jEQBpd-VFwbIw,2,Q22909173,mass media|news media|news website,Independent Journal Review,United States,topic+title:stale,
UC5wRw_R3kzwV5zGe7kzec8A,2,Q4346241,columnist|journalist|pundit,Sergey Parkhomenko,GR,topic:politics,
UC61qQBrHiNKprDXW5ZnLPyQ,2,Q454388,blogger|columnist|journalist|pundit,Michelle Malkin,US,topic+title:politics,
UC6DCMToRKq5f7UaS1TqrloQ,2,Q5053161,newspaper,Catholic Family News,,topic:stale,
UC6RYT0kcxYh_u8OJoAaF1Pg,2,Q1557005,journalist,Alexander Kissler,DE,topic+title:politics,
UC6VqhWxzlgWu0gw8itpWDQA,2,Q7165811,newspaper,People's Voice,Canada,topic+title:stale,
UC6axWf759Oo_D40xgV-Qj9Q,2,Q3616034,journalist,Andrea Scanzi,Italy,topic+title:politics:country_from_citizenship,
UC6fvGZwH4OKNrd6P07O5pug,2,Q111476283,mass media|news media|news website|newspaper|online newspaper,Crónica viva,Peru,topic+title:stale,
UC6lNHvvDlfhKq_q7zERlvDg,2,Q88243166,journalist,Darvinson Rojas,US,topic+title:politics,
UC6v7PGUSJlCOh45aqVXFnMg,2,Q55665822,newspaper,Greeley Tribune,United States,topic+title:stale,
UC6wdP5hTf_phre6Q3kFiV2g,2,Q2345201,journalist,Tommy Robinson,GB,topic+title:politics,
UC71KBjTx2nIxnG9n1GtWa_Q,2,Q59209902,journalist,Mimi Mefo Takambou,DE,topic+title:politics,
UC79w55nWoHLrhQuB1p_HYdQ,2,Q55666707,newspaper,Daily Journal of Johnson Co.,United States,topic:stale,
UC7CJXNiWzI2xpO9UyYlgBZw,2,Q6550788,newspaper,Lincoln Journal Star,United States,topic+title:stale,
UC7EMCGgN7ziSxYsNxX2iXgw,2,Q7370099,newspaper,Roswell Daily Record,United States,topic+title:stale,
UC7GAn_JoERCuIIL5gVIunJw,2,Q30314340,mass media|news media|news website,Genetic Literacy Project,,topic+title:stale,
UC7Jm0X3mfGf4RotnN4KpQUA,2,Q11410571,journalist,Osamu Sorimachi,JP,topic:politics,
UC7LSrRnB3_4JsvixyR9D3fw,2,Q477719,mass media|news media|news website|newspaper|online newspaper,Today,Singapore,topic:stale,
UC7N4N58I5bw6PK222hxgOdw,2,Q19270088,journalist,Wojciech Boliński,Poland,topic:politics:country_from_citizenship,
UC7Qj3hOJFnCegbv1H7QdNPA,2,Q6968479,journalist,Natasha Mozgovaya,US,topic+title:politics,
UC7RswyY8VfbSdikz_8wdp3w,2,Q107630118,YouTuber|blogger|journalist|pundit,Szymon Pękala,PL,topic:politics,UCnUrMqV57fp3uPddvmDpTaA
UC7_xt9JfLN2rUVXcVeCw8Ow,2,Q81939561,journalist|news presenter,Basheer Al-Harethi,Yemen,topic+title:politics:country_from_citizenship,
UC7cUnTzBpxsNSrol25L1i-Q,2,Q4662648,journalist,Aarti Pole,Canada,topic+title:politics:country_from_citizenship,
UC7ivXUYaRoZb5WDLKksETUA,2,Q1241820,journalist|pundit,Róbert Puzsér,HU,topic+title:politics,
UC7wqeVwzexXNUb25RqxtoeA,2,Q4276086,YouTuber|blogger|journalist,Maxim Kalashnikov,Russia,topic:politics:country_from_citizenship,
UC84_ECMuDJb7Lx7caxpwl7g,2,Q135536143,journalist,Sarah Maria Sander,DE,topic+title:politics,
UC8FxY9BFQjrHcpq4N7pZiJQ,2,Q5822109,newspaper,El Hispano News,,topic+title:stale,
UC8HjOxNTUtjmCTA-RM22u_w,2,Q50228807,mass media|news media|news website|newspaper|online newspaper,Resett,Norway,topic+title:stale,
UC8YbZ8I22SJW-lNTBgWktWA,2,Q12220357,newspaper,Sawt Al-Umma,Egypt,topic:stale,
UC8iq6rZlCpoOc3LtYcgetNw,2,Q16920498,mass media|news media|news website,NC Newsline,United States,topic+title:stale,
UC8mRxS6Xf3mJ8ID6SEQMBlA,2,Q110754911,journalist,Olga Lambea Martínez,ES,topic+title:politics,
UC8ouM9KEOtuYbROTey3gC8Q,2,Q11430175,newspaper,Yukan Fuji,,topic:stale,
UC8rSi_F-VkoWIBrwCFRE2vQ,2,Q55666828,newspaper,Chanute Tribune,United States,topic+title:stale,
UC94hs-dlRxj2VVPqLBJGfAg,2,Q125145739,journalist,Q125145739,UA,topic:politics,
UC9Bs2iskyEZRDsm_PUSTkCg,2,Q18662495,magazine|mass media|newspaper,Turun ylioppilaslehti,,topic:stale,
UC9EmKPhaMDN3fJnB-JeYM4w,2,Q55666552,newspaper,Metropolis Planet,United States,topic:stale,
UC9FGRVbVcH56NQOO-As4keQ,2,Q128636016,journalist,Pepijn Nagtzaam,Kingdom of the Netherlands,topic+title:politics:country_from_citizenship,
UC9KnnsPALO7nmNNXSgHFHcg,2,Q4446871,journalist,Aleksey Sukhanov,UA,topic:politics,
UC9MNSaFNnZVlo21a0tIS5ww,2,Q6382196,newspaper,Kearney Hub,United States,topic+title:stale,
UC9NTV0QyCBk_gCVV9bIlBSQ,2,Q112605083,mass media|news media|news website|newspaper|online newspaper,Q112605083,,topic:stale,
UC9S-gUeTkvzkgYJS7iLMeug,2,Q131441222,journalist|pundit,Jojo de Guzman,HK,topic+title:politics,
UC9ZrLNimYRG6X4EOarWHGzg,2,Q4470398,newspaper,Ukraina Moloda,Ukraine,topic:stale,
UC9fH9JwGHpyGhFG6mffWbdQ,2,Q56405237,mass media|news media|news website|newspaper|online newspaper,Ekte Nyheter,Norway,topic+title:stale,
UC9hiKy1So1wi54tSmNK7XdQ,2,Q55665685,newspaper,Asian Journal San Diego,United States,topic+title:stale,
UC9juKTpKHyVD6OHi4EklKLA,2,Q112576888,mass media|news media|news website|newspaper|online newspaper,Maduradas,Venezuela,topic+title:stale,
UC9n1pQnlPpem84bbDT-Mj8Q,2,Q136443583,journalist,Karla Ramírez,PE,topic+title:politics,
UC9zLkAK7q9aLjcfeiSlsX8w,2,Q55667643,newspaper,Douglas County Herald,United States,topic+title:stale,
UC9zRB_xpaSpJxofUrltx1xQ,2,Q111523791,journalist,Żurnalista,PL,topic:politics,
UCA5XlHqBtKD7gkeEa_MLklQ,2,Q16992306,newspaper,El Nuevo Georgia,United States,topic:stale,
UCA6QQVFTqK181mVVzN0AC6Q,2,Q19599801,newspaper,Talár,Pakistan,topic+title:stale,
UCA8J_Zc7a1XJDj8khpJfVlg,2,Q35280371,journalist,Johan Allers,NL,topic+title:politics,
UCAFuhBOu-oiMc5AgJjF-5-Q,2,Q55671447,newspaper,Merrill Foto News,United States,topic+title:stale,
UCATGf8vE2nWDdnEtBtfcsZw,2,Q56357311,YouTuber|blogger|journalist|pundit,Ali Alizadeh,GB,topic:politics,
UCAhm6OjXykipGIytuqt8_TA,2,Q55668484,newspaper,Daily Chief-Union,United States,topic+title:stale,
UCAvi0LVgGBl3kz1vS0I-ikA,2,Q20963418,journalist|news presenter,Ekaterina Kotrikadze,NL,topic:politics,
UCAzcEs3UXMKjnvgYMIsdY2A,2,Q55666911,newspaper,Falmouth Outlook,United States,topic+title:stale,
UCB-KVngutTKoRf6tFcFbozQ,2,Q4702879,newspaper,Al-Maydān,,topic:stale,
UCB1u_wJThc3_e5J4VVj7hQQ,2,Q119793396,journalist,Richard Medhurst,GB,topic+title:politics,
UCB9WOAf7gaCLiFnB2R46TIw,2,Q28706048,YouTuber|blogger|journalist,Roman Tzymbalyk,US,topic:politics,
UCBG4VY6T8wM2kPwpBaLZrZQ,2,Q134606154,newspaper,Naše pravda,Czech Republic,topic:stale,
UCBGhz1moVqt0Q7LaB0AXUrg,2,Q105898356,YouTuber|blogger|journalist,Pol Andinach,ES,topic:politics,
UCBHxDkyIqf2PGERfdB7n7gQ,2,Q128034130,mass media|news media|news website|newspaper|online newspaper,North East Bylines,,topic+title:stale,
UCBKDRq35-L8xev4O7ZqBeLg,2,Q8464384,YouTuber|blogger|journalist,Wang Zhi'an,JP,topic:politics,
UCBMubZ2Chh6Um07zzsCwzjA,2,Q138042805,journalist,Matteo Gracis,IT,topic+title:politics,
UCBOk_MWkWCVOmPR5vzVLhAA,2,Q55666386,newspaper,Idaho Mountain Express,United States,topic+title:stale,
UCBQnW5_C-6Ns6bob5ozacZg,2,Q55563652,journalist,Liu Sivaya,ES,topic+title:politics,
UCBRGHNFqqzXRJWd5989OboA,2,Q112559509,journalist,Tom Sykes,United Kingdom,topic+title:politics:country_from_citizenship,
UCBVYCxysqzhAnUZbUChws3Q,2,Q56312297,mass media|news media|news website|newspaper|online newspaper,Newsweed,France,topic+title:stale,
UCBXI22RrWXFmc6PK1iKutXQ,2,Q170135,mass media|news media|news website|newspaper|online newspaper,Novaya Gazeta,Russia,topic:stale,
UCBY4TFdxRs1XoWlAqcStp_g,2,Q55635419,newspaper,The News-Gazette,,topic+title:stale,
UCBa_1UH2iRZGY9iv-wyFgOg,2,Q12096008,mass media|media company|news agency|news media|news website|newspaper|online newspaper,Glavred,Ukraine,topic:stale,
UCBdjsaA9uuIrX2j7cJMZQyQ,2,Q121938021,mass media|news media,Hindutva Watch,,topic+title:stale,
UCC3840XpFQIuewAcIni-CnQ,2,Q11664627,journalist,Shin'ichirō Suda,JP,topic:politics,
UCCLZRFU4Vt4sozStBhsjUVQ,2,Q90690967,journalist,Hassan Khan,PK,topic+title:politics,
UCC_ruE5psYjVhb3N3z1ijvQ,2,Q7655812,newspaper,Sweetwater Reporter,United States,topic+title:stale,
UCCjFyYSjI13WhmRYoAFI0ag,2,Q1127922,journalist,Constantin Schreiber,DE,topic+title:politics,
UCD6sbgh8kEmmTx2dHMYeI4A,2,Q56030672|Q56030674,newspaper,Florida Weekly,United States,topic+title:stale,
UCDVJK0r0upBIVtGndAFK0lg,2,Q111978940,mass media|media company|news agency|news media|news website,Akhbar Al Aan,United Arab Emirates,topic+title:stale,
UCDXopRD1EhmNAP2NZJQMk-g,2,Q113995871,newspaper,El Debate,Argentina,topic+title:stale,
UCDZz0KrMBBCJ4bHfUPrRDxQ,2,Q4165841,journalist,Ibrahim Eissa,EG,topic:politics,
UCDhibjEcol4DOXEQsW_z8aw,2,Q11718712,journalist,Jan Piński,PL,topic+title:politics,UCaTcgqhFqYzhrLQzaibPyeA
UCDj2dftyIYWVUcxC2cBmYvQ,2,Q132467401,journalist,Stefanie Medina,Peru,topic+title:politics:country_from_citizenship,
UCE-XNYbYwBFxBHa_Q4NoQBg,2,Q55665760,newspaper,Williams Pioneer Review,United States,topic+title:stale,
UCE0mZzoZtIysa66Rk4lrdkw,2,Q5216864,journalist,Daniel Coronell,CO,topic+title:politics,
UCE1BacF9GxuCFtT-fn97otg,2,Q97350445,mass media|news media|news website,Eat News,,topic:stale,
UCE2X4uTXXInGqyi313ZazYQ,2,Q101163563,journalist,Q101163563,PL,topic:politics,
UCE5S4xTW-Dcg0kqFw9-aURw,2,Q5518718,newspaper,Galion Inquirer,United States,topic+title:stale,
UCE7cq7FxPmgSBU0T43s352w,2,Q3227555,newspaper,Le Temps,Tunisia,topic:stale,
UCEATT6H3U5lu20eKPuHVN8A,2,Q1274616,journalist,Chris Hedges,United States,topic+title:politics:country_from_citizenship,
UCEPteOOgwfQpondLl6KXNyg,2,Q115439594,journalist,Dmitry Nizovtsev,Russia,topic:politics:country_from_citizenship,
UCEQ3Dokb99snrb9goiKwFxg,2,Q108523458,newspaper,Q108523458,,topic:stale,
UCEStgOiZumIypU1itO46iXA,2,Q97940221,journalist,Q97940221,US,topic:politics,
UCErrilNU6KkL6DA-jILvcEA,2,Q5347491,newspaper,Effingham Daily News,United States,topic+title:stale,
UCEtT_F35i6pAq2yUluzXHSA,2,Q6834456,journalist,Michael Smerconish,US,topic+title:politics,
UCFdbW59CHlVBB45kSpUNgEg,2,Q6730387,mass media|news media|news website,Magharebia,,topic+title:stale,
UCFm8u_ygHo24HeZCYygPygg,2,Q65617523,YouTuber|blogger|journalist|pundit,Yukihisa Oikawa,JP,topic:politics,
UCFp9Pn3EUtH_vdKGaH6MH-Q,2,Q125926922,mass media|news media|news website|newspaper|online newspaper,JuniorMedia News,Denmark,topic+title:stale,
UCFzjTb2n9EsbNXKSoO98t4Q,2,Q108467889,newspaper,NYC Daily Post,United States,topic+title:stale,
UCG-SkhTpcP3YYGCeFfcizIA,2,Q123684120,newspaper,The Gabber,,topic+title:stale,
UCG06eY0R4-gmANQG-QS_UXw,2,Q141150829,political analyst,Mokhtar Kamel,TR,topic+title:politics,
UCG6gCa3iXS18F2izzDfa2_Q,2,Q1204220,magazine|mass media|newspaper,Deutsche Stimme,,topic:stale,
UCGBTu1H9CVtCWWg_2nuOSeg,2,Q11546084,journalist,Kazuaki Takeda,JP,topic:politics,
UCGCfl9zPVNB8TIdqB3VpiHQ,2,Q2843705,newspaper,Sarasota Herald-Tribune,United States,topic+title:stale,
UCGIwZOwvccDewygX5qzKLFQ,2,Q122382407,newspaper,Q122382407,Germany,topic:stale,
UCGSmyd8CIzB5oMKzKqVV2_g,2,Q75330375,newspaper,Bolivia,Bolivia,topic+title:stale,
UCGZR7BK-86IYCJY9qGwyHZQ,2,Q108535577,journalist,Ramón Tolentino,US,topic+title:politics,
UCGf31G2OZV7_OOXOkBUKLEg,2,Q56236620,newspaper,Milton Times,,topic+title:stale,
UCGhNS1zYbtFdIajr9WSbs1A,2,Q65493690,journalist|pundit,Wajahat Ali,United States,topic+title:politics:country_from_citizenship,
UCGsl4idfDtCp1e1Dvc7a3OA,2,Q131676024,YouTuber|blogger|journalist,Dmytro Karpenko,PL,topic:politics,UCTlTfHhcn44XdLn_arCsaig
UCGvyBj0diiu8MGgadw_sdcw,2,Q4173332,mass media|news media|news website|newspaper|online newspaper,Q4173332,Russia,topic:stale,
UCH4-2zxilfP25Vc-Wk3dxlg,2,Q56236792,newspaper,News-Journal,,topic:stale,
UCH9Tycn86zKCwdE5L1akDZg,2,Q2829328,newspaper,El Fagr,Egypt,topic:stale,
UCHChWhwyiNrhDlfmvgJRbrA,2,Q19379311,mass media|news media|news website|newspaper|online newspaper,Liberaleren,Norway,topic+title:stale,
UCHEaP2zQralhG5gcz1CO0oA,2,Q6882879,journalist,Nedal Malouf,TR,topic+title:politics,
UCH_7_H1ihUy4FCCrllXKoqA,2,Q6989633,mass media|news media|news website,Panet,Israel,topic+title:stale,
UCHcxSAjeePSaGouQqJuzc7A,2,Q16205817,journalist|news presenter,Waseem Badami,PK,topic+title:politics,
UCHi-MrmuJdQbBE01xys2g5g,2,Q139035108,mass media|news media|news website|newspaper|online newspaper,Navarra Capital,,topic+title:stale,
UCHjf43V33j-pyE00mlX1RQg,2,Q9368254,journalist|pundit,Chen Hui-wen,TW,topic:politics,
UCHw_tF0tmJ0FbefFszlYMTw,2,Q11572639,journalist|pundit,Masayuki Tamaki,JP,topic+title:politics,
UCI5yuougwHCzRA1m1WmEZbg,2,Q55666618,newspaper,Sterling Daily Gazette,United States,topic:stale,
UCIEKSU5PtKi6UhhNmJEdQvg,2,Q55666963,newspaper,McCreary County Voice,United States,topic+title:stale,
UCIJL4w5Y30aXgyOGS5NMKiw,2,Q114267317,newspaper,Prime 9ja Online,Nigeria,topic+title:stale,
UCIKo2kNzaT9Sf0475DuLjSQ,2,Q132799473,journalist,Q132799473,FR,topic:politics,
UCIdlfcxoV-ziX-ydkVLdLYA,2,Q1395074,newspaper,Potsdamer Neuste Nachrichten,East Germany,topic+title:stale,
UCIejagr4RWHruqBlGrzumQg,2,Q98767247,journalist|news presenter,Caio Junqueira,Brazil,topic+title:politics:country_from_citizenship,
UCIks-T3xIMi7D2qiIdW8D6Q,2,Q107019769,journalist|pundit,Devi Arkadyev,US,topic+title:politics,
UCIp1KqtkG_Q9YtHbVikKXDA,2,Q56308910,YouTuber|blogger|journalist,Olha Shariy,ES,topic:politics,
UCIpXj6C68YhT8Px3DGCafYA,2,Q130219911,journalist,Paolo Benza,PE,topic+title:politics,
UCIsPpDmn1el8duzWgatbuJg,2,Q7760063,newspaper,The Register-Herald,,topic+title:stale,
UCIvthGRDv___2gL2JGiDryQ,2,Q1460648,columnist|journalist|pundit,Friedrich Küppersbusch,DE,topic+title:politics,
UCJIF-plX94eNVbqtlmu7VSQ,2,Q7746507,newspaper,The Leaf-Chronicle,,topic+title:stale,
UCJbfUGTjMn_damsj7fG_QFw,2,Q111976953,journalist,Salman Haider,PK,topic+title:politics,
UCJdDXhJtXplMmmqjk_HGUgQ,2,Q55667211,newspaper,West Boylston Banner,United States,topic+title:stale,
UCJkcPP8u6xmZ1L2cEqgM6JQ,2,Q55667590,newspaper,Savage Pacer,United States,topic+title:stale,
UCJoeuYWhLf65ui0r_MbEzOw,2,Q97231430,mass media|news media,Q97231430,South Korea,topic:stale,
UCK0cUGavsC390K_jUD4Z6Pg,2,Q109550533,mass media|media company|news agency|news media,Nournews,Iran,topic+title:stale,
UCKFeZGzopDnP__lF-deDgCw,2,Q292479,newspaper,Al-Watan,Syria,topic:stale,
UCKL_VqV2UqBnmjGy4fLQ24g,2,Q55666452,newspaper,Chicago Reporter,United States,topic+title:stale,
UCKQ1PV-FaXkrVHuwyqopUMw,2,Q9376399,journalist,Q9376399,PL,topic:politics,
UCKcqd_cqa_pDbeLh_-4qCUg,2,Q2666654,mass media|news media|newspaper,Zvyazda,Belarus,topic:stale,
UCKd6aseUeX9Q1c2ZrTmI3fw,2,Q140077207,mass media|media company|news media|news website,Tododisca,Spain,topic+title:stale,
UCKkImEi4eVyZ09iwSqP65sw,2,Q340505,journalist,Achim Winter,DE,topic+title:politics,
UCKkNwqC8rakik2nSouvkVcg,2,Q55665914,newspaper,Naugatuck Citizen's News,United States,topic:stale,
UCKlm8DGdY2UQFbnz9cIJZxw,2,Q55666082,newspaper,Williston Pioneer Sun News,United States,topic+title:stale,
UCL6SeHYiP97flo40JQXdCZA,2,Q25488935,mass media|news media|news website|newspaper|online newspaper,Maariv Online,Israel,topic:stale,
UCL9PYKYGmPnCnkXpECsfXSA,2,Q11664627,journalist,Shin'ichirō Suda,JP,topic:politics,UCC3840XpFQIuewAcIni-CnQ
UCLCCMz3exOqYc59IN0VOLlA,2,Q57768951,journalist,Andersson Boscán,EC,topic+title:politics,
UCLOvQ_4Kv-flBGFGWVnQpLQ,2,Q5127030,newspaper,Clarion Herald,United States,topic+title:stale,
UCLV7QBG3s6d0MYKTSAHbBfw,2,Q114214394,newspaper,Amar Barta,Bangladesh,topic+title:stale,
UCLXqo9C3xGN4gXeI4nKXwfg,2,Q134883563,mass media|news media|news website|newspaper|online newspaper,live24.ru,Russia,topic+title:stale,
UCLaTHvHRK31elLLs4G8hZeg,2,Q125128565,journalist|pundit,Byron Cristobal,PH,topic:politics,
UCLbw78cbCHbNSOAya7dBsnQ,2,Q165081,newspaper,Gazette van Detroit,United States,topic+title:stale,
UCLdP3jmBYe9lAZQbY6OSYjw,2,Q30602441,columnist|journalist|pundit,Benny Johnson,United States,topic+title:politics:country_from_citizenship,
UCLkOVcbrrsuljcL8ddI43VA,2,Q136465342,journalist|pundit,Cam Higby,US,topic+title:politics,
UCLlmRwfVEDVEmGQ5Ibby4iw,2,Q12401053,newspaper,Terra e Tempo,Spain,topic+title:stale,
UCLp2_cb7ECwmVBykW3kuJQw,2,Q111983429,journalist,Mike Abe,PH,topic+title:politics,
UCLqMHRtQA10qPQtG8qKCp_w,2,Q125362010,YouTuber|blogger|journalist|pundit,Q125362010,CZ,topic:politics,
UCLrGj1WLDPFQFSIVMkd-dEA,2,Q39046443,newspaper,The Sidney Herald,United States,topic+title:stale,
UCLvUPpawpHiVisnCS6XAkqA,2,Q55671306,newspaper,Rappahannock Record,United States,topic+title:stale,
UCLwu8_trzgZ1LPh02f2S-9Q,2,Q97356362,mass media|news media,OK India,India,topic+title:stale,
UCLzgGM7q2bXebJUs7cymdhg,2,Q138611419,YouTuber|blogger|political analyst,Q138611419,ES,topic:politics,
UCM-GvgUy0EAZU7ZwXKLarkg,2,Q3423047,journalist,Joaquín López-Dóriga,MX,topic+title:politics,
UCM0XopUZWDFr44S7-Yh2z0g,2,Q111452339,YouTuber|blogger|journalist,Ralindel,PL,topic+title:politics,
UCM7Ar0ctD0oiNeplCbQ5Elw,2,Q7721001,newspaper,The Call,,topic+title:stale,
UCMCs-lGz7kK4_1j7FW3xv-w,2,Q7674026,newspaper,Tacoma Weekly,United States,topic+title:stale,
UCMGFGiop5EqELKaotUgSZzg,2,Q55666667,newspaper,Woodstock Independent,United States,topic+title:stale,
UCMOlmK5ngLQDJ38bQpXTA9w,2,Q130542090,journalist,Rachel Gilmore,CA,topic+title:politics,
UCMPGMDMggATugPhiU5n9Z2Q,2,Q139921626,mass media|news media|news website|newspaper|online newspaper,Seu Crédito Digital,Brazil,topic+title:stale,
UCMQivVF-wb1g5HbjHmbF3EQ,2,Q55667868,newspaper,Laurel Outlook,United States,topic+title:stale,
UCMX66YUIYoy4dp5fAjdP-6w,2,Q55671270,newspaper,Magna Times,United States,topic+title:stale,
UCMYGL9utzZ4FeQsgWiLuS_A,2,Q105080667,newspaper,Amar Sangbad,Bangladesh,topic+title:stale,
UCMeXj9_vNdcwArLG8zNHqWw,2,Q116447478,mass media|news media|news website,ActiveNews,Romania,topic+title:stale,
UCMnKLNU25MEiOV0gvXisghg,2,Q108664678,journalist,Katie Silver,,topic+title:politics,
UCMrZqTOVd9qjjLnawRBc3Jg,2,Q111382494,journalist,Q111382494,MD,topic:politics,
UCMsSFbSwb0g0zy5FT0JDZEw,2,Q97196611,mass media|news media|news website|newspaper|online newspaper,Tjen Folket Media,,topic+title:stale,
UCN0lfcRcYiMzLzGn1SnSsXw,2,Q110150532,YouTuber|blogger|journalist|pundit,Maridhas Malaichamy,IN,topic+title:politics,
UCN7GWZpTrKgcA2puQlTsrUA,2,Q6306463,journalist,Julia Hartley-Brewer,GB,topic+title:politics,
UCNBDemP3TaWJyP_woPsP_8A,2,Q55666129,newspaper,Cross Roads News,United States,topic:stale,
UCNMxGFxth4WzJZm6pC51Wkg,2,Q7170980,newspaper,Peru Tribune,United States,topic+title:stale,
UCNQohEKYOiVJmlj8T62okxQ,2,Q61110918,journalist,Yelena Rykovtseva,NL,topic:politics,
UCNlnCrEAQHs77CA86hbjEiw,2,Q11264365,journalist,Magdi El Galad,Egypt,topic:politics:country_from_citizenship,
UCNoG05pkGhbTAsfBihG4ryw,2,Q55665579,newspaper,Random Lengths News,United States,topic+title:stale,
UCNpQ65hD90lMupb-VGlTQ2w,2,Q124758517,newspaper,Q124758517,Russia,topic:stale,
UCNxwYM2OhjJ0p9RIHQcWQzA,2,Q2474604,journalist,Banu Avar,TR,topic+title:politics,
UCO24GBV0FF0o3eI6ooNweoA,2,Q55671084,newspaper,Grundy County Herald,United States,topic+title:stale,
UCOBNx5Pdw7FZkh2oQR3i9SQ,2,Q6186586,journalist|pundit,Jesse Lee Peterson,US,topic+title:politics,
UCOBnN60A_Q6qqs09dU5UQug,2,Q54340,magazine|mass media|newspaper,People's Daily,People's Republic of China,topic+title:stale,
UCOXa7U99EXuM4DeO1IEogSg,2,Q55666742,newspaper,Plain Dealer & Sun,United States,topic+title:stale,
UCOnyot4cXF5C7OmNXL_kbeA,2,Q136695867,journalist,Q136695867,Germany,topic:politics:country_from_citizenship,
UCP-UhHsoYYwGzM1xkSEAJ5A,2,Q56405437,mass media|news media|news website|newspaper|online newspaper,Filter Nyheter,Norway,topic+title:stale,
UCP-YU7l2vhV_qMH2BagfX4w,2,Q7846805,newspaper,Miami Valley Today,United States,topic:stale,
UCP0AJJeNkFBYzegTTVbKhPg,2,Q29122018,journalist,Marco Sifuentes,PE,topic+title:politics,
UCPCGgn7gl5ciDcF856ATLIw,2,Q124873916,journalist,Q124873916,PL,topic:politics,
UCPEK4v0cPjhfHfD7e7nAhCg,2,Q12874339,journalist,Vicky Michalonakou,Greece,topic+title:politics:country_from_citizenship,
UCPYIYR0J8ppEJVtR1weLnBw,2,Q10321578,journalist,Luís Nassif,BR,topic:politics,
UCPemWOA2UiBwhTauetmz95w,2,Q4071358,journalist,Sergei Aslanyan,LT,topic:politics,
UCQ26Ylsa9mWMpO2qJypVbvQ,2,Q35282723,magazine|mass media|news magazine|news media,The ASEAN Post,,topic+title:stale,
UCQANb2YPwAtK-IQJrLaaUFw,2,Q100699801,YouTuber|blogger|journalist|podcaster|pundit,Brian Tyler Cohen,US,topic+title:politics,
UCQEmBvv767wbf1bqR1MkZaA,2,Q3406435,mass media|media company|news agency|news media,Makfax,North Macedonia,topic+title:stale,
UCQH6uCvpC0knP0pUMqcbiQg,2,Q7562241,newspaper,Sonoran News,United States,topic+title:stale,
UCQNpJNBuV9TA-0ZDW0sphjA,2,Q55668505,newspaper,El Reno Tribune,United States,topic+title:stale,
UCQYT20m5oMRpLxjrujtXgzg,2,Q62098609,journalist|pundit,Dana Varon,IL,topic+title:politics,
UCQfGDLkC6iBKj4Gl8pFLmLw,2,Q32671450,columnist|journalist|pundit,Charlotte d'Ornellas,FR,topic+title:politics,
UCQjD6swWnW9ykThwQYvM8ew,2,Q26723764,journalist,Tuomas Peltomäki,FI,topic+title:politics,
UCR1y7rbMF8HPXBvffFoxdhg,2,Q132777443,journalist,Q132777443,UA,topic:politics,
UCR9hd0dFL1DiWQjxvlJpvRQ,2,Q108524445,newspaper,Q108524445,,topic:stale,
UCRAyI6Ofz89qJa80MofaluA,2,Q6783266,blogger|journalist,Masih Alinejad,US,topic+title:politics,
UCRCGJQTR8aE1WOZ2SsZBzVg,2,Q1987331,journalist|pundit,Leonid Mlechin,KZ,topic:politics,
UCREzG6jexMhf79hbbSYCYGA,2,Q56236426,newspaper,Coastal Point,,topic+title:stale,
UCRLxKmq7GN7JKyuaXPzCY-g,2,Q55671037,newspaper,Erwin Record,United States,topic+title:stale,
UCRNzWtu-_5jtBm8UtS8ir9Q,2,Q8055066,journalist,Yoni Ben-Menachem,Israel,topic:politics:country_from_citizenship,
UCRQlt05U9j1akyOXaW4c19Q,2,Q6125550,journalist|news presenter,Sergio Novelli,US,topic+title:politics,
UCRgh3DNUeSltJCx3GOWeP6w,2,Q103982633,mass media|news media|news website|newspaper|online newspaper,Q103982633,Russia,topic:stale,
UCRofi0q5d0ogHhqmos28Ygw,2,Q7741817,magazine|mass media|newspaper,The Independent Florida Alligator,United States,topic+title:stale,
UCRu4YiaGkvtl5J_ERGeXODA,2,Q115010192,mass media|news media,EurekAlert!,United States,topic+title:stale,
UCSDvRKNqKKsuGRZNM9E5rXQ,2,Q124976778,mass media|media company|news agency|news media,Newswire,,topic+title:stale,
UCSF5vTYENGAI_nIXKh3uRNQ,2,Q498096,mass media|news media|news website|newspaper|online newspaper,Weekly World News,United States,topic:stale,
UCSJ0xDpresBzKD7zjXC4e4w,2,Q7822692,journalist|pundit,Tony Katz,US,topic+title:politics,
UCSRtRl2Msw71NnYQduHmMgw,2,Q132550538,journalist,Q132550538,TR,topic:politics,
UCSWeLS0qK1L7ciuArSEi_SA,2,Q136456778,journalist,Eduardo Quispe,Peru,topic:politics:country_from_citizenship,
UCSYCo8uRGF39qDCxF870K5Q,2,Q1518861,YouTuber|blogger|columnist|journalist|pundit,Owen Jones,GB,topic+title:politics,
UCSf7nCCqIqgk3FtdLixKIHA,2,Q55668263,newspaper,Sullivan County Democrat,United States,topic+title:stale,
UCSjqp4RsxCZ9abXScP-7cPA,2,Q55666361,newspaper,West Branch Times,United States,topic+title:stale,
UCSmIsV29zKjy2wX3zwy-q-A,2,Q4303591,journalist|news presenter,Natalia Moseichuk,GB,topic:politics,
UCSpZs-6qPJIlb1dsosYXVIg,2,Q3104792,journalist,Ghassan bin Jiddo,Lebanon,topic+title:politics:country_from_citizenship,
UCSpgSPk3045fF3ZIhwPUV9w,2,Q108551904,newspaper,Q108551904,,topic:stale,
UCSrvI8Zdo0-RV_yg4KoMwVg,2,Q7397005,newspaper,Sacramento News & Review,United States,topic:stale,
UCT-z2rCMP7P3-p_kiCt7E0g,2,Q28127435,mass media|media company|news agency|news media,Hawar News Agency,Syria,topic+title:stale,
UCTE58n0PVe6vp3TH5vaTuNw,2,Q55668486,newspaper,Vandalia Drummer News,United States,topic+title:stale,
UCTFygGgLg2OPIVsBZ7xeCjg,2,Q1965178,journalist|pundit,Vitaly Portnikov,UA,topic:politics,UCV0ZrOPCKzqx36rRiPHkwFg
UCTGU7syS4L-0yltR9zPy_tw,2,Q137942647,journalist,Georgia Fort,US,topic+title:politics,
UCTH4V_N8eXSJ2h_nMXSyw8w,2,Q134803135,mass media|news media|news website|newspaper|online newspaper,Just News BD,Bangladesh,topic+title:stale,
UCTHUf5fqbiyGiYzkB0iMVRA,2,Q107622710,mass media|news media|news website,Știrile Transilvaniei,Romania,topic+title:stale,
UCTQQb3F6qDKXObGAE27HtVw,2,Q46534090,YouTuber|blogger|journalist,Vincent Lapierre (PhD),FR,topic+title:politics,
UCTaRFxHY6i37MRQnXQ0LaOg,2,Q126137257,journalist,Norbey Marín,US,topic:politics,
UCTcQPN2ZmLZZZNbyIJGptwQ,2,Q584860,blogger|journalist|pundit,Antje Schrupp,DE,topic+title:politics,
UCTgELPso5j2O-4fI-pl9rkA,2,Q7978280,newspaper,Weatherford Democrat,United States,topic+title:stale,
UCTjfC7qUZXHXGS08V8bNPcg,2,Q135495399,blogger|journalist,Valer Ruselik,PL,topic:politics,
UCTlTfHhcn44XdLn_arCsaig,2,Q131676024,YouTuber|blogger|journalist,Dmytro Karpenko,PL,topic+title:politics,
UCTql2SxnOP31plt3tf6XfAg,2,Q7338160,newspaper,Riverdale Press,United States,topic+title:stale,
UCTu_hTaVf3DJMpMIyOAq2Ew,2,Q124448493,YouTuber|blogger|journalist|pundit,Wenzhao,CA,topic:politics,UCtAIPjABiQD3qjlEl1T5VpA
UCUB99kLbXOE1cj1dHp3Ktgg,2,Q3815807,journalist,Klaus Davi,Switzerland,topic:politics:country_from_citizenship,
UCUF5A7gqqFU1jznnTQINoEA,2,Q6511083,newspaper,Lebanon Express,United States,topic+title:stale,
UCU__vXBcU2SQP30DveqjClQ,2,Q125163899,mass media|news media|news website|newspaper|online newspaper,Groza,Russia,topic:stale,
UCUaaFTv5-S5CoQKvECMKDow,2,Q16525411,mass media|media company|news agency|news media,Agence Bénin Presse,Benin,topic+title:stale,
UCUbGkZ1ZPtMftbVLyIE_73A,2,Q7419228,newspaper,Santa Barbara Independent,United States,topic+title:stale,
UCUiB4OL7W9TpRD62a0PGiow,2,Q131676024,YouTuber|blogger|journalist,Dmytro Karpenko,PL,topic:politics,UCTlTfHhcn44XdLn_arCsaig
UCUj7z3B90RqN5g8ctpLeDkw,2,Q9252851,journalist,Eliza Michalik,PL,topic+title:politics,
UCUk0AvSMU5CJ0wUqJf9TX8g,2,Q62977947,columnist|journalist|podcaster|pundit,Q62977947,US,topic:politics,
UCUkDXv9tkPOsYeTN5teW0yQ,2,Q19599391,magazine|mass media|news media|news website,Capitol Fax,,topic:stale,
UCUndA_nUiEeDVtEyxPhnkXw,2,Q19917118,journalist,Andrey Uglanov,RU,topic:politics,
UCUv2wY_qVMFZ2Pbf70q_cIQ,2,Q8272691,journalist,Eric Cheng,TW,topic:politics,
UCUvBZkw6jAnNxr6XdCJ25Rg,2,Q55667805,newspaper,Greene County Herald,United States,topic+title:stale,
UCV0ZrOPCKzqx36rRiPHkwFg,2,Q1965178,journalist|pundit,Vitaly Portnikov,UA,topic:politics,
UCVTvRL0P_eaIUFm2MoK13IQ,2,Q55666248,newspaper,Calmar Courier,United States,topic+title:stale,
UCVUAxjHd7gqFGesvQj_nU7w,2,Q55668185,newspaper,Albuquerque Business First,United States,topic+title:stale,
UCVhPhL6H5lQvEV75dQrcpLA,2,Q104612787,magazine|mass media|news magazine|news media,Davao Today,,topic+title:stale,
UCViasomnNUrk7LKJ8yJJgPg,2,Q11430175,newspaper,Yukan Fuji,,topic:stale:alt,UC8ouM9KEOtuYbROTey3gC8Q
UCVj8_Kis_xRnR6rpu7Ai5lw,2,Q3378849,newspaper,Philadelphia Daily News,United States,topic:stale,
UCVsPa33ZsRPPqXPxpiK54vw,2,Q727162,mass media|news media|news website,Asia Times Online,People's Republic of China,topic+title:stale,
UCW1SYMq3AlC7VlBiuApCkww,2,Q134519787,journalist,Tom Edgington,United Kingdom,topic+title:politics:country_from_citizenship,
UCW6OwVcvhO_tMMIrs0XsI6Q,2,Q55666138,newspaper,Eatonton Messenger,United States,topic+title:stale,
UCWIf0YXnZ2BZu6waWbJqCpg,2,Q16939014,newspaper,The Chetek Alert,United States,topic+title:stale,
UCWIkgZzXznmBgU9uQsvjZAQ,2,Q94535544,journalist,Francesco Costa,IT,topic+title:politics,
UCWKYutjAFGj0Ouy2jXygU0g,2,Q108418322,newspaper,Q108418322,Russia,topic:stale,
UCWNdZ0x8ffkp3n2ZCXuyxzw,2,Q6066564,journalist,Patricia Poleo,US,topic:politics,
UCWi8R5Z0ZVe7H_8gBH43NLQ,2,Q55668223,newspaper,Guardian Liberty Voice,United States,topic+title:stale,
UCWmUjV7JbJaVp_dR8H8Ny9A,2,Q108323589,mass media|news media|news website|newspaper|online newspaper,Bayou Brief,United States,topic+title:stale,
UCWrtJOAJPTQnorbPUm4fN1g,2,Q56236949,newspaper,Kingstree News,,topic:stale,
UCXA6RQ5Je4HiagqAPpuX1sw,2,Q137537020,journalist,Odair Del Pozzo,BR,topic+title:politics,
UCXBuWm9Zm4owU9zFG6nlLgw,2,Q55665516,newspaper,Elk Grove Citizen,United States,topic+title:stale,
UCXCG3leC3eHChlU2OPWMk_A,2,Q19882218,blogger|journalist,Punya Prasun Bajpai,IN,topic+title:politics,
UCXLmOniW89eedVfulh-Vg1w,2,Q136323625,journalist|pundit,Kevin Jiménez,CR,topic+title:politics,
UCXOcfr7i27c_beJ-WH8rrfw,2,Q130504058,mass media|media company|news agency|news media|news website|newspaper|online newspaper,7info,Russia,topic+title:stale,
UCXT42PhT-Rrarnvj64OM2Eg,2,Q134453138,YouTuber|blogger|journalist,Liliana Wiadrowska,PL,topic+title:politics,
UCXZ-hCegZKv1ZK3fOjjvlvA,2,Q130545071,mass media|media company|news agency|news media|news website|newspaper|online newspaper,SarBC,Russia,topic:stale,
UCXc--oAVPSkHprgP6ho7dvQ,2,Q84483151,mass media|news media|news website|newspaper|online newspaper,Istorychna Pravda,Ukraine,topic:stale,
UCXfHJ1PBWE8km6xWc-XxSiw,2,Q55668611,newspaper,People-Sentinel,United States,topic+title:stale,
UCXgRU9vrJmmNNLDyTbdkjSg,2,Q6057679,journalist,Bahar Feyzan,TR,topic+title:politics,
UCXnZrZ8eDe5t1fSPhQshetQ,2,Q55671184,newspaper,Kaufman Herald,United States,topic+title:stale,
UCXoggLDS4IKw6NuJ-CB_K9w,2,Q118139642,mass media|news media|news website|newspaper|online newspaper,DUIC,Netherlands,topic+title:stale,
UCXsKcgijudPUE7ETATel9eA,2,Q113045595,journalist,David Hundeyin,Nigeria,topic+title:politics:country_from_citizenship,
UCXxcgSA8JjXfT47lRvwfFqQ,2,Q18832876,mass media|news media|news website|newspaper|online newspaper,GORDON,Ukraine,topic:stale,
UCYAIiV0G2ups3CyiFcPeBlg,2,Q6776931,journalist,Aasma Sherazi,PK,topic:politics,
UCYFv1muicHgTGfNjjqcazMQ,2,Q3988797,newspaper,The Post Internazionale,,topic:stale,
UCYSbixMac85Y4vKyJAbV8JA,2,Q56236801,newspaper,Times-Record,,topic+title:stale,
UCYT-ywSiWtPK_lf-dM-Kp9A,2,Q130527159,YouTuber|blogger|journalist,Şule Aydın,TR,topic+title:politics,
UCYeHzWF_UKQlghuHuUmpzvg,2,Q1268776,journalist,Dylan Ratigan,United States,topic+title:politics:country_from_citizenship,
UCYfZx6fFFuM76ErcZJUoJlw,2,Q141438959,journalist,Q141438959,RO,topic:politics,
UCYlw4yvPv2VLb8ZHVCA4jZA,2,Q7990718,newspaper,Wharton Journal-Spectator,,topic+title:stale,
UCYo2MjFS5C7Wynyty9wTM7g,2,Q15837468,journalist,Oliver Flesch,ES,topic+title:politics,
UCYqLbZByHLd4TDHwZbq_8zA,2,Q3699319,journalist,Olena Bilozerska,UA,topic+title:politics,
UCZ-cIrhnX67aBGrUbQf7Agw,2,Q6075784,YouTuber|blogger|journalist,Pilar Eyre,ES,topic+title:politics,
UCZ8CINRgoGlbZZrSh30k2TA,2,Q5566795,newspaper,Glasgow Daily Times,United States,topic+title:stale,
UCZHpIFMfoJJ_1QxNGLJTzyA,2,Q28498709,YouTuber|blogger|journalist,Mirko Drotschmann,DE,topic:politics,
UCZdyijiiXyMyrwTYMGOVxKA,2,Q4063354,journalist,Yevgenia Albats,US,topic+title:politics,
UCZexFUX3mn8tajGIG_wKPgg,2,Q105605651,journalist,Julien Pain,FR,topic+title:politics,
UCZoO-4N77yu-55oQe8ZFQwA,2,Q138602741,blogger|journalist|podcaster,Q138602741,Germany,topic:politics:country_from_citizenship,
UCZslGytOwaEEZPkiE4X47FA,2,Q19317043,mass media|media company|news agency|news media,Orient News,Turkey,topic+title:stale,
UC_5EFZJWoUbr4Fx7hQvnc9A,2,Q7016729,newspaper,Newark Post,United States,topic+title:stale,
UC_FBZdg3s6UhRHUjjqWpKeg,2,Q55671376,newspaper,Goldendale Sentinel,United States,topic+title:stale,
UC_FgUqHwKa0JXzwxgwshjUA,2,Q55666185,newspaper,Powder Springs Messenger,United States,topic+title:stale,
UC_JVIU8eYIAIIsDzh3z4Hag,2,Q133153127,blogger|journalist,Dirceu Bezerra de Oliveira,BR,topic:politics,
UC_JufAUN-ThCPyiCqLdlKaA,2,Q141438959,journalist,Q141438959,RO,topic:politics,UCYfZx6fFFuM76ErcZJUoJlw
UC_WSavcwZVE3ciFM8yCwkBw,2,Q812061,newspaper,Bay Area Reporter,United States,topic+title:stale,
UC_a_wfNVesdQau6gDedpWlA,2,Q137945594,journalist,Denis Kataev,FR,topic+title:politics,
UC_d6SjLdNpL1KGEHP_fW7xg,2,Q55665378,newspaper,Clay County Times Democrat,United States,topic:stale,
UC_q7mhQsD-XDYTNwXHBHFkQ,2,Q55623263|Q55666108|Q55666210,newspaper,Gateway-Beacon,United States,topic:stale,
UC_qMhRrAmfXeVihg8WgWxzQ,2,Q28704752,newspaper,Q28704752,Ukraine,topic:stale,
UC_vu4MyvR3bsVpCSVzicwQw,2,Q56236545,newspaper,Business Weekly,,topic+title:stale,
UCa81SE6SxNsANTHs8wyztvg,2,Q128803533,columnist|journalist|pundit,Patricio Lons,AR,topic+title:politics,
UCaLn4FMU_Fp-LBcdbYgYWow,2,Q104602890,journalist,Michael Tracey,,topic+title:politics,
UCaMFn9-s35e_Ul0Tsbsxm0A,2,Q55666645,newspaper,Iroquois County Time-Republic,United States,topic+title:stale,
UCaTcgqhFqYzhrLQzaibPyeA,2,Q11718712,journalist,Jan Piński,PL,topic+title:politics,
UCaUOrICNXvNRzDopbpYvHdA,2,Q4399354,journalist|pundit,Serhii Rudenko,UA,topic:politics,
UCaYw_yJ_YLPEv6zR2c7hgHA,2,Q105161497,journalist,Brandon Tatum,US,topic+title:politics,
UCahb5cvWQpZoa8LqQX6dS_A,2,Q130331341,mass media|news media|news website|newspaper|online newspaper,Q130331341,Russia,topic:stale,
UCaiXNQemIhhfpVvyrw_S_kA,2,Q7712999,newspaper,The Albany Herald,United States,topic+title:stale,
UCaj1X_jN9oUxJlDQauWWXOw,2,Q112222824,mass media|news media|news website|newspaper|online newspaper,Ри́довка,,topic:stale,
UCajuXvBHXByqH6lvKDAWaag,2,Q55665622,newspaper,Westside Connect,United States,topic:stale,
UCak1MrddbKx1Hp34-9nVDuw,2,Q3520162,newspaper,The Burlington Free Press,United States,topic+title:stale,
UCapPWG_ppEuYvelriReTcOA,2,Q125749930,YouTuber|blogger|columnist|journalist|pundit,Deng Haiyan,US,topic:politics,
UCarvAmWuPsZB5dMco0IpZ3A,2,Q4142154,newspaper,Holos Ukrayiny,Ukraine,topic:stale,
UCaxylD_2weUMc95cJIWK9Nw,2,Q1043104,newspaper,Charlie Hebdo,France,topic+title:stale,
UCbTMeHc82kdBcXLzkzJValQ,2,Q6084527,journalist,Coşkun Aral,TR,topic+title:politics,
UCbUlqmrxUVeSkEnO2SWfcAQ,2,Q55666696,newspaper,Paper of Montgomery Co.,United States,topic+title:stale,
UCbYVq4IZLSQb-SW_5NI1p0g,2,Q57747258,columnist|journalist|podcaster|pundit,Ed Zitron,US,topic+title:politics,
UCbZmfWgM9-9-1g17Gjq7lfg,2,Q122864395,mass media|news media|news website|newspaper|online newspaper,The Caspian Post,,topic+title:stale,
UCbbPaYFFigyv2rEP6BMa3SA,2,Q139245496,journalist,Maxwell Reyes,DO,topic+title:politics,
UCbdIdYEhSB8gHDXTjhsM5Bg,2,Q6665763,newspaper,Lockport Union-Sun & Journal,United States,topic+title:stale,
UCbgVYksmEH80Yt2hyf3RxcQ,2,Q138702163,mass media|news media|news website,Q138702163,,topic:stale,
UCbhdGvGG9qlZQ0m773ZuzZw,2,Q4254311,journalist,Lato Lapsa,Latvia,topic+title:politics:country_from_citizenship,
UCbjTWVaRx6jMN5ZYgbqe2_w,2,Q113153630,journalist,Patrick Lancaster,US,topic+title:politics,
UCbm-s6TPy8aXSZchTVB--fA,2,Q48884424,journalist,Willian Corrêa,BR,topic+title:politics,
UCbx10Vb3MbDNTwF-Kg9Xsvg,2,Q47506617,journalist|pundit,Balázs Gulyás,HU,topic:politics,
UCc3UMTM-fXkJP8qKT9eQuog,2,Q108512991,newspaper,Q108512991,,topic:stale,
UCcG58PiEQJUrSj1jRaJA_Yw,2,Q17462588,journalist|news presenter|pundit,Marta Solano Heredia,ES,topic+title:politics,
UCcU1wGe9HhRyt45xDnzkQvA,2,Q14954815,journalist,Andrew Kaczynski,United States,topic+title:politics:country_from_citizenship,
UCcUQafLxJr0SdxqYdN6JFGQ,2,Q133510781,journalist|pundit,Kat Abughazaleh,,topic+title:politics,
UCcXFB5k10q3dWf488D0JiBw,2,Q10356884,journalist|news presenter,Rachel Sheherazade,BR,topic+title:politics,
UCcYf3iLNDYcKOFUvvR22Yng,2,Q55665871,newspaper,Huerfano World Journal,United States,topic+title:stale,
UCcej6v_ELa7BgpC9SnTBM-w,2,Q130533785,mass media|media company|news agency|news media|news website|newspaper|online newspaper,62INFO,Russia,topic:stale,
UCcoq0hKz4qNBnrCYhKO_VNQ,2,Q55668318,newspaper,Lake Placid News,United States,topic+title:stale,
UCdArpP3wQ4f61rv1ct4vJtQ,2,Q127101587,newspaper,Al-Modon,Lebanon,topic:stale,
UCdN02wA3rwz_0b352DqA3Lg,2,Q4047344,mass media|media company|news agency|news media,PrimaMedia,Russia,topic+title:stale,
UCdS7OE5qbJQc7AG4SwlTzKg,2,Q3675385,journalist,Fatih Altaylı,TR,topic+title:politics,
UCdZIuNF-V95j3MyZi9YdghA,2,Q55667684,newspaper,Regional Business Journal,United States,topic+title:stale,
UCdkVwZnw0YLVeuQ-J8uaaFQ,2,Q55665771,newspaper,Weekly Surveyor,United States,topic+title:stale,
UCdkoob1vjdQQp-yMGOv-9bw,2,Q98034432,mass media|media company|news agency|news media,News.Ro,Romania,topic+title:stale,
UCdqb6HmqhH7cRtNPIeFCaWw,2,Q6810244,journalist,Meir Javedanfar,IL,topic+title:politics,
UCdrDt2R3S9r6mF-PE6Zb2Xw,2,Q11430175,newspaper,Yukan Fuji,,topic:stale:alt,UC8ouM9KEOtuYbROTey3gC8Q
UCds9nPtBm5yYFjUMH1JVRzA,2,Q4397735,mass media|media company|news agency|news media|news website|newspaper|online newspaper,Rosbalt,Russia,topic:stale,
UCduO1UK-bGVDxYtlcngMHQA,2,Q55665412,newspaper,Copper Area News,United States,topic+title:stale,
UCduXjoxP0UtYmb8XvlN553w,2,Q104903561,journalist,Philip Crowther,Luxembourg,topic+title:politics:country_from_citizenship,
UCdv-93hG1SCKjoHihlX_77Q,2,Q140309981,journalist|pundit,Jessica Burbank,United States,topic+title:politics:country_from_citizenship,
UCdvAgBEiwA2ARTfHOCJC88Q,2,Q128839433,journalist,Tetsuhide Yamaoka,JP,topic:politics,
UCdzRHc67pol9YbyQ56grtKg,2,Q55671201,newspaper,Lewisville Leader,United States,topic+title:stale,
UCe0FdZOtieRnfPY7Lkka82A,2,Q85790826,mass media|news media|news website,OpIndia,India,topic+title:stale,
UCe8kU8UZCoKrGFPRzc4LlPw,2,Q20015548,mass media|news media|news website|newspaper|online newspaper,Iton Gadol,Argentina,topic+title:stale,
UCe8tis_ntIEdDbdwT_3A0GQ,2,Q7419556,newspaper,Santa Fe Reporter,United States,topic+title:stale,
UCeHtK0Wo-zIwB8yv9_rjDcA,2,Q56236839,newspaper,Observer,,topic+title:stale,
UCeKC75OTO27dMO9H02SK9DQ,2,Q55666353|Q55666355,newspaper,Tama News-Herald,United States,topic+title:stale,
UCeQwO51E6JyGIKL0_vtM7AQ,2,Q1062623,newspaper,Moskovskij Komsomolets,Russia,topic:stale,
UCeUpbiy_N17j1aKYpmFpQRg,2,Q108003829,blogger|journalist|pundit,Idan Eretz,IL,topic:politics,
UCeXbzTFpAtCB0NLpAshLEUg,2,Q106775674,mass media|news media|news website|newspaper|online newspaper,Samoyiki,Norway,topic:stale,
UCefq5M5i3UbsnYIO1vKLvpQ,2,Q138818903,mass media|news media|news website,Q138818903,Turkey,topic:stale,
UCehc-A7iZBX_twCjZW4VCwQ,2,Q135087587,mass media|media company|news media|news website|newspaper|online newspaper,JFEED,Israel,topic+title:stale,
UCetDMb6Z78JGGhNl-uQ1C1w,2,Q96483996,newspaper,KOŠICE:DNES,Slovakia,topic+title:stale,
UCew_WONZCxLqNdTpZ6gXUeA,2,Q106675245,journalist,Inna Afinogenova,Russia,topic+title:politics:alt:country_from_citizenship,UCopVhz5SlujUpiDiYzWtbpw
UCf2kc8zQlwy0upMQhsy-NbQ,2,Q7404799,newspaper,Salisbury Post,United States,topic+title:stale,
UCf3Ns5rI0nV4EnO-KNxxtLA,2,Q124488513,blogger|journalist,Neverforgetniki,Germany,topic+title:politics:country_from_citizenship,
UCf7_kzL8JDIRT_QifLFuTRw,2,Q55668315,newspaper,Ithaca Times,United States,topic+title:stale,
UCfMr2-axfYPn93mNoxLZZmQ,2,Q5114015,newspaper,Chronicle-Tribune,,topic+title:stale,
UCfOosCk1b7hdFDLCHmXu-bg,2,Q20103536,newspaper,Q20103536,Spain,topic:stale,
UCfPZmJOVI4Fm7KlGsbqxhUA,2,Q137711661,journalist,Ammar Metawa,QA,topic+title:politics,
UCfaYGzSJ4_glZHA91kE1F6g,2,Q13202864,newspaper,Bezneñ gäcit,Russia,topic:stale,
UCfqU-kKXq868D6d4fy8fhkA,2,Q658909,mass media|news media|news website|newspaper|online newspaper,lenta.ru,Russia,topic+title:stale,
UCfsKC9fDhN78_pYX-Giy-cg,2,Q5351705,newspaper,El Nuevo País,Venezuela,topic+title:stale,
UCg7T647ROSeONOCHeNMBduQ,2,Q16166626,journalist,Yurii Butusov,UA,topic:politics,
UCgDA-Or474NOdFEF8WF2yCA,2,Q56613139,columnist|journalist|pundit,Jamelle Bouie,US,topic+title:politics,
UCgOG5mHQ00IQIM1XCp5duuw,2,Q2215101,mass media|news media|news website|public broadcaster|radio station|television station,RTV Rijnmond,Netherlands,topic+title:stale,
UCgS9NfzEeMM4u1t-oyAbevg,2,Q12096008,mass media|media company|news agency|news media|news website|newspaper|online newspaper,Glavred,Ukraine,topic:stale:alt,UCBa_1UH2iRZGY9iv-wyFgOg
UCgSgN8T-0kEMsQ7825dNN4w,2,Q55667540,newspaper,Kanabec Times,United States,topic+title:stale,
UCgVm2u8zzFWG-yedFMvesHQ,2,Q112885123,journalist,Jim Lakely,United States,topic+title:politics:country_from_citizenship,
UCgalrbZcR_fI6DHgrTTSPBw,2,Q55666897,newspaper,Cadiz Record,United States,topic+title:stale,
UCgeY9wZXOV92cjzlG6gVNSA,2,Q8023119,journalist,Wilson Lee Flores,PH,topic+title:politics,
UCgfG4SFr_J749zMhMpZWqFQ,2,Q55668377,newspaper,Long Island Advance,United States,topic+title:stale,
UCgg0dZfaLEQhzPLMqIXqY6Q,2,Q9209878,journalist,Dominika Wielowieyska,PL,topic+title:politics,
UCgxyC06OYY57UaGdN90TUsg,2,Q55667755,newspaper,Lincoln County Journal,United States,topic+title:stale,
UCh66SMap82G4fijE4c_V9hw,2,Q4249938,journalist|pundit,Stanislav Kucher,US,topic+title:politics,
UChCA5E4a9EY_E6CP2Ye7NfA,2,Q4892007,newspaper,Berkeley Daily Planet,United States,topic+title:stale,
UChDlqkNt1SsCh8Fo-149O_A,2,Q54958859,newspaper,San Diego Daily Transcript,United States,topic+title:stale,
UChF1rGTPEdVoYqZaAja29fA,2,Q55671361,newspaper,Bellevue Business Journal,United States,topic+title:stale,
UChLEhd2gouo1H-c9Zy9WGDA,2,Q699499,mass media|news media|news website|newspaper|online newspaper,Apple Daily,Taiwan,topic:stale,
UChQh8kVgrOYaCo6fxLdYepQ,2,Q125455614,journalist,Nashaat Eldeehy,EG,topic+title:politics,
UChTUjTgpEv-e88UDAaUIsPA,2,Q107320426,journalist|podcaster,Matt Binder,US,topic+title:politics,
UCh_xr3dy_wYTs6lBtuYnU8w,2,Q56236546,newspaper,Times,,topic:stale,
UChbdxjWbjd-zxpcropip7zg,2,Q21931650,newspaper,Q21931650,Switzerland,topic:stale,
UChdR1IqSN7JyV1VfpJEBd5Q,2,Q114009219,mass media|news media|news website|newspaper|online newspaper,Q114009219,,topic:stale,
UChdtVbbjXgQC6rlIwghtyCQ,2,Q1305972,mass media|public broadcaster|radio station|television station,Ràdio i Televisió d'Andorra,Andorra,topic+title:stale,
UChnrfyWxsFKyKE0qIBkT1UQ,2,Q108537115,newspaper,Q108537115,,topic:stale,
UCi1LpscW8sCncGL5oULFAbg,2,Q115687609,journalist,Sébastien Gobert,UA,topic+title:politics,
UCi6slE7yfC8lbfNjnnG6Ocw,2,Q111383038,mass media|news media|news website,Live Universal Awareness Map,,topic+title:stale,
UCiAPHXQ0ugSudm5qKNWZqoA,2,Q12084063,journalist,Yulia Borysko,Ukraine,topic:politics:country_from_citizenship,
UCiOw9_Q14z5p2Pccpk7_nEw,2,Q130752157,journalist,Zeo Chai,TW,topic:politics,
UCiS5nXLH6BguN9RFMsiv8HQ,2,Q55668063,newspaper,Claremont Eagle Times,United States,topic+title:stale,
UCiWioLmMzugUXmgHFM0bxTw,2,Q55503883,mass media|news media|news website,Infosperber,Switzerland,topic+title:stale,
UCiXZPGgWm38qQ-75F3mg0HA,2,Q138575575,columnist|journalist|pundit,Eren Aka,TR,topic+title:politics,
UCiel0FdALxeIPW5Zaer0Brg,2,Q109828937,YouTuber|blogger|journalist,Jiří Burýšek,CZ,topic:politics,
UCigfTZh05LMD4ArCx1NJKTA,2,Q21037378,journalist,Ciro Pellegrino,IT,topic+title:politics,
UCirvse6voaRT31voOjIlPoA,2,Q109488643,journalist,Lukpan Akhmedyarov,KZ,topic:politics,
UCitie-To0pWGe5Qyk9SjWRA,2,Q16336339,journalist,Alexandre Garcia,BR,topic+title:politics,
UCittVh8imKanO_5KohzDbpg,2,Q28911590,YouTuber|blogger|journalist,Paul Joseph Watson,United Kingdom,topic+title:politics:country_from_citizenship,
UCiyHr7yPmiAHhVHgv8XweKA,2,Q124367962,journalist,Yago Álvarez Barba,ES,topic+title:politics,
UCj8qqBxNCTWskiU-L8h98Hg,2,Q55666948,newspaper,Salyersville Independent,United States,topic+title:stale,
UCj9xk1mDKFIrCFOVylGmUVg,2,Q124181586,magazine|mass media|newspaper,Liberty Champion,United States,topic+title:stale,
UCjFCjsGMmgMVJ98Uu_up7Vw,2,Q6275965,journalist,Joo Seong-Ha,KR,topic:politics,
UCjIpNZ07xsgOq0RHkfr9vbw,2,Q55623268,newspaper,Times-Courier,United States,topic+title:stale,
UCjJcyBIPBvK3Em7MvbODZjw,2,Q30524796,YouTuber|blogger|journalist,Isoko Mochizuki,JP,topic:politics,
UCjOblxXixirqppqwABCHyoA,2,Q27244444,journalist,James Longman,United Kingdom,topic+title:politics:country_from_citizenship,
UCjTbFNvG4smEkMsr35GuR_w,2,Q55665360,newspaper,Magnolia Reporter,United States,topic+title:stale,
UCj_Af9chEimnS0-_OwFcS7A,2,Q56405437,mass media|news media|news website|newspaper|online newspaper,Filter Nyheter,Norway,topic+title:stale:alt,UCP-UhHsoYYwGzM1xkSEAJ5A
UCjfBz1IH7TTGwDxXuqDep9A,2,Q7741916,mass media|media company|news agency|news media|newspaper,The Indypendent,United States,topic+title:stale,
UCjfPQ8Zo9NhrBa0tinsSUrQ,2,Q90879923,blogger|journalist,Charles Villa,FR,topic+title:politics,
UCjgUGvdeDNV1RZuQ1HA8FLw,2,Q55671038,newspaper,Elk Valley Times,United States,topic+title:stale,
UCji4BZER4vF-9uq1-ZuwXMQ,2,Q55666158,newspaper,Clayton News Daily,United States,topic+title:stale,
UCjo1uN-aM3rmBV46xj7l2KA,2,Q579324,journalist,John Stossel,US,topic+title:politics,
UCk9F6pe9Z2IPxm1VO9lS6NA,2,Q115770798|Q116442699,journalist|mass media,Alexandra Ageeva,LV,topic:politics,
UCk9GaGbLmQymkskEa7iwgPw,2,Q4370035,mass media|news media|news website|newspaper|online newspaper,Polit.ru,Russia,topic+title:stale,
UCkFhakH_OfLcd9HACEHs8Zw,2,Q55667757,newspaper,Vandalia Leader,United States,topic+title:stale,
UCkFzUiPJ0z2YF4QIAhpkccg,2,Q141133985,mass media|news media|news website|newspaper|online newspaper,Expert,Ukraine,topic:stale,
UCkOCJQOZYD6erccEYQItDrA,2,Q54958774,newspaper,Willits News,United States,topic:stale,
UCkVb63bTxhN77OFjnncUHGQ,2,Q6395343,newspaper,Ketchikan Daily News,United States,topic+title:stale,
UCkaTxrR5X_-t9FtX7X-EPtQ,2,Q7145656,journalist,Patricia Janiot,US,topic+title:politics,
UCkgvlTsJ4a0HhjsCVTIMfrQ,2,Q4672819,mass media|newspaper,Accra Daily Mail,Ghana,topic+title:stale,
UCkwA8LWhkhwIn1cHC7JnhjQ,2,Q5214616,journalist,Dan Wootton,GB,topic+title:politics,
UCl-lMcDCHu0-uo0MYpnkgIA,2,Q138857838,mass media|news media|news website|newspaper|online newspaper,Polski Obserwator Niemcy,Germany,topic+title:stale,
UCl0uh2JC9AMIHljMgjSJUGg,2,Q4704716,newspaper,Al Riyadh,Saudi Arabia,topic:stale,
UCl8X9FkSDBZ6qMk_drTCtKw,2,Q55666947,newspaper,Journal Enterprise,United States,topic+title:stale,
UCl9ECrTn0KjBnANt8f9DPsQ,2,Q35086816,journalist,Yair Netanyahu,IL,topic+title:politics,
UClLU7R9-phS8CXAe5f4vmrQ,2,Q5930342,journalist,Jesús Martín Mendoza Arriola,MX,topic+title:politics,
UClMPvTStrcn829w34OWNEPw,2,Q1081134,mass media|news media|news website,ReadWrite,,topic+title:stale,
UClQ5uf3vMejw6-BalB-xeOg,2,Q6697184,journalist|pundit,Lucifer Chu,TW,topic:politics,
UClURnTgQiQpldGhtD4Fc7JQ,2,Q131850376,journalist,Elias Hossain,US,topic+title:politics,
UClW4G-8gVQDD5nYMwQXCROQ,2,Q7494471,newspaper,Shepherd Express,,topic+title:stale,
UCla6APLHX6W3FeNLc8PYuvg,2,Q24078962,YouTuber|blogger|journalist|pundit,Lauren Southern,CA,topic+title:politics,
UClc6ozVhg3gJW8mJx0DnOAQ,2,Q123328946,journalist|pundit,Guyanmuchan,HK,topic:politics,
UClfaG9rSUowrO4vEoSxZKxw,2,Q55668347,newspaper,New Hyde Park Herald Courier,United States,topic:stale,
UCljE1ODdSF7LS9xx9eWq0GQ,2,Q15429243,YouTuber|blogger|journalist,Peter Hadfield,AU,topic:politics,
UClk-SqKIXJ9kdcvavhF0P5w,2,Q56030688,newspaper,Daily Times,United States,topic:stale,
UClxZtt7AejN1HxbiPv_BquQ,2,Q52159931,journalist,Napoleón Bravo,US,topic+title:politics,
UCm1Lk7xbtqPwHeZH2AvxK7A,2,Q16329104,journalist,Mara Zaharea,GR,topic:politics,
UCm9Od-96C2NOX6XPY_lM3RA,2,Q51166764,journalist,Satoru Nakamura,JP,topic:politics,
UCmOyhvXgh-RXuiTxRpKCPeg,2,Q1324688,mass media|news media|news website|newspaper|online newspaper,El Universal,,topic:stale,
UCmV-bbmjWF4XzublsXRjxiQ,2,Q17160632,YouTuber|blogger|journalist,Nana Takamatsu,JP,topic:politics,
UCmcU6R5uDaXrGhxzmBCmeZA,2,Q130388090,mass media|news media|news website|newspaper,CultureNow.gr,Greece,topic+title:stale,
UCmexrrzfwkQ9s6IuuvmiDvg,2,Q1132126,newspaper,Yedioth Ahronoth,Israel,topic:stale,
UCmjR6opxXtxOmOq9iepXEQQ,2,Q21640113,newspaper,Karelskaya Gubernia,Russia,topic:stale,
UCmmfVSRVwMSfHdRf6v3lPxQ,2,Q64929797,journalist,Andy Ngo,US,topic+title:politics,
UCmqc7rE4XN9YpPV5YDdRhUg,2,Q8938175,journalist|pundit,Cao Changqing,US,topic:politics,
UCmt9BtDz7nSiau3iLWgIGBQ,2,Q4243312,YouTuber|blogger|journalist,Kseniya Larina,PT,topic:politics,
UCmubOD8Nem4wYO7lqF1e0kw,2,Q132777384,YouTuber|blogger|journalist,Olena Kurbanova,IT,topic:politics,
UCn0gJLjtUsyNV97DTDvL9Tw,2,Q55667358,newspaper,MiBiz,United States,topic+title:stale,
UCn8gcFusvr0xwPv6DwIIFMw,2,Q4794015,journalist,Armstrong Williams,US,topic+title:politics,
UCnAmkiIpUXkVOY1A1r-zE6w,2,Q20070029,journalist,Aleksandr Sotnik,SK,topic+title:politics,
UCnBOzqJbYWAvuWYsy3HIhhg,2,Q106828427,mass media|media company|news agency|news media,Roma Press Center,Hungary,topic+title:stale,
UCnL-Z_1qsRp6iCKw9eIIs0g,2,Q7077700,newspaper,Odessa American,United States,topic:stale,
UCnNKgenNv634bgH9WTojQwA,2,Q6259258,mass media|news media|news website|newspaper|online newspaper,Bhol,Israel,topic+title:stale,
UCnObndfdVhZMCYEfOxdUnxA,2,Q7741793,mass media|news media|news website|newspaper,The Independent,United States,topic:stale,
UCnOwKuWgYeUOtbriYrEqLtQ,2,Q1062623,newspaper,Moskovskij Komsomolets,Russia,topic:stale:alt,UCeQwO51E6JyGIKL0_vtM7AQ
UCnQC_G5Xsjhp9fEJKuIcrSw,2,Q4886439,journalist|podcaster|pundit,Ben Shapiro,US,topic+title:politics,
UCnUc4pBjv-4c86UVoo3CEdA,2,Q3562505,newspaper,Voix du Jura,,topic+title:stale,
UCnUrMqV57fp3uPddvmDpTaA,2,Q107630118,YouTuber|blogger|journalist|pundit,Szymon Pękala,PL,topic+title:politics,
UCnbuCp4py12SNWCc5TI1RHA,2,Q85992674,YouTuber|blogger|journalist,Denys Kazanskyi,UA,topic+title:politics,
UCncDlrpG9HFqBLHF7xJwx5A,2,Q25437525,newspaper,Q25437525,,topic:stale,
UCnhUAPbi05kUjFTnBA32eFA,2,Q137374795,journalist,Amira Boudjema,DZ,topic+title:politics,
UCnmuqa1vX2ktbUBJ-Efz0Ww,2,Q55666965,newspaper,Abbeville Meridional,United States,topic+title:stale,
UCnubo9-QquRb-Os5iVRmX5g,2,Q131545085,journalist,Fernando Llanos,PE,topic+title:politics,
UCo0mGT5-45aVyPkpn_guNtA,2,Q55667227,newspaper,Post-Examiner,United States,topic+title:stale,
UCo1D6QXPYxlreDFS8FtAc4Q,2,Q4305802,journalist|pundit,Ayder Muzhdabaev,UA,topic+title:politics,
UCo2rfn3xQF1HsrCju0-DKtw,2,Q116974947,journalist|pundit,Rafał Otoka-Frąckiewicz,PL,topic+title:politics,
UCo3S9OQDrM79i7yPmixnSsQ,2,Q4337647,journalist,Yelizaveta Osetinskaya,US,topic:politics,
UCo4iUL1_EfFZxCvz1nzbs7Q,2,Q132159753,blogger|journalist,Matt Novak,US,topic+title:politics,
UCo87BX_Sst8xqLOSqj6DQgQ,2,Q233479,columnist|journalist|pundit,Anne Applebaum,United States,topic+title:politics:country_from_citizenship,
UCo9zKsIzs0C1ewWnFaYl9hA,2,Q6374266,journalist|news presenter,Kashif Abbasi,PK,topic+title:politics,
UCoBs2T-_IrGRHbmzCt3T5vw,2,Q134375887,journalist,Andy Livise,Peru,topic+title:politics:country_from_citizenship,
UCoJTOwZxbvq8Al8Qat2zgTA,2,Q6408835,YouTuber|blogger|journalist,Kim Iversen,US,topic+title:politics,
UCoMWlmx8innG308iawT_P1Q,2,Q6540112,YouTuber|blogger|journalist,Liao Hsiao-chun,TW,topic:politics,
UCoZiSARglIJZlcIck90U-Ow,2,Q55666975,newspaper,Livingston Parish News,United States,topic+title:stale,
UCo_QfGG3FlWVh3Z0AoxuwBA,2,Q1190886,newspaper,The Japan Times,Japan,topic+title:stale,
UCodPVg2MpjNdCKd6Zrv78Jg,2,Q7014238,journalist,Amit Segal,IL,topic+title:politics,
UCopVhz5SlujUpiDiYzWtbpw,2,Q106675245,journalist,Inna Afinogenova,ES,topic+title:politics,
UCouRWyIYv3Vw0sYAga8Kl7w,2,Q136931740,journalist,David Thurton,Canada,topic+title:politics:country_from_citizenship,
UCp0QL7nx51TjoxqyX-G538g,2,Q55623302,newspaper,Tri County News,United States,topic+title:stale,
UCp0_KxDpUKGvJPOsAdNs60g,2,Q2636560,journalist|political analyst|pundit,Andrey Piontkovsky,UA,topic:politics,
UCp2J7GRxQ36QLqW4ReLLt5g,2,Q93271233,journalist,Irina Shikhman,RU,topic:politics,
UCp38w5n099xkvoqciOaeFag,2,Q89135464,journalist,Taylor Lorenz,US,topic+title:politics,
UCpAjmHTwvOQq1_wachYdnwg,2,Q21702704,journalist,Noriyuki Yamaguchi,JP,topic:politics,
UCpFV_O4Afuk_W-kqJ9SmiEQ,2,Q18818347,journalist,Takashi Ryuzaki,JP,topic:politics,
UCpkRyminaMEPOfnLDgRqKvA,2,Q22685948,newspaper,Al-Fajr,Tunisia,topic:stale,
UCpkcewd36jJeZucI8cXrxnw,2,Q48977320,newspaper,The Gaffney Ledger,,topic+title:stale,
UCpr55276DiQ2Cal0JtpAuEQ,2,Q107103414,newspaper,Krasnoe znamya,Russia,topic:stale,
UCpvyQsRJvHfpKFhYT234SbA,2,Q97180576,mass media|news media|news website,Q97180576,,topic:stale,
UCpzdtDwtg_nC-pw0VY23aGw,2,Q55667270,newspaper,Lincoln County News,United States,topic+title:stale,
UCq-CfAlGjCuXyBVTzQgWYRg,2,Q131690243,YouTuber|blogger|journalist,Éric Morillot,FR,topic:politics,
UCqCK5RFjwgmx2z4sOjqd-kQ,2,Q722170,columnist|journalist|pundit,Jamie Glazov,US,topic+title:politics,
UCqE44hV8xGLcx0iSL7KfSkQ,2,Q55668499,newspaper,Metro Monthly,United States,topic+title:stale,
UCqLv2nTsMB_FXtQRFNXjWhA,2,Q112629845,YouTuber|blogger|columnist|journalist|pundit,Maurice Höfgen,DE,topic+title:politics,
UCqXzykyeNdMNwiXTvfUOSNQ,2,Q918789,journalist|pundit,Rafał A. Ziemkiewicz,PL,topic+title:politics,
UCqg8a03ubvKHSaniUgCba-w,2,Q130526736,mass media|news media|news website|newspaper|online newspaper,Gorodskiye izvestiya (Kursk),Russia,topic:stale,
UCqncm_nh_a3VAeSa0MlWIlg,2,Q55666163,newspaper,Gwinnett Citizen,United States,topic+title:stale,
UCr0ccx3GGb6DLB7MTcSMK3A,2,Q55666152,newspaper,Jackson Progress-Argus,United States,topic+title:stale,
UCr4kgAUTFkGIwlWSodg43QA,2,Q39798788,journalist|podcaster|pundit,Michael J. Knowles,US,topic+title:politics,
UCrDCg7QXKCdwJDohJp4-f4A,2,Q6912862,newspaper,Morning Sentinel,United States,topic+title:stale,
UCrGSFNEBmCN0rqhATZels2Q,2,Q124328363,YouTuber|blogger|journalist|pundit,Mr. Shen,CA,topic+title:politics,
UCrWhvnqY-ivyjii8gytVVFg,2,Q55668052,newspaper,Wayne Herald,United States,topic+title:stale,
UCrkj4MYncGPBp8eRGZstftg,2,Q55667945,newspaper,Richmond Co. Daily Journal,United States,topic+title:stale,
UCrmhc0l3cX7LzXPTfQTHABg,2,Q131676024,YouTuber|blogger|journalist,Dmytro Karpenko,UA,topic+title:politics,UCTlTfHhcn44XdLn_arCsaig
UCrthhy9PH_5ukcumydRdFUQ,2,Q108340373,newspaper,Q108340373,Russia,topic:stale,
UCs3fuRBmMD_mtWmD3XDmm9A,2,Q3344512,mass media|media company|news agency|news media,Notimex,Mexico,topic:stale,
UCs58ync1PB5_6WNmcswb7Rg,2,Q135617717,journalist,Valmir Moratelli,Brazil,topic+title:politics:country_from_citizenship,
UCs6ar7y9xXFHjMRFVxfHqBA,2,Q55665797,newspaper,Denver Urban Spectrum,United States,topic+title:stale,
UCsFCl8az21kVTFRuaWrTlDw,2,Q110405773,journalist|pundit,Q110405773,TW,topic:politics,
UCsFpGX_fg86QUeHvZNDicAQ,2,Q11655047,journalist,Ryūshō Kadota,JP,topic:politics,
UCsP3lFEldjSN0JrzAGI-cgQ,2,Q56236565,newspaper,Herald-Chronicle,,topic+title:stale,
UCsVWpmoRsNAWZb59b6Pt9Kg,2,Q28498709,YouTuber|blogger|journalist,Mirko Drotschmann,DE,topic:politics,UCZHpIFMfoJJ_1QxNGLJTzyA
UCsZT0EBtzUMOBhjg2WxXB6A,2,Q112844813,newspaper,African Mirror,,topic+title:stale,
UCsmgt2bPXPfq5rP_mTQphVw,2,Q85999823,newspaper,Ukrainian interest,,topic:stale,
UCsxrF7oMaemhB048lmL7thg,2,Q140791917,columnist|journalist|pundit,Nehomar Hernández,VE,topic+title:politics,
UCt3YLZXef1khZj2-bfCQ_dQ,2,Q117478645,journalist,Ilya Shepelin,LT,topic:politics,
UCt77qfhriWeDMbSNft8bdHQ,2,Q123746195,journalist,Jeong Junhee,KR,topic:politics,
UCtAIPjABiQD3qjlEl1T5VpA,2,Q124448493,YouTuber|blogger|journalist|pundit,Wenzhao,CA,topic:politics,
UCtEG42oib6-QPqmgrpf0EFw,2,Q131410872,magazine|mass media|newspaper,The Lafayette,United States,topic+title:stale,
UCtEMFhDh-Og_ueNn13taTGA,2,Q8003021,journalist,Will Potter,US,topic+title:politics,
UCtGKoRdI5Ah_t1gTZdDb3fQ,2,Q55665746,newspaper,Tulare Voice,United States,topic+title:stale,
UCtNSGE5yCZI0xkV8mcvyxFQ,2,Q23656187,journalist,Magomed Magomedov,Russia,topic:politics:country_from_citizenship,
UCtPmQqexTuX88gMVkf7VwJQ,2,Q2215101,mass media|news media|news website|public broadcaster|radio station|television station,RTV Rijnmond,Netherlands,topic+title:stale:alt,UCgOG5mHQ00IQIM1XCp5duuw
UCtWuuyXHgANtM-V0mpddkUQ,2,Q124703925,journalist,Piotr Czaban,Poland,topic+title:politics:country_from_citizenship,
UCtY_EH6HoeclyhcGB5dJpSw,2,Q56365291,mass media|news media|news website|newspaper|online newspaper,Studway,Ukraine,topic+title:stale,
UCt_8fuHUeGwkqdwFcQ3hEBg,2,Q942929,journalist,Yevgeny Kiselyov,Russia,topic:politics:country_from_citizenship,
UCtbMiUR2qCHf5sYyIyGdurg,2,Q112193931,mass media|news media|news website|newspaper|online newspaper,Q112193931,,topic:stale,
UCtc2KycB2DarenRrJCA55bQ,2,Q5130038,journalist|pundit,Clay Travis,US,topic:politics,
UCtgIlU49ppoBvEgDboD34Pg,2,Q25163,journalist,Roberto Saviano,IT,topic+title:politics,
UCtpjEk_xxFWrHJcqPRnL15Q,2,Q108444138,newspaper,Q108444138,,topic:stale,
UCtyPTpTiDCIjq2M2swNtS8w,2,Q55667704,newspaper,Lake Gazette,United States,topic+title:stale,
UCuDG_YU2N8nNx0zko6BYHdg,2,Q55666132,newspaper,Douglas County Sentinel,United States,topic+title:stale,
UCuELPcrfShqnHq8kE07EH1A,2,Q55671250,newspaper,Terrell Tribune,United States,topic+title:stale,
UCuH5W6UYaKfzJDShqY-78gQ,2,Q55667549,newspaper,Northfield News,United States,topic:stale,
UCuSQpcCVmWc6QGTY8XP_J-A,2,Q137274519,newspaper,Q137274519,,topic:stale,
UCuW-vcw_38daTOL6NQQVVUA,2,Q4151377,columnist|journalist|pundit,Dmitry Gubin,DE,topic:politics,
UCuf2fJtPnlZBuQrY0jwhlFA,2,Q111441823,blogger|journalist,Q111441823,RU,topic:politics,
UCum7DSqLYPc23jsyds-X97Q,2,Q28714471,journalist,Moataz Matar,EG,topic:politics,
UCutipR6mPB2f0Vcqmzh05uw,2,Q130331373,mass media|news media|news website|newspaper|online newspaper,Gorod55,Russia,topic:stale,
UCv1WDP5EiipMQ__C4Cg6aow,2,Q18746998,YouTuber|blogger|journalist|podcaster,Tilo Jung,DE,topic+title:politics,
UCvEupwm9DrZ_S0qABdI6c4Q,2,Q55666172,newspaper,Henry Daily Herald,United States,topic+title:stale,
UCvIK0_7bPqmYl1Fl0D68qMA,2,Q1518687,mass media|news media|news website,Civic Chamber of the Russian Federation,Russia,topic:stale,
UCvL_lTVP3rl4xsHlwWVtt2w,2,Q312653,mass media|media company|news agency|news media,German Press Agency,Germany,topic:stale,
UCvP6D_6oHP4_lr7re6VHKSg,2,Q113303577,blogger|journalist,Olexandr Kovaleko,UA,topic:politics,
UCvStH8RedQhbwiy_zgnue-g,2,Q55671243,newspaper,Seminole Sentinel,United States,topic+title:stale,
UCvUNxWRsaDstxUQxlWKLVYQ,2,Q7730092,magazine|mass media|newspaper,The Diamondback,United States,topic+title:stale,
UCvUif2xI5ziBVXX35g1cTaQ,2,Q111693274,journalist,Q111693274,US,topic:politics,
UCvpMYYliKzSwCtdpV_tZw-g,2,Q55668048,newspaper,Burt County Plaindealer,United States,topic+title:stale,
UCvqcX9Nfr7wBWJmXb2odGng,2,Q55667672,newspaper,Fulton Sun,United States,topic+title:stale,
UCw9WFIQ1lz2c4xaDCe6mVAA,2,Q140011280,journalist,Jason Takhtadjian,United States,topic+title:politics:country_from_citizenship,
UCwBUwaTxztTPuSzIi2cjimw,2,Q715515,journalist,Charlie Rose,United States,topic+title:politics:country_from_citizenship,
UCwYsVjSHMGeNf7FAt_VEnVw,2,Q112238944,journalist,Tsutsumu Ishikawa,JP,topic:politics,
UCwd6pMtCfUx81ikvOiLcxdw,2,Q11699468,newspaper,Gazeta Finansowa,,topic:stale,
UCwiHqHsg4DcgXShn2HGQgCA,2,Q11066419,journalist|pundit,Martin Oei,DE,topic+title:politics,
UCx9VIYbi7AnyuHpqjEQms_A,2,Q131195188,YouTuber|blogger|journalist,Liza Lazerson,Russia,topic:politics:country_from_citizenship,
UCxH90ZfkG-o3u2YB3-dRmRg,2,Q2913725,mass media|news media|news website|newspaper|online newspaper,TNW,Netherlands,topic+title:stale,
UCxVjdEh0NqHJYdK2U_H09Zw,2,Q19866020|Q19867767|Q55667749,newspaper,Cedar Republican,United States,topic:stale,
UCxboYmgoaORbApN45ON9tcA,2,Q123474411,columnist|journalist|pundit,Ely Saludar,PH,topic+title:politics,
UCxfFUIaJ8m5zTo_DGkFnIPQ,2,Q20102525,mass media|media company|news agency|news media,Agència de Notícies Andorrana,Andorra,topic+title:stale,
UCxvlqDrUSBomr0I5kHe20ug,2,Q60835860,journalist,Piotr Krysiak,PL,topic+title:politics,
UCxz5GwRSk1EU7UgcMlXotdA,2,Q10320632,journalist,Luiz Bacci,Brazil,topic+title:politics:country_from_citizenship,
UCy-pqt2qjYVDZqwBiTS9yDA,2,Q9065410,journalist|news presenter,Wang Zhiyu,TW,topic:politics,
UCy1LLFZjrmwNcsVdzc213-g,2,Q55671471,newspaper,Stevens Point City-Times,United States,topic+title:stale,
UCy3wCJv8zUCsn9-r0bBmzdA,2,Q55666351,newspaper,Dickinson County News,United States,topic+title:stale,
UCyIRV3kDzgjxsAqiJx12fCA,2,Q11419744,newspaper,The Shikoku Shimbun,Japan,topic:stale,
UCyO38-bBaFqWrcUb0NaZqQg,2,Q112914079,YouTuber|blogger|journalist|pundit,Ondřej Tesárek,CZ,topic:politics,
UCyObxaS0_ceroYfk1c7-Kvw,2,Q16731502,columnist|journalist|pundit,Brian Lilley,Canada,topic+title:politics:country_from_citizenship,
UCyRtVkSY1doj5Pu6NxnCGJA,2,Q66485946,blogger|journalist|pundit,Ivan Yakovina,US,topic+title:politics,
UCyboBQjLhgD5uROdc8Ayg4Q,2,Q6948298,journalist,Myrka Dellanos,US,topic+title:politics,
UCygnHvXjsEa_gLMH-WmzeXQ,2,Q135270950,YouTuber|blogger|journalist,Sergey Auslander,IL,topic:politics,
UCyhOl6uRlxryALlT5yifldw,2,Q114242690,YouTuber|blogger|columnist|journalist|pundit,J. J. McCullough,CA,topic+title:politics,
UCysXjElx-sMoHrl9AYfp7bA,2,Q55667655,newspaper,Fireside Guard,United States,topic:stale,
UCz-CvcMMQFP1B6kh-vn08KA,2,Q136385048,journalist|podcaster|pundit,Brilyn Hollyhand,US,topic+title:politics,
UCz5CJ_Ie2w_67eiO1JOZd9Q,2,Q127421471,mass media|news media|news website|newspaper|online newspaper,San José Spotlight,United States,topic+title:stale,
UCzGy15mcmUDdbB4Sx-eKQ8A,2,Q2912104,newspaper,B'Sheva,Israel,topic:stale,
UCzJXNzqz6VMHSNInQt_7q6w,2,Q293260,journalist|news presenter|pundit,Megyn Kelly,US,topic+title:politics,
UCzMQby44-DokkY7xUhr2NGw,2,Q55665238,newspaper,Athens News Courier,United States,topic+title:stale,
UCzZpgppwC_XQMe8lFiI77-Q,2,Q124180316,YouTuber|blogger|journalist|pundit,John Doyle,US,topic+title:politics,
UCzeNPYfliJflsDgROulDMow,2,Q4791257,newspaper,Arizona Capitol Times,United States,topic+title:stale,
UCzgs3hNWexJpBWffUMo8yXg,2,Q116784913,newspaper,Delft op Zondag,Netherlands,topic+title:stale,
UC--Ys7QEmCo5OXYF2jhH4nQ,3,Q113686034,journalist|news presenter,Demetria Obilor,,title_only:gate2_demoted,
UC-0fOlECHBiqcQX8tiuTm7A,3,Q7620144,newspaper,Storm Lake Times Pilot,United States,title_only:stale:gate2_fp68,
UC-0iXMKi6WloFl-lZpnVreA,3,Q19853636,journalist,Gladys Tsai,Taiwan,no_topic_or_title,
UC-4MNRjriiAd7-L5fnUhyRA,3,Q106988248,mass media|news media|news website|newspaper|online newspaper,Moscow region today,Russia,no_topic_or_title,
UC-7Hp0sgV1TCHuhvseTBClw,3,Q139751803,mass media|news media|news website,GamingonPhone,,no_topic_or_title,
UC-7XrtHLY71CzJ-L8zvMh_g,3,Q26253793,journalist,Martino Ragusa,Italy,title_only:stale,
UC-9VUTKaRcb7_s3M4VxUbdA,3,Q10883644,newspaper,The Merit Times,,no_topic_or_title,
UC-A_jMQe3mmnMygXGofdN_Q,3,Q134752645,blogger|journalist|pundit,linshibi,Taiwan,no_topic_or_title,
UC-AmjpP1mDhAbcSSbNkxSPw,3,Q11451051,journalist|pundit,Kakuryō Yasuda,Japan,no_topic_or_title,
UC-DzoBj8Uq4t4TUd1K7p_3A,3,Q358243,journalist,Uki Goñi,Argentina,topic+title:stale,
UC-Kosy0hK5EU1pSVzKSksbg,3,Q5130305,YouTuber|blogger|journalist,Clayton Morris,United States,topic+title:stale,UCa8qBas58rCwW64PQLYd2_g
UC-Ma4h3SHMBNWyA1i7CcDfg,3,Q113160568,YouTuber|blogger|journalist,Bruno di Simone,Italy,topic+title:stale,
UC-OV8QttaQzAVbDIEkYFKWA,3,Q4207560,journalist,Ilya Kazakov,Russia,no_topic_or_title,
UC-PRtBt_Rl4yuU4qT7HVaag,3,Q141147470,journalist,Q141147470,Colombia,topic:stale,UCSm67Y1Pi0kMVN3b27dMNqQ
UC-Rm-fVvpu3-aSTwG96RmTQ,3,Q135930165,mass media|news media|news website,Techgage,,no_topic_or_title,
UC-SSAGh0CY4BqDG30iDxRMg,3,Q7728666,newspaper,The Daily Item,,title_only:stale:gate2_fp68,
UC-XWuLgRCXgsxVhFoUEFI1Q,3,Q55668206,newspaper,Quay County Sun,United States,title_only:stale:gate2_fp68,
UC-Y49L07LRZD_h0ReJbYolg,3,Q6163523,journalist,Jason Solomons,,no_topic_or_title,
UC-_IGJxbUXm-9Jj5xFc9qdg,3,Q4247859,journalist|news presenter,Farida Kurbangaleeva,Russia,topic:stale,
UC-ccBpZCfLHiqFQSVfXfoxg,3,Q16180686,mass media|news media|news website,GameMeca,South Korea,no_topic_or_title,
UC-dA4fQPGF11sSuck2w9j6A,3,Q55666326,newspaper,Moville Record,United States,title_only:stale:gate2_fp68,
UC-fWqLDE-bU2XbGXHX2DpGw,3,Q136543142,journalist,Hamad Almutaani,Saudi Arabia,title_only:stale,
UC-fwkWP_RCXc8CHXebgzXgA,3,Q55667931,newspaper,Observer News Enterprise,United States,title_only:stale:gate2_fp68,
UC-jkosC3KT9hclZZkdpLfvw,3,Q136793591,mass media|news media|news website,bazicenter.com,Iran,no_topic_or_title,
UC-lthq8ulazxTcB9OFdNpVQ,3,Q137738927,journalist,Romney Smith,United States,no_topic_or_title,
UC-n20KCc3-FHtFhTiLOY2pA,3,Q6932466,journalist|news presenter,Muhammad Farooq,Pakistan,topic+title:stale,
UC-nyoCh8UmaRic641ZZ8eNw,3,Q113650820,mass media|news media|news website|newspaper|online newspaper,Next Apple News,Taiwan,no_topic_or_title,
UC-qGVp7__TkXb5z_-V6C2cQ,3,Q5219414,journalist,Danielle Nierenberg,United States,topic:no_politics,
UC-swf20n5xdKW0waeLpXPFQ,3,Q488795,public broadcaster,Korea Educational Broadcasting System,South Korea,no_topic_or_title,
UC-tGoS86xXLV11d8zgmavRQ,3,Q6165402,journalist|news presenter,Javier Alatorre,Mexico,topic+title:stale,
UC-tUhgg9d8cT15zC_R_6Zrw,3,Q85510661,journalist|news presenter|political analyst,Arif Hameed Bhatti,Pakistan,topic+title:no_politics,
UC-taJkjeamKmQLzU3lZlzvA,3,Q15983106,columnist|journalist|news presenter|pundit,Saleem Safi,Pakistan,topic+title:stale,
UC-vUKdvH5noz5jkC-fIOXgQ,3,Q12213878,newspaper,Rose Al-Youssef,Egypt,no_topic_or_title,
UC-zb8PjbryhPA4TmITCM8jw,3,Q7414913,newspaper,San Mateo Daily Journal,United States,title_only:stale:gate2_fp68,
UC0-QBfpFwPSf_IbGtJX95oQ,3,Q11354127,journalist,Yō Mikami,Japan,no_topic_or_title,
UC04M-f6KBdekrc8e5vQA5sA,3,Q139580130,mass media|news media|news website,GTA BOOM,New Zealand,no_topic_or_title,
UC06lQSGH_bwNLH2sk-SOVrg,3,Q9359391,journalist,Tomasz Kammel,Poland,title_only:gate2_demoted,
UC07UaHcEDOlIPKueSGnJQtA,3,Q7579766,newspaper,Sports Nippon,Japan,no_topic_or_title,UCCDmd01WsuFBF8n3yMjHQ1A
UC07z9r4VHsH1mIsWFpc0AVw,3,Q22249416,YouTuber|blogger|journalist|pundit,Usul,France,topic:stale,UC_NukSq2ve_AHVAz_9ikTDg
UC0BSt0fhBc4wHWHfvQziGZw,3,Q5231221,newspaper,Nishinippon Shimbun,Japan,no_topic_or_title,
UC0CWGqeF3nQ2-Wx-S0AMg2g,3,Q81918908,journalist,Mariusz Gzyl,Poland,title_only:stale,
UC0FqAhvrGxaoq5p6Rcj7LkA,3,Q110889137,journalist,Fabian Grischkat,Germany,title_only:stale,
UC0Izz8_tUkKfwVMot59mIzA,3,Q55671196,newspaper,Fayette County Record,United States,title_only:gate2_demoted:gate2_fp68,
UC0M0rxSz3IF0CsSour1iWmw,3,Q15994983,mass media|news media|news website,Cinemassacre Productions,United States,no_topic_or_title,
UC0O0y7E4-ZiWITBUgw5T_3Q,3,Q108857819,magazine|mass media|news media|news website|newspaper|online newspaper,Foochia,United Arab Emirates,title_only:gate2_demoted:gate2_fp68,
UC0PTNsMPvErDRfxtdNSKHIQ,3,Q136815208,journalist,Phoebe Eaton,,topic+title:stale,
UC0Ujwa5feoF0XvzKpsE70cg,3,Q105713839,journalist,Taji Ameen,,no_topic_or_title,
UC0abYj5bzhh0qmRQBxpKeiQ,3,Q12105983,journalist|pundit,Elena Zaslavskaja,Russia,no_topic_or_title,
UC0gDpmG0Nx8oqWnqYRRZ10g,3,Q140480471,journalist,Rick Schütze,Germany,topic+title:no_politics,
UC0iwHRFpv2_fpojZgQhElEQ,3,Q123730667,mass media|news media|news website,Noisey,United States,no_topic_or_title,
UC0jRczpEKxLbGOo45XGkrzg,3,Q238171,magazine|mass media|news media|news website|newspaper|online newspaper,4P,Germany,no_topic_or_title,
UC0meYb6eqvS4loqdr95UEdA,3,Q11586480,newspaper,Ishinomaki Hibi Shinbun,Japan,no_topic_or_title,
UC0pkT0AsVyby-pUlV_y2qkQ,3,Q60394500,YouTuber|blogger|journalist,David Homak,Israel,topic+title:no_politics,
UC0sapNJbY8znVmEI9w7Nq8g,3,Q63994070,columnist|journalist|pundit,Nathan J. Robinson,United States,topic+title:stale,
UC0sn5MZJloTl4ERd7pkwoWg,3,Q9218312,journalist,An Youqi,Taiwan,no_topic_or_title,
UC0uR-rrkjpH3yV7iYNfSi6w,3,Q16143527,newspaper,A Província do Pará,Brazil,unresolved,
UC0wxF94IipJy0nfC4YYCIyA,3,Q108749852,journalist,Candice Brathwaite,,title_only:gate2_demoted,
UC0x51OBWjnUTMOehT3-4lpg,3,Q5099860,newspaper,China Press,Malaysia,title_only:gate2_demoted:gate2_fp68,
UC0xNbxurzRU4Q9JAKv9oLJg,3,Q136548382,mass media|news media|news website,insidegamer.nl,Netherlands,no_topic_or_title,
UC1AKQ6vPvZ_mWr1YnMhzA-A,3,Q1614481,journalist,Javier Sierra,Spain,topic+title:no_politics,
UC1GZRc8g-LImz4hE7AJusxg,3,Q45315591,journalist,Gennadiy Dubovoy,Russia,topic:stale,
UC1KQ1c7-FrV6B2WQZwKomxA,3,Q4756353,journalist,Andrew Biggs,Australia,topic:no_politics,
UC1NKbfEO0G4Vnv-GTZ9CwUQ,3,Q2391742,mass media|news media|news website|newspaper,Tipsbladet,Denmark,title_only:gate2_demoted:gate2_fp68,
UC1UgVgKDAkV0_ZGK_nCbs6A,3,Q55666834,newspaper,Independent Reporter,United States,title_only:stale:gate2_fp68,
UC1W7gMVWgAQHNW4vjFJWXDA,3,Q20103998,mass media|news media|news website|newspaper|online newspaper,"Núvol, el digital de cultura",,title_only:gate2_demoted:gate2_fp68,
UC1_S8IH9kbyChoHStFe_vkA,3,Q27830272,journalist|podcaster,Danny O'Dwyer,Ireland,no_topic_or_title,
UC1g5EZDkRCuap42GAOIzbDw,3,Q136567706,mass media|news media|news website,play.co.rs,Serbia,no_topic_or_title,
UC1mbrgWAda8kXvuwUNQ4XTA,3,Q55671034,newspaper,Dickson Herald,United States,title_only:stale:gate2_fp68,
UC1nHltnF61mfDNBWGHRgpuA,3,Q966379,journalist|news presenter,Ann Curry,United States,topic+title:stale,
UC1p6REbUZ8RN8VgleADNBpw,3,Q106676549,mass media|news media|news website|newspaper|online newspaper,Crimes And Courts,Kuwait,no_topic_or_title,
UC1q7Hj9Nxu0J5wvFS69wXRA,3,Q140935207,mass media|news media|news website,Zeale,United States,zero_videos,
UC1r0DG-KEPyqOeW6o79PByw,3,Q111284659,journalist,Ian Cutress,,topic:no_politics,
UC1so-G7tyDFcgNwVCR2wB5w,3,Q138962804,journalist,Brisa Albuquerque,Brazil,title_only:stale,
UC1swu0AtaC1rEzRHEG9p9SQ,3,Q3839678,journalist|pundit,Luigi Garlando,Italy,title_only:stale,
UC1ugyAs6L3b4t5VcQv87dng,3,Q118605292,mass media|news media|news website|newspaper|online newspaper,E-Notícies,Spain,zero_videos,
UC1xBjAWpoN6yvWy2cGPcUVw,3,Q65300994,mass media|news media|news website|newspaper|online newspaper,Intertat,Russia,no_topic_or_title,
UC2-aop85lqOalGXV4FgFJaw,3,Q5265424,mass media|news media|news website,Q5265424,United States,no_topic_or_title,
UC22byFwadu7x5hI4UMkEu1Q,3,Q136533919,mass media|news media|news website,Q136533919,Italy,no_topic_or_title,
UC26buublzO30XpR-KP2TfAw,3,Q134277841,mass media|news media|news website,Q134277841,Turkey,no_topic_or_title,
UC2DsDvhYrWwPeaDE4tGGnsA,3,Q12408166,journalist,Yaakov Gross,Israel,topic:stale,
UC2FCgT_PVESYWYSiekDFfCw,3,Q12150079|Q454794,journalist|mass media|television channel,Savik Shuster,Ukraine,topic+title:stale,
UC2FISUXUjHiXlgXBN3vOewg,3,Q595181,mass media|news media|news website|newspaper|online newspaper,gazeta.ru,Russia,unresolved,
UC2GIHZpQiJy-8286f4lj_cg,3,Q109658377,mass media|news media|news website,Pinkbike,Canada,title_only:gate2_demoted:gate2_fp68,
UC2HaP70SXBXtpMjxqV_fFgQ,3,Q104551361,YouTuber|blogger|journalist|pundit,Alfie Potts Harmer,United Kingdom,topic+title:no_politics,
UC2KghfMCNHFJwsHVLfEmHvg,3,Q3018632,columnist|journalist|pundit,David Pogue,United States,title_only:gate2_demoted,
UC2LQ5jMieMZjb5k5Gprp2JQ,3,Q116600676,YouTuber|blogger|journalist,Alexandra Gurgel,Brazil,title_only:gate2_demoted,
UC2Q0tUvCPi7Dqj2C10VRnYQ,3,Q10346868,journalist|pundit,Paulo Vinícius Coelho,Brazil,title_only:stale,
UC2RpIGvb7T6SI8tPuHrurTA,3,Q90885199,journalist,Ewa Żarska,Poland,topic+title:stale,
UC2SlbD8lPp3HllSl-Fu-pXw,3,Q20711172,journalist|pundit,Tomi Lahren,United States,topic+title:stale,
UC2WptFG-tPPLlH_4DJ9GjYQ,3,Q110520017,columnist|journalist|pundit,Mélissa Guillemette,Canada,zero_videos,
UC2Y9Lf57OFKsMqvCIAO0Sdg,3,Q111433321,YouTuber|blogger|journalist,Q111433321,Russia,unresolved,
UC2af6Sl5KBeEVCgwLmM0K5A,3,Q124838372,YouTuber|blogger|journalist,Daria Litvishko,Russia,no_topic_or_title,
UC2cOggXWYaxqXr4ELJ47zmQ,3,Q27954482,mass media|news media|news website|newspaper|online newspaper,Al-Masdar News,Lebanon,unresolved,
UC2dIPeP9pLhu1AiA_eK2L9A,3,Q4034642,mass media|news media,avito.ru,Russia,no_topic_or_title,
UC2huqfNzoK9ouAxkDoSPoqg,3,Q105269082,mass media|news media|news website|newspaper|online newspaper,Duwun,Myanmar,unresolved,
UC2iUwfYi_1FCGGqhOUNx-iA,3,Q27559777,mass media|news media|news program|news website,Q27559777,Canada,no_topic_or_title,
UC2mTGPjKAkH-_Cwf5AFTmug,3,Q55671459,newspaper,Rice Lake Chronotype,United States,no_topic_or_title,
UC2tNezhck5IT0-f9aaP78zA,3,Q102073069,journalist,Rosebell Kagumire,Uganda,topic+title:stale,
UC2ukIcazF4RDXTb1SCj_eeg,3,Q125554608,journalist,Mitch Chaitin,,title_only:stale,
UC3-dGpbQyIU_IygNZrqXoJw,3,Q55668299,newspaper,Glens Falls Chronicle,United States,no_topic_or_title,
UC30DFjIz5QIDOgLolep1AtA,3,Q2070781,newspaper,Korotko pro,Ukraine,no_topic_or_title,
UC32vfVeW1q4cw7k_gYei-3w,3,Q11369476,journalist,Masayoshi Hisada,Japan,no_topic_or_title,
UC33zNRYKhVZhYFVoX_u7TeQ,3,Q4704142,newspaper,Al Jazirah,,no_topic_or_title,
UC37Vt8PStzFyYHVVu16Rh7w,3,Q51667854,journalist,Dmitry Soshin,,topic:stale,
UC39dsn0m9Bag517Sg6JSDUA,3,Q5477955,journalist,Jaime de Althaus,Peru,topic+title:stale,
UC3AzjGDUlJu_-tm_i7OzNcQ,3,Q65090880,mass media|news media|news website,Trusted Reviews,,title_only:gate2_demoted:gate2_fp68,
UC3BaPfCU0cOMF3sk8LVuKHQ,3,Q96418,journalist,Hagen von Ortloff,Germany,title_only:gate2_demoted,
UC3BdSfPW04VPAsnRUYsERIw,3,Q55667470,newspaper,Chanhassen Villager,United States,unresolved,
UC3CUX9lODey4neWlVtftTlg,3,Q117191790,YouTuber|blogger|journalist,Tetsu Bōzu,Canada,no_topic_or_title,
UC3FAnq3tVbZucEZx6p842xA,3,Q11320301,newspaper,Daily Sports,Japan,no_topic_or_title,
UC3G5GuYyUxwrGHubHxiBvLA,3,Q12211019,journalist,Khayri Ramadan,Egypt,topic:stale,
UC3KHYFWeB0WimMBfm3NEahQ,3,Q1783492,mass media|media company|news media|news website|newspaper|online newspaper,Universo Online,Brazil,no_topic_or_title,
UC3LrdxN4z9BRCXiwUHdhAPA,3,Q137828218,mass media|news media|news website,europeanspaceflight.com,United Kingdom,no_topic_or_title,
UC3PyxGKt94kLzVqkkjEgRFw,3,Q7436105,journalist,Scott Carney,United States,topic+title:no_politics,
UC3QEY_WU9sIg6aiO1GkGGrA,3,Q7330958,newspaper,Richmond Register,United States,title_only:stale:gate2_fp68,
UC3aiQJmnJ8wamobGcsBz6Ww,3,Q116983806,YouTuber|blogger|journalist|podcaster,Andrew Gold,United Kingdom,topic+title:no_politics,
UC3bW-kUsx_TNPqWIacj5Odw,3,Q56557357,journalist,Mohamed Kamal,Egypt,no_topic_or_title,
UC3dMWI31bCMPuCH-4oippPA,3,Q33125053,blogger|journalist,Fiifi Adinkra,Ghana,no_topic_or_title,
UC3dtMmNWWV7-y7ZD97dwRdQ,3,Q55665434,newspaper,White Mountain Independent,United States,no_topic_or_title,
UC3jrwMKHNvisiGgbAU1CwfA,3,Q51667854,journalist,Dmitry Soshin,,topic:stale,UC37Vt8PStzFyYHVVu16Rh7w
UC3ltptWa0xfrDweghW94Acg,3,Q111016580,YouTuber|blogger|journalist,Karl Jobst,Australia,no_topic_or_title,
UC3msjQ8BLx6iEMYoRxLtTeA,3,Q790162,journalist,Dénes Baracs,Hungary,no_topic_or_title,
UC3o-mBCo9MWgXy0kxTgQLbw,3,Q137441059,mass media|media company|news media|news website|newspaper,Bolavip,,title_only:gate2_demoted:gate2_fp68,
UC3p0SXtY9nYIXLxAodBkPlg,3,Q97556071,mass media|news media|news website,iLL Gaming,India,no_topic_or_title,
UC3r_kdJocuqtDYb2GgM42Ng,3,Q18712763,mass media|news media|news website,ArchDaily,Chile,title_only:gate2_demoted:gate2_fp68,
UC3zjQ_no9zyEtRkptgRmdSA,3,Q82121227,mass media|news media|news website,VR GameCritic,,no_topic_or_title,
UC4-BbHgyy3aMK1YFrpQhRDQ,3,Q4327379,journalist,Andrey Norkin,Russia,topic+title:stale,
UC415bOPUcGSamy543abLmRA,3,Q111680044,YouTuber|blogger|journalist,Cleo Abram,United States,title_only:gate2_demoted,
UC460lbJGRHq-Pr2eu1B1vIg,3,Q55671207,newspaper,Big Bend Sentinel,United States,title_only:stale:gate2_fp68,
UC46bBqt3sf_0jpb0_EV3_sA,3,Q85965364,journalist,Baiju N Nair,,title_only:gate2_demoted,
UC46i0ooEdtCVMPnDxNT6dvg,3,Q108320798,blogger|journalist,Q108320798,Russia,topic:stale,
UC4ABi-kCsS1rsAaJ-W4a3uA,3,Q11068708,YouTuber|blogger|journalist,Sharon Cheung,People's Republic of China,no_topic_or_title,
UC4CD45NY_alExc5HyQ2Atsg,3,Q5570978,newspaper,Globe Gazette,United States,title_only:gate2_demoted:gate2_fp68,
UC4FC4FLliQ4lNuWQ_R4PjCA,3,Q55666492,newspaper,Forest Park Review,United States,title_only:stale:gate2_fp68,
UC4J78Xkubp6uutP4trMx6Sg,3,Q4096529,journalist|news presenter,Sergey Brilyov,United Kingdom,title_only:stale,
UC4LbuEK71_MJZblQVLAqctQ,3,Q59474075,journalist,Varvara Makarevich,Russia,no_topic_or_title,UCL6SNo4ReOYYph95EdyCQ1A
UC4M0_pdWJeWRrHigdXOJ0AQ,3,Q124847656,newspaper,Q124847656,France,no_topic_or_title,
UC4OXmHMWGsqMkNtTJ2yqdrQ,3,Q4272255,journalist,Ghida Fakhry,Lebanon,topic+title:stale,
UC4SeJ3IjX9lzvjaQ6hPrE6Q,3,Q141399394,journalist,Dan Lobdell,United States,title_only:stale,
UC4WoPEForLvlYoAn2YNOynQ,3,Q629237,journalist,Rita Dalla Chiesa,Italy,title_only:stale,
UC4XuvATdBjHzjzDnU9_lN0A,3,Q6177791,journalist,Jenna Wolfe,United States,title_only:stale,
UC4YMQcxrpllR0TSC3x9OF6Q,3,Q113004598,journalist,Liane M. Dubowy,Germany,zero_videos,
UC4YdMJ0n9o2_5N9zfY5TsUQ,3,Q15061021,journalist|pundit,Aleksandr Shmurnov,Russia,no_topic_or_title,UCktzrSKfxZUvHvebOVhtCyQ
UC4Z_LJ_cutASHOgWRRyctcg,3,Q141268564,journalist,Q141268564,,no_topic_or_title,
UC4aiJNDUviw_vMhdCq5Kq1Q,3,Q108757134,YouTuber|blogger|journalist,Casimiro Miguel,Brazil,no_topic_or_title,UCKxn56z2qU-LJi3KRgMiaUg
UC4avgyz3xrmWWBrLNQ9-2xw,3,Q4808924,newspaper,The Malay Mail,Malaysia,title_only:gate2_demoted:gate2_fp68,
UC4e_XPBiiIO4fo4_CucxQeg,3,Q107693480,mass media|news media|news website,Q107693480,Russia,no_topic_or_title,
UC4f1JueVgo5t9HSmobCRPug,3,Q55621575,mass media|news media|news website,MMA Fighting,,no_topic_or_title,
UC4fBydh97wC_3D3d6Nub12w,3,Q136532757,mass media|news media|news website,darkzero.co.uk,,no_topic_or_title,
UC4h6ph6vLOGtQKVfb1UoKaQ,3,Q2310185,mass media|news media|news website,Q2310185,,no_topic_or_title,
UC4m1rBV_a4cVnleOOyCExCQ,3,Q47260240,newspaper,Oshkosh Northwestern,United States,title_only:stale:gate2_fp68,
UC4mu28SSFpcdBoBNbXC5U3Q,3,Q6782338,columnist|journalist|pundit,Masahiko Katsuya,Japan,no_topic_or_title,
UC4vH_VBxrN0BAr3FNHF5Y0A,3,Q122941049,journalist,Elizabeth López,Spain,topic+title:stale,
UC4w_iepDgKPdjsBl9rCpwrQ,3,Q21012491,journalist,Zdeněk Šarapatka,Czech Republic,topic+title:stale,
UC4x3k-hY5wlcd13MWAbq1yQ,3,Q55668251,newspaper,Ballston Journal,United States,unresolved,
UC4yOzYjk6WNBKXR1c2MSopQ,3,Q139165116,mass media|news media|news website|newspaper|online newspaper,Bucchake Housing,Japan,no_topic_or_title,
UC4y_PBhVlTxQ6r8u6tspyPQ,3,Q4766656,journalist|news presenter,Ann Sanders,Australia,title_only:stale,
UC5-oVsRPiz6Edf2A6Pj9JNQ,3,Q270478,mass media|news media|news website,Digg,United States,unresolved,
UC51QZx3L2gVywa3k2Mm1ufg,3,Q87284139,YouTuber|blogger|journalist,Anna Maria Krakowiak,Poland,title_only:gate2_demoted,
UC55YzTDC_O5v5PUlJbvKQaw,3,Q72715614,journalist,Nailya Asker-zade,Russia,topic:stale,
UC566b5USRdeZdErzEVUuOzQ,3,Q141392212,media company|newspaper,Groundwork,United States,title_only:gate2_demoted:gate2_fp68,
UC56J_hPAvBW8knqvdg7KNYA,3,Q11976288,newspaper,Hyde Park Herald,United States,title_only:stale:gate2_fp68,
UC57EbtWtcVA0MYWi-sWlpGQ,3,Q3312463,magazine|mass media|news media|news website,HobbyConsolas,Spain,no_topic_or_title,
UC57J8m0P_D6WkmHVONyQiLg,3,Q6896694,journalist|podcaster,Molly Wood,United States,title_only:stale,
UC581MEH7Y4lk4lfAgA1Kn4A,3,Q107657700,journalist|pundit,Radovan Vávra,Czech Republic,topic+title:stale,
UC5AWyocS11EIAYZa8VcmJ9g,3,Q55665428,newspaper,Big Bug News,United States,title_only:stale:gate2_fp68,
UC5GRnOZTvP7cvmCVQQnjiBQ,3,Q107066807,journalist|podcaster,Marvin Wildhage,,no_topic_or_title,UCh24_9600fCJemez4RgoOmw
UC5KDnkKwm5dEKnuzWYEufXw,3,Q55057972,journalist,Yousra Elbagir,Sudan,title_only:stale,
UC5LFjb-de8pRM9P3SK7Y2Yw,3,Q4539192,journalist,Eugeniy Yasenov,Ukraine,no_topic_or_title,
UC5PS5uGyLv9eZ9JLGFxSIyg,3,Q113027165,blogger|journalist|pundit,Boris Rozhin,Russia,unresolved,
UC5Snjb_IbogRnyOWrPT_saA,3,Q55524279,mass media|news media|news website|newspaper|online newspaper,MusicVoice,,no_topic_or_title,UCTKAyuZQm19WcW7G2zf-cmw
UC5Uk8UFQd7BxWtemYtlWWEg,3,Q5111162,journalist|news presenter,Christine Romans,United States,title_only:stale,
UC5Y2-9stgvkP140HadKxXqQ,3,Q61951622,journalist,Evan Narcisse,United States,title_only:stale,
UC5ZpHfOeZbmr7ndPu9e0zVA,3,Q4965804,magazine|mass media|news magazine|news media,Briarpatch,Canada,title_only:stale:gate2_fp68,
UC5aeU5hk31cLzq_sAExLVWg,3,Q16740826,mass media|media company|news agency|news media,Ruptly,Germany,unresolved,
UC5bKSAZBvV9AKlBJPG0Py-A,3,Q844055,mass media|news media|news website,Q844055,United Kingdom,no_topic_or_title,
UC5bq7niO8Q8CacMJ4K4MafQ,3,Q12240839,journalist,Mohamad Ali Kheir,Egypt,topic:no_politics,
UC5btLwBEeYNdYc56YZyBjzw,3,Q7694304,mass media|news media|news program,Teen Kids News,,unresolved,
UC5fRlFKW4L-dovsZiWGUhBw,3,Q4264754,journalist,Pavel Lobkov,Russia,topic:stale,
UC5kS0l76kC0xOzMPtOmSFGw,3,Q16829376,mass media|news media|news website,Chess.com,United States,no_topic_or_title,
UC5nHV528tiEamTRBfjCUOWA,3,Q55667555,newspaper,Park Rapids Enterprise,United States,title_only:stale:gate2_fp68,
UC5pUaAEZf3siunDO2GKKLWA,3,Q37082024,journalist,Dmitriy Abramov,,no_topic_or_title,
UC5yEmLKCbPB0RBjDY5fDrMA,3,Q4147927,journalist,Q4147927,Israel,topic:stale,
UC5zXl0ARIleCjq2YpGXWp1w,3,Q12613608,newspaper,Ilgan Sports,South Korea,no_topic_or_title,
UC60NtszMQViNQRqXE5H5fkw,3,Q16995167,newspaper,Henderson Daily News,United States,title_only:stale:gate2_fp68,
UC611hae5Dsr8Q0sTq3vafOw,3,Q1880147,newspaper,Lübecker Nachrichten,Germany,title_only:gate2_demoted:gate2_fp68,
UC62Nt0UTPTjbCBwZz1heIdw,3,Q292497,newspaper,Al-Baʻth,Syria,zero_videos,
UC667h_VcEIhWqy_MNXsl8KQ,3,Q55120165,newspaper,Bongshomoy News,,no_topic_or_title,
UC67W7xyaeyzxUkVSXDnNaTQ,3,Q133827430,journalist|pundit,Silvio Valencia,Peru,title_only:gate2_demoted,
UC6BEPtWyP7Av0OtU5wiT4cw,3,Q96051459,journalist,Milou Stoop,Kingdom of the Netherlands,title_only:stale,
UC6C1dyHHOMVIBAze8dWfqCw,3,Q459734,magazine|mass media|news media|news website,GameStar,Germany,no_topic_or_title,
UC6C2Mx1hSUHhteOK9XQD-0w,3,Q71128710,journalist,Essi Lamppu,Finland,title_only:stale,
UC6EYL194d0p3TZPW1DCDEXg,3,Q55665680,newspaper,San Diego Informer,United States,no_topic_or_title,
UC6FJi0g8Dc8Ou3D1YmW8nCA,3,Q7800807,magazine|mass media|news media,Tidbits,,title_only:gate2_demoted:gate2_fp68,
UC6GPBg-_CHUoSPbH0BoZ5IA,3,Q18692650,newspaper,Q18692650,Greece,no_topic_or_title,
UC6Icg0pXNxybXGIsgdGCR9w,3,Q140166471,mass media|news media|news website,The Zioneer,,zero_videos,
UC6QnJM_txgwD7WSG3w_fVGg,3,Q108800178,mass media|news media|news website,PlayStation Universe,,no_topic_or_title,
UC6Y-EUwR1u7010ieaZEdKug,3,Q30588399,journalist,Elizabeth Plank,Canada,title_only:gate2_demoted,
UC6Yp0nkbJPZCBTCtWI3IV9g,3,Q55667678,newspaper,Hermann Advertiser Courier,United States,no_topic_or_title,
UC6bIUDXAtZGOB6Wi8AIyHQg,3,Q112654232,journalist,Seyyed Mohammad Hashemi,Iran,unresolved,
UC6eY-HfLJ0DK3fe0FtnNqIw,3,Q13815342,columnist|journalist|pundit,Marie-Claire van den Berg,Kingdom of the Netherlands,title_only:stale,
UC6gcGdYM41BWMZyd3dkvW-g,3,Q111663704,YouTuber|blogger|journalist,Henkka Remes,Finland,zero_videos,
UC6kMKqO_HVd1h9KRtM6EJSw,3,Q124672862,journalist,Lasse Skytt,Kingdom of Denmark,topic+title:stale,
UC6lktFv9Xw-KWFtkWggGakQ,3,Q7579766,newspaper,Sports Nippon,Japan,no_topic_or_title,UCCDmd01WsuFBF8n3yMjHQ1A
UC6lsKNoCqgmjKCX2UjDJa6g,3,Q20909645,newspaper,Nasha Zorya,Ukraine,zero_videos,
UC6mb_JzQHUW0--ggJLSF0Gg,3,Q97200403,journalist,Chelzea Verhoeven,Indonesia,title_only:stale,
UC6wqyYuvEm8X2cs-fZ5nvpA,3,Q4253098,journalist,Dmytro Lazutkin,Ukraine,no_topic_or_title,
UC6xfieS64XZ2HW5IrYm8aSw,3,Q22688414,journalist,Soheir Gouda,Egypt,no_topic_or_title,
UC6yhX3lGeSSRlHycI3rfDqQ,3,Q136793808,mass media|news media|news website,Q136793808,France,no_topic_or_title,
UC6yrRt-9Ih2dipYjQ1G8pNw,3,Q122366325,journalist,Kai Rüsberg,Germany,topic:stale,
UC6z0X1VDFsKKZmMlAV9vk8A,3,Q113691879,mass media|news media|news website|newspaper|online newspaper,The Ithaca Voice,United States,unresolved,
UC73Te9mCdJcHxr_7hPBeGBw,3,Q135826554,newspaper,Q135826554,,no_topic_or_title,
UC73qgirWDCXqBLfLUASyQ2Q,3,Q15068483,journalist|pundit,Viktoriya Uhryumova,Ukraine,no_topic_or_title,
UC751XuPbNnQafyMlUO1JgYA,3,Q108332520,YouTuber|blogger|journalist,David Polesný,Czech Republic,no_topic_or_title,
UC78buaJXMo_15x7_4Yvj0ug,3,Q130752287,journalist|news presenter,Yuchieh Mai,Taiwan,no_topic_or_title,
UC7Bh5tyQp69AqvDCTboorTA,3,Q136340120,journalist,Nick Kosko,United States,title_only:gate2_demoted,
UC7GASqfk8Vx0AbHpRiBcr1w,3,Q124838372,YouTuber|blogger|journalist,Daria Litvishko,Russia,zero_videos,UC2af6Sl5KBeEVCgwLmM0K5A
UC7GcUuO8Z8OBWvJLtQ4d3Sw,3,Q2019298,journalist|pundit,Oleg Kashin,Russia,topic+title:no_politics,
UC7HQXxtwMN1ouGxI6zw5wDA,3,Q9185660,journalist|pundit,Wang Rui-de,Taiwan,no_topic_or_title,
UC7KcV6HyAhd5DWTZyX0RPWw,3,Q55667569,newspaper,Prior Lake American,United States,unresolved,
UC7Qhlw3yDSyMVoqmeBYAqag,3,Q4223087,newspaper,Q4223087,,no_topic_or_title,
UC7RgkXDw-YRqi71D7J3iyMQ,3,Q55667561,newspaper,Perham Focus,United States,unresolved,
UC7aKJRCBftQoaf0KlQUxTMQ,3,Q59474075,journalist,Varvara Makarevich,Russia,no_topic_or_title,UCL6SNo4ReOYYph95EdyCQ1A
UC7d4tMhDHvw6pSsjQIln03g,3,Q71572523,mass media|news media|news website,LewdGamer,,unresolved,
UC7fNJxOvQldPU3nGuKNDwJQ,3,Q102057229,journalist,Q102057229,United States,topic:stale,
UC7fjbNNhQ7skQ4p3kofqz-Q,3,Q55671368,newspaper,Deer Park Tribune,United States,title_only:stale:gate2_fp68,
UC7hiJn9gKxmhYqaGBJAco_g,3,Q55671397,newspaper,Puyallup Herald,United States,title_only:stale:gate2_fp68,
UC7jM43otyf2_Ye_DBrQYKfg,3,Q264724,journalist,Nigella Lawson,United Kingdom,title_only:stale,
UC7lLQVkdm8J0_CHP1AQzX-w,3,Q136906878,journalist,Esteban Van Pieperzeel,Belgium,title_only:gate2_demoted,
UC7lUTN4XDwJ5zMpaQb3M7uQ,3,Q112415597,journalist|pundit,Ralf Stockmann,Germany,no_topic_or_title,
UC7mIhwn-Z2orVm94CSqCtQg,3,Q63725033,journalist,Ebbaba Hameida,Spain,topic+title:stale,
UC7rj1AkkzslIghh2zb6cCqA,3,Q55668372,newspaper,Ogdensburg Journal,United States,title_only:stale:gate2_fp68,
UC7sSW8n9V9ZmGlAtDn5trLg,3,Q4961211,newspaper,Brenham Banner Press,,no_topic_or_title,
UC7yIxn3czoivrVz2utbxyOQ,3,Q124956425,mass media|news media|news website,Negitaku.org,,title_only:stale:gate2_fp68,
UC8-8LXfV5QUpRfSS3cc-UFw,3,Q55666359,newspaper,Waverly Newspapers,United States,title_only:stale:gate2_fp68,
UC85LnYJuLKXKbb_1QYFGYCA,3,Q3956196,journalist,Sergio Nazzaro,Italy,topic+title:no_politics,
UC85qcOtCTk2fhLQOQ721oHA,3,Q139731907,magazine|mass media|news magazine|news media,The Renology,United States,title_only:gate2_demoted:gate2_fp68,
UC87YBeLMwXhgaw5tcCxsXgQ,3,Q19877764,journalist,Mike Cernovich,United States,topic+title:stale,
UC889zu__e-SchavhX7IB1ug,3,Q130664179,mass media|news media|news website,atomix.vg,Mexico,no_topic_or_title,
UC899R9U9Wj-XY-iR6KAcLcw,3,Q104884481,mass media|news media|news website,MMORPG.com,,no_topic_or_title,
UC89aCe0fFyScFU-NegT2CFQ,3,Q113103273,YouTuber|blogger|journalist,Víctor Abad,Spain,title_only:gate2_demoted,
UC8Emf1mfNNAeiHOF8Ax9FEA,3,Q115896504,media company|newspaper,Light Square,Lumina,zero_videos,
UC8MGuZwjg7fgchURZxR__YQ,3,Q55667798,newspaper,Copiah County Courier,United States,no_topic_or_title,
UC8O1R2vEjoUFClwowfe_EEA,3,Q6794939,journalist,Max Kolonko,United States,unresolved,
UC8OGx5mDIq5LMZbHu2mDpnw,3,Q101153959,YouTuber|blogger|journalist,Tomasz Maciejczuk,Ukraine,zero_videos,
UC8OW7scoQ3QcZ-_NNar1Inw,3,Q3893975,journalist,Paolo Del Debbio,Italy,topic+title:stale,
UC8RuaAielSJjMlWkNv5y8Aw,3,Q28099765,journalist,Sasha Filipenko,Belarus,topic:stale,
UC8W1rM29x3VAmI3Z8zh7pRw,3,Q30957186,mass media|media company|news agency|news media,Center News,Ukraine,no_topic_or_title,
UC8X43fKiHCh0MwnmI2f-pRw,3,Q111793104,YouTuber|blogger|journalist,Alina Lipp,Germany,unresolved,
UC8Y7yuPl1NCG-CWKJmg5DJg,3,Q108756711,mass media|news media|news website,Q108756711,,no_topic_or_title,
UC8ahRJITPj5wirlUQ5kln3g,3,Q110712382,journalist,Lucila Pellettieri,Argentina,title_only:stale,
UC8hpSCPDWrjOGgjA4uOX5kA,3,Q140183686,journalist,Jithinraj,India,no_topic_or_title,UCO1LD_J389n3DdGKe3DbSBg
UC8k0yXRhqqMEC2FYK8lITfg,3,Q104699409,journalist,Fern Lulham,,title_only:gate2_demoted,
UC8pg9xlku7qZNzKXZHeoB4w,3,Q22100744,journalist|pundit,Jimmy Wang,Taiwan,topic:no_politics,
UC8qnJ_jq1tSzMRU4DT-Z1vQ,3,Q3204962,newspaper,L'essentiel,,title_only:gate2_demoted:gate2_fp68,
UC8uhPU0rqp55uWncH66kcHg,3,Q4726381,journalist|podcaster,Alie Ward,United States,title_only:stale,
UC8vCfnyeH6umlIneHAi_sWw,3,Q885331,journalist|pundit,Ranga Yogeshwar,Luxembourg,topic+title:stale,
UC8wSHWX2UaPmb-igm_LB1WA,3,Q141156001,journalist,Kelly-Anne Riess,Canada,topic+title:stale,
UC8xHednEgomDFqsdgOarpJg,3,Q5653259,journalist,Paco Costas Verde,Spain,no_topic_or_title,
UC8xScBsxgilbW-lwqfkkLeA,3,Q122876414,journalist,Olivia Luna,Mexico,no_topic_or_title,
UC9-QlrHq1_WqrStwxuGKSGA,3,Q5042868,newspaper,Carlsbad Current-Argus,United States,no_topic_or_title,
UC94vzqsKdzCuNSIR5NX-fkg,3,Q55666094,newspaper,Mundo Hispanico Atlanta,United States,unresolved,
UC95NVHjEm3K02CHVrievTWA,3,Q55666607,newspaper,Rochelle News-Leader,United States,title_only:stale:gate2_fp68,
UC95i8fhjSX5Taw6kQBYKKJw,3,Q499587,journalist|pundit,Fabio Caressa,Italy,title_only:gate2_demoted,
UC97LmA0GgiTWV8NK9d5C9LA,3,Q141169962,journalist,Tony Farmer,United States,topic+title:no_politics,
UC98Zwfvjq12M1oi99Yqd78w,3,Q117218288,journalist,Tracy Diaz,United States,topic+title:stale,
UC9BjuzDpwggn_wHauhN3iiw,3,Q7722794,magazine|mass media|newspaper,The Chronicle,United States,title_only:gate2_demoted:gate2_fp68,
UC9CxE-8OzaK8Rfpfo_Cd1RA,3,Q4463473,journalist,Artemi Troitski,Russia,topic:stale,UCwHlRYlHLNYgpzLwEyfz4kw
UC9EzOw2aGQbmSP5pz-8xgBw,3,Q55668016,newspaper,North Bend Eagle,United States,title_only:stale:gate2_fp68,
UC9F7p-rCK-sesPGz5f2v1pQ,3,Q4344128,journalist,Yuliya Pankratova,Russia,no_topic_or_title,
UC9FHvDfaufxeyOoBczSF7Ng,3,Q53186219,journalist,Paul Carter,United Kingdom,title_only:stale,
UC9GVQw1GmAPcb7-hwWGEuEg,3,Q11320301,newspaper,Daily Sports,Japan,no_topic_or_title,UC3FAnq3tVbZucEZx6p842xA
UC9Lw_seZAwW6EIlBbALsarQ,3,Q55666310,newspaper,Lake Mills Graphic,United States,no_topic_or_title,
UC9NVT9gQKKgG4b55EP18Hgg,3,Q140137954,mass media|news media|news website,Q140137954,France,no_topic_or_title,
UC9Pm3tHs__h26yMs_ZqAWqw,3,Q4442699,journalist|news presenter,Vladimir Stogniyenko,Russia,no_topic_or_title,
UC9Qp7BHEOKmKfS7Ooa0VYnQ,3,Q2915379,journalist,Rebecca MacKinnon,United States,topic+title:stale,
UC9YvMSVvJJSYWIVB4yFRHow,3,Q120232798,journalist|pundit,Clara Albuquerque,Brazil,title_only:gate2_demoted,
UC9a9k2dwWMd5vd3ICg5PUdQ,3,Q117599812,mass media|media company|news agency|news media,Lugansk Media Centre,Luhansk People's Republic,unresolved,
UC9fBCwkpBG3aTP577jz3gOQ,3,Q1055001,journalist,Emilio Fede,Italy,topic+title:stale,
UC9j9Tw020p87Lsljzs8ffBw,3,Q120167298,mass media|news media|news website,Algérie 360,Algeria,unresolved,
UC9jPaEklg9zdhouet-ZHnSQ,3,Q2531297,journalist|pundit,Volker Sielaff,Germany,title_only:stale,UCU94Ee0McqWbtLo-nVrqPGw
UC9mu-O9v252vXt3s8y5JgaQ,3,Q134611521,mass media|news media|news website|newspaper|online newspaper,Q134611521,Belarus,no_topic_or_title,
UC9tSSNCBy7eO4N6Rj1xOL-A,3,Q55667759,newspaper,digitalBURG.com,United States,title_only:stale:gate2_fp68,
UC9wtFRUML30Zob8-xZsod8A,3,Q137287142,magazine|mass media|news media|news website,Redgol,Chile,title_only:gate2_demoted:gate2_fp68,
UC9x27t8_y1pxon4tVcMPV9A,3,Q7650747,journalist,Suzannah Lipscomb,United Kingdom,title_only:stale,
UCA3axQwpUh1zZ2Fy1UYhhvg,3,Q111450385,journalist|podcaster,Gabriela Darmetko,Poland,topic+title:stale,
UCA3ruDoERVJuT6JMGZ9HNmw,3,Q135898095,mass media|news media,SBT Games,Brazil,no_topic_or_title,
UCA49WBKtEJosFXaxnidQVuQ,3,Q119481199,columnist|journalist|pundit,Alexander Estis,Switzerland,no_topic_or_title,
UCA4wAcIS2iOMB9vrDbiEjfQ,3,Q131397970,journalist,Q131397970,Russia,topic:stale,
UCA4yd_2jZUzoQIjAnuhTP8A,3,Q56236872,newspaper,Review Times,,title_only:stale:gate2_fp68,
UCA89rhWu_uIGYcbkpLV4GJw,3,Q46967337,blogger|journalist,Dorje Batuu,United States,topic:stale,
UCA8idYtS49-OrpB2v90SY0g,3,Q4380334,journalist|pundit,Igor Prokopenko,Russia,topic:stale,
UCA9Hn_hhCovapO3ARD927Wg,3,Q133858214,journalist,Q133858214,Russia,topic:stale,
UCAIUiO00slCsccZfYeeVbaw,3,Q7749748,newspaper,The Malibu Times,United States,title_only:stale:gate2_fp68,
UCAJioHOMJaWRhcK_x1QzHcw,3,Q110279360,blogger|journalist,Yegor Prosvirnin,Russia,topic:stale,
UCAKPNSxjuIyG9DPNO6RmHpw,3,Q16734117,journalist,Paranjoy Guha Thakurta,India,unresolved,
UCALXqzo2vzJ_uE-M1vSQTlA,3,Q87062834,journalist,Katri Norrlin,Finland,title_only:gate2_demoted,
UCAMe9a44Mj60L6hKVgq8s-w,3,Q124134731,journalist|pundit,Yao Zhou Xie,Taiwan,topic:stale,
UCAODqCjusLiWkDFYnzRHzDg,3,Q11360985,journalist,Mitsuko Shimomura,Japan,topic+title:no_politics,
UCAOo3GoWjT5GAgX30B_QcGw,3,Q139078325,journalist,Luke Dreyer,United States,title_only:stale,
UCAPj4DwT8oHzZnag2AKgoGA,3,Q55671039,newspaper,Williamson Herald,United States,title_only:gate2_demoted:gate2_fp68,
UCATAeNEZ5pIWqhBQp5FxtkQ,3,Q55671002,newspaper,Lennox Independent,United States,title_only:stale:gate2_fp68,
UCAY_M9HyJb8oMKPV1utQQyA,3,Q611515,magazine|mass media|news media|news website,TechRadar,United Kingdom,title_only:gate2_demoted:gate2_fp68,
UCAZHz-WrMOOS_T2fv6sVcRQ,3,Q88066877,journalist,Bang Xiao,Australia,topic+title:stale,
UCA_WTxCtfG9THRrr8UVlmLQ,3,Q48869214,journalist,Geir Tangen,Norway,topic+title:stale,
UCAcKK068yoVU26wlKgemARw,3,Q55666350,newspaper,Solon Economist,United States,title_only:stale:gate2_fp68,
UCAetchNO44_9WuBGbLYHuoQ,3,Q55671424,newspaper,Bloomer Advance,United States,title_only:stale:gate2_fp68,
UCAh6Y0LnnIxFGDRYuHWAZiA,3,Q55666791,newspaper,Wabash Plain Dealer,United States,title_only:stale:gate2_fp68,
UCAiFC20mX5OhmUXvhAAFQVw,3,Q122917183,journalist,Ainhoa Pérez de Lema,Spain,title_only:gate2_demoted,
UCAnO0MtqT3-78X6g15OKVVw,3,Q140184931,mass media|news media|news website,FogãoNET,Brazil,title_only:gate2_demoted:gate2_fp68,
UCAvBcst08Tfo4VNtIaRPTNw,3,Q23680148,mass media|news media|news website|newspaper|online newspaper,Russia Insider,Russia,unresolved,
UCAyruNty-mTZQKotninYGew,3,Q4372368,journalist,Alexey Popov,Russia,no_topic_or_title,
UCAziVAWDFI4XZ9CPxzvQy9A,3,Q87472097,blogger|journalist,Xushnud Xudayberdiyev,Uzbekistan,topic:no_politics,
UCB-UX4ysD_38SRQ0gPLAHtw,3,Q55976445,journalist,Fadwa El Gallal,United States,topic+title:stale,
UCB6aUtKm9baIJwa5Ac3QgUw,3,Q109536096,journalist,Jack Scarlett,,title_only:stale,
UCB6pCNk61wXCsnEgi94HEBg,3,Q106149869,mass media|news media|news website,Dexerto,United Kingdom,no_topic_or_title,
UCB8_ybLkPh6UE4BoEUagO_Q,3,Q68208584,journalist,Elena Zhosul,,topic:stale,
UCBBkO1EPyt5CNSWS9m8-ODA,3,Q2840261,mass media|news media|news website|newspaper,La Nueva Provincia,Argentina,title_only:gate2_demoted:gate2_fp68,
UCBDLWj5X5D9bvBa3JIMMTIQ,3,Q4051032,mass media|news media|news website|newspaper|online newspaper,Q4051032,Russia,no_topic_or_title,
UCBFKiEsDhYNTmcEtQpZN6iQ,3,Q10542093,newspaper,Jönköpings-Posten,,title_only:stale:gate2_fp68,
UCBG72V0xLMXs7SdT_Som2bA,3,Q105358732,journalist,Fahd El Hachimi,Morocco,no_topic_or_title,
UCBHaaxbY_brA3_ur7nqKL_Q,3,Q136868246,mass media|news media|news website|newspaper,Dale Albo,Chile,no_topic_or_title,
UCBJEHUlw_Ew0hjWckhAAxeg,3,Q113463148,journalist,Heidi Saadiya,India,no_topic_or_title,
UCBNW5_epy0Yv_WLtflcGi_A,3,Q50768346,YouTuber|blogger|journalist,Preben Fjell,Norway,no_topic_or_title,
UCBQ6ycNYdtsb-f3PbETNcBQ,3,Q55665333,newspaper,El Dorado News-Times,United States,title_only:stale:gate2_fp68,
UCBRVviL3QjQN36Vg-_wVfcA,3,Q4386701,journalist,Igor Rabiner,Russia,no_topic_or_title,
UCBXVM4Bq_Q4FKr5eVW3YP1A,3,Q112144620,journalist,Rob Freijssen,Kingdom of the Netherlands,title_only:stale,
UCBZ01--c0Zcjzs9MpizXCsQ,3,Q107750969,mass media|news media|news website,Can I Play That?,United States,title_only:stale:gate2_fp68,
UCBaSfVghs12kGNQTK8KKwRw,3,Q41201533,journalist,Sergey Malozemov,Russia,no_topic_or_title,
UCBbEXABI0svZOkn3sx7DkEA,3,Q12841228,journalist|pundit,Keramet Boyukchol,Azerbaijan,topic:stale,
UCBd0rvLaFgWy7PdwLGACOOQ,3,Q134711125,mass media|news media|news website|newspaper|online newspaper,nextpit Global,,no_topic_or_title,
UCBevtY7fDYVEVkgWez2tAgA,3,Q190238,media company|public broadcaster,Norwegian Broadcasting Corporation,Norway,no_topic_or_title,
UCBfoWC5KvUb4F7bc0pBIf8w,3,Q55665765,newspaper,Yucaipa/Calimesa News Mirror,United States,title_only:stale:gate2_fp68,
UCBgAENW-cqet20a10KFvVkw,3,Q117842856,mass media|news media|news website|newspaper|online newspaper,Wakat Séra,Burkina Faso,zero_videos,
UCBhRpnSDEazpua8OECPTqfQ,3,Q55667898,newspaper,Crossroads Chronicle,United States,title_only:stale:gate2_fp68,
UCBj9g05Kw-NY_56wWf1yuYA,3,Q133282461,mass media|news media|news website|newspaper|online newspaper,Murky Depths,,title_only:stale:gate2_fp68,
UCBjr65cZaVAFDylViQCMBaQ,3,Q55666300,newspaper,Ida County Courier,United States,no_topic_or_title,
UCBmrUXyLkWRRp-Fn3XYd-3Q,3,Q5349874,journalist,Eirini Nikolopoulou,Greece,topic+title:stale:alt,UCa_ge1kVb-6ybEeZB2XdluA
UCBu498ocX1hwsv8oJkl3qKg,3,Q109699559,mass media|media company|news agency|news media,Piter.Tatar,Russia,no_topic_or_title,
UCBuxMOdWNGeiqYC1JYfdYAg,3,Q5035526,newspaper,Capital City Weekly,United States,title_only:stale:gate2_fp68,
UCByLr6VZW5cprMpcGOXlrvQ,3,Q11956605,magazine|mass media|newspaper,=Oslo,Norway,title_only:stale:gate2_fp68,
UCBywNsnUH9AO8uHhvWQu2NQ,3,Q6834032,journalist|pundit,Michael Russo,United States,no_topic_or_title,
UCBzCFxPguqG_j35bW9AOKGQ,3,Q140183686,journalist,Jithinraj,India,no_topic_or_title,UCO1LD_J389n3DdGKe3DbSBg
UCC--sFrr-ZVtIh9h_4dbXPw,3,Q24533161,journalist,Martin Thür,Austria,title_only:stale,
UCC02M4tYbYQT1mPbVh6jqVA,3,Q55668559,newspaper,Gant Daily,United States,title_only:gate2_demoted:gate2_fp68,
UCC39csNhK1r1x5386Hp47gg,3,Q30527550,journalist,Guy Grimland,Israel,topic+title:stale,
UCC8OThFo1o7z6Mjrad5ozHg,3,Q110082931,journalist,Chhavi Sachdev,,title_only:stale,
UCC9iQ3OvMHIalaBFY3wNfcg,3,Q110867554,journalist,Patrick von Sychowski,Sweden,title_only:stale,
UCC9qCcyZQ2ul_A9hX-6Yxlw,3,Q60331237,mass media|news media|news website,Q60331237,,no_topic_or_title,
UCCDmd01WsuFBF8n3yMjHQ1A,3,Q7579766,newspaper,Sports Nippon,Japan,no_topic_or_title,
UCCFy6nNa53k6NyFHTZrFHRw,3,Q136863322,mass media|news media|news website,La Página Millonaria,Argentina,title_only:gate2_demoted:gate2_fp68,
UCCGg-9fgSI8GU3zGRCXLkLQ,3,Q16719175,journalist,Q16719175,Ukraine,no_topic_or_title,
UCCHdEoKiEr-lctwXICrOT_A,3,Q107746246,mass media|news media|news program,MixX,Germany,no_topic_or_title,
UCCPzkstbidZniw38EM0I8GA,3,Q98713444,mass media|news media|news website,Q98713444,,no_topic_or_title,
UCCTBtQ9ME03fLw9CvivtneQ,3,Q105604901,journalist,Chris Fox,,title_only:stale,
UCCWXFKoPE6uq07yKxeD0uDA,3,Q9119291,journalist,Wu Yu-shu,Taiwan,no_topic_or_title,
UCCXH2W8abjsurCSstC85rFg,3,Q122625959,journalist|news presenter,Pitipat Kootrakul,Thailand,title_only:stale,
UCCZNN9AlMyRZds4qnMfSTew,3,Q55671487,newspaper,Mountain Messenger,United States,title_only:stale:gate2_fp68,
UCCaeWAMPwyvs-77IhRpi0CQ,3,Q7803186,journalist,Tim Blair,Australia,no_topic_or_title,
UCCdcLk21v6c3mkjApmBHJMQ,3,Q104012827,journalist|pundit,Aya Nakamura,Japan,topic:stale,
UCCegl13nmUvxUKMJqng1S-A,3,Q125362014,YouTuber|blogger|journalist,Q125362014,Czech Republic,topic:no_politics,
UCCf9-Q7bKyH95l-Sj6N9Azg,3,Q104552008,mass media|news media|news website|newspaper,Hockeysverige,Sweden,no_topic_or_title,UCQ1oyArkCpC5UmJBhRsmigg
UCCh5MR8VLYCRiO_Rs5by5RQ,3,Q141350620,journalist,Arthur Fantastic,,title_only:gate2_demoted,
UCCj956IF62FbT7Gouszaj9w,3,Q9531,public broadcaster,British Broadcasting Corporation,United Kingdom,no_topic_or_title,
UCCk81M9dez8vwVbJvluP9tg,3,Q17057278,newspaper,Muskogee Phoenix,United States,title_only:stale:gate2_fp68,
UCCnscT7UPizm-K55wYZ-GEQ,3,Q140130523,mass media|news media|news website|newspaper|online newspaper,101 Great Goals,United Kingdom,title_only:gate2_demoted:gate2_fp68,
UCCp_7ns6U7cn4fON2NCC22g,3,Q30086376,mass media|news media|news website|newspaper|online newspaper,Haredim10,Israel,no_topic_or_title,
UCCprsL2xVSoReeKCCnWkd7Q,3,Q18018129,YouTuber|blogger|journalist,Aaron Troschke,Germany,title_only:gate2_demoted,
UCCuAUzIrbiC1MMITQT0TzHQ,3,Q55665361,newspaper,Malvern Daily Record,United States,title_only:stale:gate2_fp68,
UCCw5Pi_E0BoygS0bxe1MTZg,3,Q196150,journalist,Gildo De Stefano,Italy,topic+title:no_politics,
UCD-5xt1dG-QWKwqRXVQsSiQ,3,Q138416924,mass media|news media|news website|newspaper|online newspaper,the5krunner,United Kingdom,unresolved,
UCD-wofXkCyZ-uRkcZMmwEEA,3,Q139504902,journalist,Zenji Nishikawa,,no_topic_or_title,
UCD0CcyMnVhEeAV5tNVM04cg,3,Q11339742,mass media|news media|news website,Mynavi,Japan,no_topic_or_title,
UCD4Fd_NGg7EmwZqzp_SEZRg,3,Q11084535,mass media|news media|news website,Newtalk News,Taiwan,title_only:gate2_demoted:gate2_fp68,
UCD4qMoFPUEzSn4CurFLJkIQ,3,Q106420962,YouTuber|blogger|journalist|pundit,Q106420962,United States,no_topic_or_title,
UCD5KJ71_XQziwsmKqx2GLdQ,3,Q5997910,journalist,Ilia Calderón,Colombia,no_topic_or_title,
UCDCCfNA_SoXVa0jKewxLKog,3,Q9084101,journalist,Q9084101,Taiwan,no_topic_or_title,
UCDMCJwIpeY5HwlmA70AxuVA,3,Q55667646,newspaper,Bowling Green Times,United States,title_only:stale:gate2_fp68,
UCDRHMLuGsL_LV2gEXTfB2BQ,3,Q97169857,journalist|pundit,Marcin Celiński,Poland,topic:stale,
UCDTb5OE2OqJZTBzAgV8fEfg,3,Q94501028,journalist,Jussi Nygren,Finland,no_topic_or_title,
UCDZtywqseGq8GqNyfojITBA,3,Q109287589,journalist|pundit,Mansaku Ikedo,Japan,topic:stale,
UCD_zLuAnvh64JxjiCaSAj7g,3,Q62710540,journalist,Pierre-Yves Lautrou,France,title_only:stale,
UCDcYE_zuhL-_42bkBdis5_A,3,Q112865111,journalist,Shadi Ballan,Israel,no_topic_or_title,
UCDf2PpOTcw_txf-zYCtuVSw,3,Q6294680,newspaper,Journal Tribune,,title_only:stale:gate2_fp68,
UCDf9sm8xLgGC9dv5nysQH6A,3,Q2256958,journalist,Mansour Alnogaidan,United Arab Emirates,topic+title:stale,
UCDijPxQOqNrt7LhJVojRlaA,3,Q4068569,newspaper,Ararad,Lebanon,zero_videos,
UCDip0d80ZbM_y57UIz1DL9Q,3,Q66588171,mass media|news media|news website|newspaper|online newspaper,Techgarage,Switzerland,title_only:gate2_demoted:gate2_fp68,
UCDlwva51cG6yvJRenTfGMQQ,3,Q60992417,journalist,Q60992417,Taiwan,no_topic_or_title,
UCDwc2Jf3Z49sQCLkS3bNdhA,3,Q139166610,journalist,David Brothers,United States,no_topic_or_title,
UCE0KGRfkuBZIBeNxUTW0alw,3,Q106572896,YouTuber|blogger|journalist,Nerea Sanfe,Spain,title_only:stale,
UCE2WxmNAV0d6Mo1HT96FnHA,3,Q96582808,journalist,Caoimhe Ní Chathail,Ireland,title_only:stale,
UCE4M-P8tHA28YZH_1Bdc3qA,3,Q127270628,mass media|news media|news website,Q127270628,,unresolved,
UCE5eCcvwOdsDbssqdYFgzaQ,3,Q4681564,journalist,Adel Hammouda,Egypt,topic+title:no_politics,
UCE5zAePu8RLcZF6CWmEyTwg,3,Q55667633,newspaper,Cottonwood County Citizen,United States,title_only:stale:gate2_fp68,
UCE6oxu3u4dVtcvHNkbM27kA,3,Q55665222,newspaper,Cordova Times,United States,unresolved,
UCE8LqmM9zkuzOgaYhakwTdw,3,Q18572033,mass media|media company|news agency|news media,Sputnik,Russia,unresolved,
UCEBZW7UjMZdoZrBv_13QQ8w,3,Q104815072,mass media|media company|news agency|news media,Prostoprosport.ru,Russia,title_only:stale:gate2_fp68,
UCECm590deY9vp5m8NT68Qgg,3,Q110279360,blogger|journalist,Yegor Prosvirnin,Russia,topic:stale,UCAJioHOMJaWRhcK_x1QzHcw
UCEJI_NA4ooBY7si9A3QRWtg,3,Q138427150,mass media|news media|news website|newspaper|online newspaper,Echo24.de,Germany,title_only:stale:gate2_fp68,
UCEKi1uXVgE-D7F0lXN-5oWg,3,Q55666915,newspaper,Greensburg Record-Herald,United States,title_only:stale:gate2_fp68,
UCENVVQPJYDMP_ejzZ4eoRLA,3,Q55667273,newspaper,Ellsworth American,United States,unresolved,
UCEWxVISlv1sW6gu5oL_py7g,3,Q9209268,journalist|news presenter,Q9209268,Taiwan,topic:stale,
UCEZEW2z22WBkUB2Fcs8Gq3A,3,Q5994757,YouTuber|blogger|journalist|pundit,Manuel de Tezanos Pinto,Chile,no_topic_or_title,
UCE_LWXcsdp7cWbo4DR4ZA-A,3,Q118744878,YouTuber|blogger|journalist,Valentine Delattre,France,no_topic_or_title,
UCEdU4GCe6FVprD24K9Z1Ikg,3,Q8994452,journalist,Q8994452,Taiwan,no_topic_or_title,
UCEdmPuZ8EjASRW4hQgTtRmA,3,Q7720961,newspaper,The Caledonian-Record,United States,no_topic_or_title,
UCEi6fyEyClRMdDKVI2QtmyQ,3,Q109352158,journalist,Zeeshan Aziz,Pakistan,no_topic_or_title,
UCEivbVJc9u5TYCypga47pKQ,3,Q18645499,journalist,Q18645499,Slovenia,no_topic_or_title,
UCElwhCFLlDYgt6fIFdgaafg,3,Q125224640,journalist,Boris Kharlamoff,France,title_only:stale,
UCEn2u0qlN_kFNZTah5ojctA,3,Q6834006,journalist|news presenter,Michael Rowland,Australia,no_topic_or_title,
UCEqNyLUXuiRQnZR2T9VP11g,3,Q9322957,columnist|journalist|pundit,Guan Zhongxiang,Taiwan,no_topic_or_title,
UCEs2VOQBfaeuYRHOFnzUNEg,3,Q124637930,public broadcaster,Antigua and Barbuda Broadcasting Services,Antigua and Barbuda,unresolved,
UCEtHqbZveePB1t76gxXH9PQ,3,Q54834006,YouTuber|blogger|journalist|pundit,Luna Darko,,zero_videos,UCfmfzKErbJb23f9hypSaXdw
UCEuEhZR2i_mJCQwVw2la-3Q,3,Q11316551,journalist|pundit,Tarzan Yamamoto,Japan,no_topic_or_title,
UCEw_RSKUYQtVvP_CN657vlQ,3,Q7111269,newspaper,Ouray County Plaindealer,United States,title_only:stale:gate2_fp68,
UCEweTygfxbsjYySvyUGQtRA,3,Q122702225,journalist,Jacek Kiełpiński,,topic+title:no_politics,
UCF2E-9dtRrpl2aMv3i0_6BA,3,Q112994250,blogger|journalist,Nadezhda Strelez,Russia,no_topic_or_title,
UCF52cJb5zcl5DO2xiXlJiBQ,3,Q12288184,journalist,Neri Terzieva,Bulgaria,topic:stale,
UCF5AuFMrHaAyaWboQntJibA,3,Q107015621,mass media|news media|news website,androidwedakarayo.com,Sri Lanka,no_topic_or_title,
UCF6-DtXR5feBLW8k2WJpsTw,3,Q17058555,journalist,Kjersti Flaa,Norway,title_only:gate2_demoted,
UCF65uBi2Q-yPDLe1kYaJVBA,3,Q105672143,columnist|journalist|pundit,Effie Agrafioti,Greece,no_topic_or_title,
UCF67Mszh3kvMaji4FVtBYxQ,3,Q55671412,newspaper,Methow Valley News,United States,title_only:stale:gate2_fp68,
UCF7TmY5rULBkV3hC5Oyw2aQ,3,Q126999989,YouTuber|blogger|journalist|pundit,Pavel Gorodnitskiy,Russia,no_topic_or_title,
UCF84AcvzViybFvmNsiA_gIw,3,Q5528640,mass media|news media|news website|newspaper|online newspaper,Gay Star News,United Kingdom,unresolved,
UCF9NawXtyjljC6u5eGFUu3Q,3,Q3870031,journalist,Naman Tarcha,Syria,topic+title:stale,
UCFEeqoeuHzLzXi380gtIqhg,3,Q7754344,newspaper,The North Jefferson News,United States,title_only:stale:gate2_fp68,
UCFHLDMkA9INZgDaEhsyxdhg,3,Q55668300,newspaper,Gouverneur Tribune-Press,United States,title_only:stale:gate2_fp68,
UCFI3eGFalUyfq_5p9qUVDtg,3,Q109746479,newspaper,Kyzylordinskiye vesti,,no_topic_or_title,
UCFQ0gYcbnWh5pFgg7VCjTlw,3,Q60635490,journalist|pundit,Manu Thiele,Austria,title_only:gate2_demoted,
UCFRCxhLyqYFYrpVXu_ymvIA,3,Q7728640,newspaper,The Daily Courier,,title_only:stale:gate2_fp68,
UCFUCWbbafZlC6O5CrFHlWyw,3,Q11715566,YouTuber|blogger|journalist,Jacek Sierpiński,Poland,zero_videos,
UCFVr-YRRWxIO1Ih91DO5VCQ,3,Q117599945,journalist,Michelle Shen,United States,topic+title:stale,
UCFWzMvdg4JvQTeHATrTEpPw,3,Q78011,journalist|news presenter,Eva Herman,Germany,topic+title:no_politics,
UCFYpybJd5FaOhBN2MCu-IMA,3,Q115455264,journalist,Hadar Tadmor,Israel,no_topic_or_title,
UCFbA27d0eQi-sohJ8IADEww,3,Q106405629,journalist,Hani Alademi,Yemen,no_topic_or_title,
UCFdK2M7al1zYGjdFQGMpjVA,3,Q55668500,newspaper,Antlers American,United States,title_only:stale:gate2_fp68,
UCFdazs-6CNzSVv1J0a-qy4A,3,Q112121009,journalist|podcaster|pundit,Justin Roczniak,,topic:stale,
UCFeSHqNM3900oYKo9BZMUVw,3,Q16843502,journalist,Patrick Gower,New Zealand,topic+title:no_politics,
UCFevW6oeqDNB2d6rmU2fUPQ,3,Q116839221,journalist,Itamar Fleischmann,Israel,topic+title:stale,
UCFhE2Em7IzFELpMJMOreo-Q,3,Q6881165,journalist,Nabil Shabib,Germany,topic:stale,
UCFl6erRm-7dLjsMWPj6EYQA,3,Q4816055,mass media|newspaper,Atlanta Daily World,United States,title_only:stale:gate2_fp68,
UCFlSZk4lpH5Y25Rxb8V-Ygg,3,Q68208584,journalist,Elena Zhosul,,zero_videos,UCB8_ybLkPh6UE4BoEUagO_Q
UCFoLsOGuLIXqMvkpLXQFLCw,3,Q55666967,newspaper,Amite-Tangi Digest,United States,unresolved,
UCFq6WCd0xcEVA-c7QNLrSgg,3,Q106826989,journalist,HipHopGamer,United States,no_topic_or_title,
UCFs7ZDCCGJ30rwn6m20Fkxw,3,Q7769239,newspaper,The Tifton Gazette,,title_only:stale:gate2_fp68,
UCFsVGkSvkVPAddborY-s9yA,3,Q5129423,journalist,Claudio Tognolli,Brazil,unresolved,
UCFv1AUTgQWbe66O4sFDb6Mw,3,Q123126530,journalist,Roy Edan,Israel,unresolved,
UCFvT2nhYb95uASRZFaKlacA,3,Q55646885,journalist,Antonia Yamin,Israel,topic+title:stale,
UCFxkzzUltJ8_dNiaUHIZB_g,3,Q55671378,newspaper,Issaquah Press,United States,title_only:stale:gate2_fp68,
UCFy9hgi7oH9pFBE4BwJMKRw,3,Q113324967,journalist,Emily Young,Canada,title_only:stale,
UCG06XN-4qKz_OswvM-F3X3Q,3,Q138542409,blogger|journalist|podcaster,Amy Lynn,United States,unresolved,
UCG28yZ9yGf0AsCvhwrLwlHg,3,Q509894,journalist,Alexandra Zazzi,Sweden,title_only:stale,
UCG3KNWIQcXBoYwGdO4H_BOg,3,Q6519670,journalist,Leigh Sales,Australia,zero_videos,
UCG6ASwH5T16sS1Zk-MOqe8g,3,Q124513807,mass media|news media|news website|newspaper|online newspaper,Q124513807,,no_topic_or_title,
UCG7ONASvaiHlmKSFYUDyqCA,3,Q24934244,journalist,Vitaly Ivanov,Russia,topic:stale,
UCG9G2dyRv04FDSH1FSYuLBg,3,Q3161598,YouTuber|blogger|journalist,Jamy Gourmaud,France,title_only:gate2_demoted,
UCG9K93f0Tr4scFrl1k6OKOw,3,Q131006999,journalist|news presenter,Cherrie Cheng,Taiwan,no_topic_or_title,
UCG9kx9-XZkVMj6Yres3wM-A,3,Q106462544,columnist|journalist|pundit,Judith S. Basad,Germany,title_only:stale,
UCGA4At5j7Ug2Kk4k5UfIKjg,3,Q105672143,columnist|journalist|pundit,Effie Agrafioti,Greece,no_topic_or_title,UCF65uBi2Q-yPDLe1kYaJVBA
UCGF3FoRVC6Kd6Cz9pcwWgWQ,3,Q110998740,journalist,Adolfo Q. Paglinawan,Philippines,topic+title:stale,
UCGFB9MlwIaylGNb2xywQRog,3,Q12310460,journalist,Erkan Özden,Kingdom of Denmark,topic+title:stale,
UCGGZeFmSAUNJShVDlXGLtXQ,3,Q137192568,mass media|news media|news website|newspaper|online newspaper,TrueGaming,Saudi Arabia,no_topic_or_title,
UCGH4Wx-WL10iB4ZAdewkuDw,3,Q135419937,mass media|news media,adrenaline,Brazil,no_topic_or_title,
UCGHCH1DPfcQR042RdFnMV9g,3,Q16209877,journalist,Cathy Kelley,United States,title_only:stale,
UCGHwTOC64k45dEByIdmLrlg,3,Q3856762,journalist,Michele Posa,Italy,title_only:gate2_demoted,
UCGP5Y14H7-UIeW1oU6J5J2g,3,Q137796282,journalist,Domenico Misciagna,Italy,no_topic_or_title,
UCGRGnXXIVtOaQP74o2ae9Sw,3,Q114299469,mass media|news media|news website,YuriNavi,Japan,no_topic_or_title,
UCGVAL_wYwXMHLLYR_ER2bwg,3,Q50917283,journalist,Roozbeh Farhangmehr,Germany,no_topic_or_title,
UCGVCj0emaOOuNoMwMwhbleg,3,Q55668510,newspaper,Hugo Daily News,United States,title_only:stale:gate2_fp68,
UCGYeWBN3vVfbjnyKaFMbgHQ,3,Q96250372,newspaper,Q96250372,Spain,zero_videos,
UCG_d8FKXj-UsPbEfrDauW6g,3,Q115435908,journalist,Seán Ferrick,,no_topic_or_title,
UCGe96mv2FcdfQXmtSXYF_fA,3,Q19854443,mass media|news media,Stand News,People's Republic of China,zero_videos,
UCGeYFCVtGPAPCK5iScu_Iwg,3,Q126404406,mass media|news media|news website,Andriasang,,no_topic_or_title,
UCGfCMpvqoBpjxxsJgGUAE2g,3,Q55667812,newspaper,Magee Courier,United States,title_only:stale:gate2_fp68,
UCGgY-pbqt3tghLXx9wVwJSg,3,Q28531234,journalist,Luis Mariano Fernández Pimentel,Spain,topic+title:no_politics,
UCGjN2_gFjUMQP7Ukq2U2Dkg,3,Q107493383,YouTuber|blogger|journalist,Auman Yick,British Hong Kong,title_only:gate2_demoted,
UCGm2ccJFnn96L0X04Gy0TQQ,3,Q17086751,newspaper,Times News,United States,no_topic_or_title,
UCGmBbiBHNp7o427wcXmOpjQ,3,Q139695079,mass media|news media|news website,PS Verso,Brazil,no_topic_or_title,
UCGoPOx8Fy9h9ZaBrlJfo45Q,3,Q3324817,newspaper,Moskovskaya Pravda,Russia,no_topic_or_title,
UCGqfDyOfUH_6jxz_PMc5MRg,3,Q137888211,journalist|podcaster|pundit,Pavel Shchelin,Russia,topic+title:no_politics,
UCGvhZ-m3WmxqGT0QXFRZ4gw,3,Q109917018,journalist,Zach Weissmueller,,zero_videos,
UCGwI-TxHn4FsgvyC-JGRcHA,3,Q55667707,newspaper,Nevada Daily Mail,United States,no_topic_or_title,
UCGwmwLKpHxTllE7p5bqdDbg,3,Q55672263,newspaper,Northern Light,United States,title_only:stale:gate2_fp68,UCvYFt07KwKjJY4wAhBRlSRQ
UCGzUOGnzhG4KJmqlqYifR2A,3,Q55671395,newspaper,North Kitsap Herald,United States,unresolved,
UCH0_K0_60GbUIS9K2tqn3IA,3,Q4128373,columnist|journalist|pundit,Aleksandr Vulykh,Russia,no_topic_or_title,
UCH3NR9sr8riEC1v4vXzjKwQ,3,Q43424337,journalist,Norihiko Sasaki,Japan,zero_videos,
UCH4sdbr53vWNizmh7sDi-yQ,3,Q136548747,mass media|news media|news website,applenapps.com,,no_topic_or_title,
UCH77c1Y8cO3wcYoWSA0H8mg,3,Q113368695,journalist,Mónica Domínguez,Spain,title_only:stale,
UCH9LJ4LCDzVDJZtQA_NOr6Q,3,Q4833225,mass media|public broadcaster|radio station,Açık Radyo,Turkey,no_topic_or_title,
UCH9gvKM8ArDzEOcYpYchupQ,3,Q56236653,newspaper,Homer Index,,title_only:stale:gate2_fp68,
UCHBD_NazbrBL4kgOhBWIBOQ,3,Q41796373,journalist,Imran Yaqub Khan,Pakistan,topic+title:stale,
UCHCb_XeHyVhNRTROMPl8b4w,3,Q16149635,journalist,Angie Asimus,,topic+title:stale,
UCHHRtAsqOhlwvgOXRG12WUA,3,Q55666247,newspaper,Britt News Tribune,United States,title_only:stale:gate2_fp68,
UCHL12woHGeiqAqLrK-pJe7g,3,Q1077694,newspaper,Nihon Keizai Shimbun,Japan,no_topic_or_title,
UCHMNojsujD-Hkabq6Iw97Tw,3,Q66916924,blogger|journalist,Alek Boyd,Venezuela,topic+title:stale,
UCHOUmefGfDpMi1H5JzphW2g,3,Q4766883,journalist,Anna Brolin,Sweden,title_only:stale,
UCHQgV6-2A5VW8hxOznEQXcQ,3,Q6174294,columnist|journalist|pundit,Jeff Kuhner,Canada,unresolved,
UCHRaVGC1crdFB1qfwqeeY9A,3,Q56119171,newspaper,Telegram,United States,no_topic_or_title,
UCHTfXUQ1ocn9ySAuSYmWzyQ,3,Q55671479,newspaper,Waushara Argus,United States,unresolved,
UCHVLHU-Ke9PUnJgADeomczw,3,Q125331775,mass media|media company|news agency|news media,Military News Agency,Taiwan,no_topic_or_title,
UCHWnP0zzEwgfmSsawaL5nXA,3,Q4122789,journalist,Anton Voytsekhovsky,Russia,unresolved,
UCHWuMPo20B9IfWZQZJwFyrA,3,Q125017343,magazine|mass media|news media,Q125017343,,no_topic_or_title,
UCHWyZ45zysl_Ni77MCZzmLg,3,Q9294611,journalist|news presenter,Hubert Radzikowski,Poland,zero_videos,
UCHXHSWgKTfo8UO4gBDVvAsg,3,Q60198558,mass media|news media|news website,DarkStation,,no_topic_or_title,
UCHZN5xvSykR0gfoXUq2xwOA,3,Q55667469,newspaper,Cass Lake Times,United States,title_only:stale:gate2_fp68,
UCHZTi7h3QmLlQQVwT0cELgw,3,Q86957440,journalist,Q86957440,United States,topic:stale,
UCHbXl8q3lcPyjPaGSLbGKcw,3,Q56394947,columnist|journalist|pundit,Madelon Vos,Kingdom of the Netherlands,topic+title:no_politics,
UCHeVWT6GS1KBfIIkNCa16yA,3,Q55671172,newspaper,Howe Enterprise,United States,no_topic_or_title,
UCHg52yQ0AGNiZSuj19eHJtA,3,Q109211689,journalist,Cat Zakrzewski,United States,zero_videos,
UCHgrwJj_P6VL9oFxayBVBYQ,3,Q5290581,journalist,Dominic Littlewood,United Kingdom,no_topic_or_title,
UCHmv4DY0gVzRjymtSgs5ixw,3,Q12276201,journalist,Genka Shikerova,Bulgaria,topic+title:stale,
UCHnmeuSOn1Hscizw6otqWrA,3,Q1515337,journalist,Gert Scobel,Germany,topic:no_politics,
UCHqCDP3ZFk5S_4kkX85FK0Q,3,Q112584428,magazine|mass media|news media|news website,NFTMagazine.com,,no_topic_or_title,
UCHqjOiWxoem8T4LzTHGoZ0g,3,Q108294631,journalist,Q108294631,,no_topic_or_title,
UCHrGKKMbQcG9sx8pbInZNpg,3,Q23881786,journalist,Hilde Lysiak,United States,topic+title:stale,
UCHw21mMp3_kRRKX1tMPKVzA,3,Q20688366,journalist|pundit,Q20688366,Taiwan,topic:stale,
UCHzqOnjTB62XUb5hFo4j3sw,3,Q136680896,mass media|news media|news website,cubed3.com,United States,no_topic_or_title,
UCI49gT5yWGP7fLn2ql-DlgA,3,Q133819303,mass media|news media|news website,Steam Deck HQ,United States,no_topic_or_title,
UCI8P8ihTvHRu5gqTYS3Evdw,3,Q15934161,journalist,Q15934161,Taiwan,no_topic_or_title,
UCI9KlPxWKLeJXpC0j23soIQ,3,Q130474403,mass media|news media|news website|newspaper|online newspaper,OpmeerLeeft,Netherlands,title_only:stale:gate2_fp68,
UCIEx4ZjSCYm6usWlIavAqVw,3,Q118487095,journalist,Réjane Éreau,France,topic+title:no_politics,
UCIMofPWzlkXfR3MiD5B91_g,3,Q4118797,newspaper,Sunderland Echo,United Kingdom,title_only:stale:gate2_fp68,
UCIPMdRKMgCRj9zpxmuvl_EA,3,Q139860072,mass media|news media|news website|newspaper|online newspaper,DDay.it,Italy,title_only:gate2_demoted:gate2_fp68,
UCIVMyEFzgqv5NC1TyxMi_Uw,3,Q55665733,newspaper,Sonoma Valley Sun,United States,title_only:stale:gate2_fp68,
UCIYocMfLbr2d43ROOcP5sFw,3,Q104812743,journalist,Artem Dolgopolov,Russia,title_only:stale,
UCI_4dRf--el-Bm_1VQHDxbA,3,Q20983751,blogger|columnist|journalist|pundit,Daniel Stelter,Germany,topic+title:no_politics,
UCIefObdXQFOUekeg1G5QlPg,3,Q131456119,mass media|news media|news website,DLH.NET,,no_topic_or_title,
UCIegJRPVATVVauXFisnJsmQ,3,Q4760846,blogger|journalist|podcaster,Andy Ihnatko,United States,title_only:stale,
UCIfC_joW7j4Aflu5rn14yIw,3,Q2880607,journalist,Tristan Mordrelle,France,zero_videos,
UCIiHIwu-Iiekhix6XOWIU1g,3,Q124446200,journalist|news presenter,Vasso Mitromara,Greece,topic+title:stale,
UCIo0KVECWUG24yoai4KYPfw,3,Q56236472,newspaper,Daily Democrat,,no_topic_or_title,
UCIodi9msnGhesVqHHORu4Xw,3,Q13447061,newspaper,Arizona Range News,United States,title_only:stale:gate2_fp68,
UCIqfXUG5dbM8iGINnqsdriQ,3,Q286468,newspaper,Al-Ahram,Egypt,title_only:gate2_demoted:gate2_fp68,
UCIsLuv5sGZcVKTXNYCmmfxw,3,Q4275670,journalist|news presenter,Mariya Makeyeva,Russia,topic:stale,
UCIsmQpb2EhTyEOeYaeY4Jdw,3,Q55671310,newspaper,Central Virginian News,United States,title_only:stale:gate2_fp68,
UCIv8T6uoU9IuzkjB8yJDXCg,3,Q7478408,newspaper|television station,Sigma TV,Cyprus,title_only:gate2_demoted:gate2_fp68,
UCIxQQZ8z7MEX-u_gbhTpZgQ,3,Q105398459,journalist,Hamza Belloumi,Tunisia,topic+title:no_politics,
UCIzYlhmu5fZe2mWQMPBGLJQ,3,Q4336657,journalist,Gennady Orlov,Russia,topic:stale,
UCJ-g8hC5ltbWR6S2KZAz2bA,3,Q127425078,YouTuber|blogger|columnist|journalist|pundit,Patryk Chilewicz,,title_only:gate2_demoted,
UCJFVRu2M2NZiMfV2siTxTDg,3,Q11675136,journalist,Shuntarō Torigoe,Japan,topic:stale,
UCJGIMZKYblfruNj9-7KkXIw,3,Q12212254,journalist,Diala Makki,Lebanon,title_only:stale,
UCJHUpBCNKrZwBhxfcIrP8Aw,3,Q86732107,YouTuber|blogger|journalist,Li Zehua,People's Republic of China,topic+title:stale,
UCJIC4CotR8K7d9-MT5phDmg,3,Q123155118,journalist,Niv Hadas,Israel,zero_videos,
UCJJyBUx3H318k_FtoRCMM5A,3,Q126508447,journalist|news presenter,Nikson Daniel,Pakistan,topic+title:no_politics,
UCJKOvdk-nVzDAFR_9MF64sw,3,Q7206402,mass media|news media|news website,Q7206402,,no_topic_or_title,
UCJMhgTuV1LzpWXuiV1zjSLg,3,Q95177387,journalist|pundit,Adam Zbiejczuk,,title_only:stale,
UCJMpLLMi0zM-WXXxCH9IWlg,3,Q55665859,newspaper,Mountain Mail,United States,title_only:stale:gate2_fp68,
UCJN94-ToTkgvvttFVD_Gczw,3,Q140418758,mass media|news media|news website,Legnica.NET,Poland,title_only:gate2_demoted:gate2_fp68,
UCJOSPtHIzsmbdsoki6VsRzw,3,Q16223215,journalist,Q16223215,United States,no_topic_or_title,
UCJS3wDA_Z7soFcAfCe-DS7A,3,Q55672273,newspaper,Jefferson County Leader,United States,no_topic_or_title,
UCJYgy7tHpRIMysQ1Oi4eYAA,3,Q136794016,mass media|news media|news website,Q136794016,Mexico,no_topic_or_title,
UCJ_O1vsJ6qJoyD60EZsOnBg,3,Q55665471,newspaper,Inyo Register,United States,title_only:stale:gate2_fp68,
UCJdUEh2Wh4fnswTLmqoEnhg,3,Q717884,columnist|journalist|pundit,Douglas Rushkoff,United States,topic+title:no_politics,
UCJs91nNPhb8sA3OSHO8u9dQ,3,Q125103279,journalist,María Catherine Cruz,Philippines,topic+title:no_politics,
UCJv1AqHPPV0IXM5gB-L6-KA,3,Q3659709,journalist,Carlo Pellegatti,Italy,topic+title:no_politics,
UCJwqhDbsfe_yyRSU4w5NmjQ,3,Q66458502,journalist,Maggie Leung Man-hau,British Hong Kong,title_only:gate2_demoted,
UCJx5KP-pCUmL9eZUv-mIcNw,3,Q677385,mass media|news media|news website,GameTrailers,United States,no_topic_or_title,
UCK-65DO2oOxxMwphl2tYtcw,3,Q27197,magazine|mass media|news media|news website,Q27197,United States,no_topic_or_title,
UCK4hvUYrS93lYF963htXpLA,3,Q19646091,newspaper,The Daily Jakarta Shimbun,Indonesia,no_topic_or_title,
UCKA-aOcQqOyRLIbkUaW18XQ,3,Q60993169,mass media|news media|news website,Game Cores,People's Republic of China,no_topic_or_title,
UCKGAKDloJcbERsd9NTy0eDA,3,Q7925536,journalist,Vicky Nguyen,Vietnam,unresolved,
UCKIiotHeAU8JK5YLspo1-9w,3,Q111633807,YouTuber|blogger|journalist,Karèn Shainyan,Russia,topic:no_politics,UCKv_OXE2103PLOVrQwUi5og
UCKIz_FTS6xwn3UpsxpvIxog,3,Q18688077,journalist,Whit Johnson,United States,topic+title:stale,
UCKLmFYyYG40mSkamRNcMXRw,3,Q136868656,mass media|news media|news website|newspaper,Planeta Boca Juniors,Argentina,title_only:gate2_demoted:gate2_fp68,
UCKMbermUGbdNoXflovBDVYg,3,Q12182554,mass media|news media|news website,NG4A,,no_topic_or_title,
UCKO1oI9N-VPqUhqiUQalsKQ,3,Q30277567,mass media|news media,Fightmag,,title_only:gate2_demoted:gate2_fp68,
UCKSfX8ni_3DmI_zV-sJ-Ewg,3,Q97102385,mass media|news media|news website,Nintendo Everything,,no_topic_or_title,
UCKTruAFzJwjnlq8b309bp1g,3,Q57305993,mass media|news media|news website|newspaper|online newspaper,ForPost,Russia,unresolved,
UCKWXedobxwbr2IPHNRPzUDw,3,Q5645887,newspaper,Hammonton Gazette,United States,title_only:stale:gate2_fp68,
UCKX7Ov163J7CtHviqW0Zifw,3,Q6919112,newspaper,Mound City News,United States,no_topic_or_title,
UCKXKmv89zQyHSPBmkx0y9CA,3,Q108861874,mass media|news media|news website,Q108861874,,no_topic_or_title,
UCKXnSfE3lucGwFvCi4rrKZA,3,Q96240254,mass media|news media|news website,Spaziogames.it,,no_topic_or_title,
UCKY_ECKdnfzM6g2tg2Mdybw,3,Q119789033,magazine|mass media|news media|news website|newspaper|online newspaper,2duerighe,Italy,no_topic_or_title,
UCKcHw9lQpCXkpHvQzfXpJ2A,3,Q122871921,journalist|pundit,Dorothée Balsan,France,topic+title:stale,
UCKf_Bf2-ISgVhymtvnd-vTQ,3,Q99337384,journalist,Kristin Chirico,,zero_videos,
UCKgNnp6G0dlwTS1eR4-77yQ,3,Q106084283,YouTuber|blogger|journalist|pundit,Karen Adamyan,Russia,no_topic_or_title,
UCKmy2InscwOtPumNBBgKgtQ,3,Q140502581,journalist,Jessica Lovejoy,France,no_topic_or_title,
UCKt6L3qS8T4Jrb5Q1fTEbIQ,3,Q111815140,journalist,Shura Burtin,Russia,title_only:stale,
UCKv_OXE2103PLOVrQwUi5og,3,Q111633807,YouTuber|blogger|journalist,Karèn Shainyan,Russia,zero_videos,
UCKxn56z2qU-LJi3KRgMiaUg,3,Q108757134,YouTuber|blogger|journalist,Casimiro Miguel,Brazil,title_only:gate2_demoted,
UCKxnqFnRw8XP6ch1ReoLBfA,3,Q6101605,journalist,Ömür Gedik,Turkey,no_topic_or_title,
UCKy1dAqELo0zrOtPkf0eTMw,3,Q207708,mass media|news media|news website|newspaper|online newspaper,Q207708,United States,no_topic_or_title,
UCL6SNo4ReOYYph95EdyCQ1A,3,Q59474075,journalist,Varvara Makarevich,Russia,title_only:stale,
UCLBHPoY3NugnZYURxln3fKQ,3,Q17411350,blogger|journalist,Rene Ritchie,Canada,title_only:gate2_demoted,
UCLCEW0-Xs1-l_LsxH1NjmxA,3,Q55671429,newspaper,Vilas County News-Review,United States,unresolved,
UCLCkbA0YfvYqT-2jPUQYlZw,3,Q135689318,journalist,Anju Niwata,Japan,title_only:gate2_demoted,
UCLD-ZFiEeSy2N2Hq47dZzsA,3,Q48927567,journalist,Chen Ningguan,Taiwan,no_topic_or_title,
UCLD4rK2PgkZC4Ih-Xs5uHCA,3,Q115520377,YouTuber|blogger|journalist,Tiffany Fong,United States,topic+title:no_politics,
UCLEDtswMcvr0JQ8Bx_pAkfA,3,Q4330237,mass media|public broadcaster|television channel|television station,Public Television of Russia,Russia,unresolved,
UCLGmmsgNaqABGEnmjtQb9nw,3,Q15077103,journalist|news presenter,Boris Sobolev,Russia,topic:stale,
UCLHuhaYx2INIGjkRl6xWBtQ,3,Q1683516,journalist,Jarkko Sipilä,Finland,title_only:stale,
UCLMVOfrNVSz4abjRPmRYNaw,3,Q4134087,blogger|journalist|pundit,Armen Gasparyan,Russia,topic:stale,
UCLOThC9WVDg3sTJonJzOPYg,3,Q106734343,journalist,Sohail Shamsudeen,Singapore,title_only:stale,
UCLR08NT874M_Mpgg9vtkv-g,3,Q4049346,mass media|news media|news website,Q4049346,,no_topic_or_title,
UCLSbLfZVwBmAbz6rkeH_ugA,3,Q4421164,journalist,Maria Sittel,Russia,topic:stale,
UCLadFapyecCYAeuTqc12avA,3,Q3470570,journalist,Sam Vaknin,Israel,title_only:gate2_demoted,
UCLfU0I8NTvPHIgyk_g-6QSg,3,Q3948288,journalist,Sandro Sabatini,Italy,title_only:gate2_demoted,
UCLkZv77hj4efnKyYbE0Nxuw,3,Q7720424,mass media|news media|news website|newspaper|online newspaper,The Brunei Times,,zero_videos,
UCLogirLCBGldbofOWUoX-cA,3,Q140132082,newspaper,Çağdaş Burdur Gazetesi,Turkey,title_only:gate2_demoted:gate2_fp68,
UCLrPMgscj9scPG5kcjEzIng,3,Q16907996,columnist|journalist|pundit,Clement Chan Ting Bong,,topic+title:no_politics,
UCLwAOcKUB1gzerRE-EAjf7w,3,Q55666871,newspaper,Parsons Sun,United States,no_topic_or_title,
UCM39uuulOrlRshd9Sh12qqw,3,Q47668149,journalist,Q47668149,Taiwan,no_topic_or_title,
UCM4gsMdtrUCZ1AlckIl_zMA,3,Q15072218,journalist,Sergey Medvedev,Russia,topic:stale,
UCM7Srv4mxJejt2NLmumkRRQ,3,Q97274323,mass media|news media|news website,WhatCulture,,title_only:gate2_demoted:gate2_fp68,
UCMBEANIU1OeqjX9BN4P5nEA,3,Q112820146,journalist,Peter K. Fallon,,topic+title:no_politics,
UCMCgOm8GZkHp8zJ6l7_hIuA,3,Q29477300,YouTuber|blogger|journalist,Yury Dud,Russia,no_topic_or_title,
UCMHSACU_FK3bo3P77MNb2fw,3,Q106496002,journalist,Yael Regev,Israel,title_only:stale,
UCMHtVwCWo88DFzF6PikFOfQ,3,Q141356526,YouTuber|blogger|journalist|pundit,Q141356526,,no_topic_or_title,
UCMK8kpHRf4mGWEKEZoQHt3g,3,Q4061729,journalist,Sergey Alekseyev,Russia,no_topic_or_title,
UCMKF6c_sxJfyl6RV3Hp4O_Q,3,Q4709514,blogger|journalist,Alber Saber,Egypt,topic+title:no_politics,
UCMKvT0YVLufHMdGLH89J1oA,3,Q720503,newspaper,Asahi Shimbun,Japan,no_topic_or_title,
UCMMFuHIzUUgQRNxkwyHfi_g,3,Q131915333,journalist|podcaster,Valerio Nicolosi,Italy,topic+title:stale,
UCMTy-M_vMN7IJv6nWb_dQLQ,3,Q136647212,mass media|news media|news website,Areajugones,Spain,no_topic_or_title,
UCMU-UUsYM9bumfmVZuWYf_A,3,Q51804541,journalist|podcaster,Wendy Zukerman,Australia,title_only:stale,
UCMVlTv8EXJ2ZC-r6YCS1PIg,3,Q3576564,mass media|news media|news program,¡Despierta América!,,title_only:gate2_demoted:gate2_fp68,
UCMVo_uAQO5rcbM_-VbFCgUQ,3,Q55668532,newspaper,Clatskanie Chief,United States,title_only:stale:gate2_fp68,
UCMWKDRxlfyntxc627O535Pg,3,Q11391789,newspaper,The Yaeyama Nippo,Japan,title_only:stale:gate2_fp68,
UCMY1jcedGiY2cHANuc6MjiQ,3,Q16490142,journalist,Ancelmo Gois,Brazil,topic+title:stale,
UCMYzhDNfuP0OQDC0zHVA8lw,3,Q130242079,journalist,Osama Kamal,Egypt,topic+title:stale,
UCMcZq8U3S3tslWSgeVECzlA,3,Q55668463,newspaper,Putnam County Sentinel,United States,title_only:stale:gate2_fp68,
UCMgDCgNeQ6ZvI_XMm2pVsfA,3,Q56236596,newspaper,L'Observateur,,title_only:stale:gate2_fp68,
UCMgQZ1ccw-lzddJgkmRalxw,3,Q55667922,newspaper,Lenoir News Topic,United States,title_only:stale:gate2_fp68,
UCMljRGC0eBJrxbUorWEnasg,3,Q110821958,YouTuber|blogger|journalist|podcaster,Steve Lehto,United States,topic+title:no_politics,
UCMlkjFksZI_itqnurd1pU3A,3,Q55668371,newspaper,Daily Courier Observer,United States,title_only:stale:gate2_fp68,
UCMmUG4Qtf8A2aTyCAKTPB2Q,3,Q47460009,journalist,Maureen Ryan,United States,no_topic_or_title,
UCMn-sDD6rLByW8JdweiGctQ,3,Q30890847,mass media|news media|news website|newspaper|online newspaper,ukraina.ru,Russia,unresolved,
UCMpsZCGc2Hwdy1wyYdDr5rg,3,Q111593917,journalist,Matt Burgess,,title_only:stale,
UCMqmIVv8vzuwpS4vY9NEQ4w,3,Q124354307,journalist,Carlos Miguélez Monroy,,title_only:stale,
UCMsYn0MeZcEaZU0s7Y8_UPg,3,Q1982592,journalist|news presenter,Ekatherina Andreeva,Russia,no_topic_or_title,
UCMt4GslkkxIvKciOjmVaH0A,3,Q7369503,journalist,Ross Mathews,United States,no_topic_or_title,
UCMxSiEdU93TK5h23EdLXIpw,3,Q136001805,mass media|news media|news website,The TOC,Greece,title_only:gate2_demoted:gate2_fp68,
UCMxTmsameiYSf9KVIoNlFBg,3,Q136472844,journalist,Mónica Daluz,Spain,no_topic_or_title,
UCN-sa7hXN_-0SvnZ3QFgErA,3,Q1674967,newspaper,Télé Star,France,title_only:gate2_demoted:gate2_fp68,
UCN-vjTqrWLBjxnfwNLsBjbQ,3,Q63981774,YouTuber|blogger|journalist,Muhammad Afaq Khan,Pakistan,topic+title:no_politics,
UCN1U8E6ClQVC7y6N9HpMm9Q,3,Q4047065,mass media|news media|news website|newspaper|online newspaper,Q4047065,Russia,no_topic_or_title,
UCN1ZNmuqlchHHI_YyAd_rRQ,3,Q136645279,mass media|news media|news website,gameover.gr,Greece,no_topic_or_title,
UCN1lUmtQ6Wa3huUt8Idwjeg,3,Q49700963,journalist,David Begnaud,United States,title_only:gate2_demoted,
UCN2bKB4DP6M7wfD_hi2WT8g,3,Q125217901,YouTuber|blogger|journalist,Carla Clavera i Buch,Spain,title_only:gate2_demoted,
UCN4mm7HcfpjgVYQUeqRkCuQ,3,Q6794939,journalist,Max Kolonko,United States,unresolved,UC8O1R2vEjoUFClwowfe_EEA
UCN6qWWZOkasIpjs4M2b0fQA,3,Q131918406,journalist|pundit,Cristian Carrero Roca,Spain,title_only:stale,
UCN91wtqA5bv4fpkFWYrCqfQ,3,Q30141711,newspaper,Lanza,Spain,no_topic_or_title,
UCNDUorpndea9tymiY2AC4Tw,3,Q102523215,journalist,Leti Rodríguez,Spain,no_topic_or_title,
UCNIHe9vqrBTXv4-7Qy26WqQ,3,Q112584428,magazine|mass media|news media|news website,NFTMagazine.com,,unresolved,UCHqCDP3ZFk5S_4kkX85FK0Q
UCNOJmp4qPu1JZzRufVjHCzQ,3,Q125997250,journalist,Sarit Sardas,Israel,no_topic_or_title,
UCNRknI0sP8ZQExsTfmTRZXg,3,Q130269752,mass media|news media|news website|newspaper|online newspaper,Info24,Russia,unresolved,
UCNVYl8Wgim3XbKWK8O3sPEA,3,Q16647740,journalist,Jérôme Bourbon,France,topic+title:stale,
UCNYW2vfGrUE6R5mIJYzkRyQ,3,Q23418679,YouTuber|blogger|journalist,DrossRotzank,Argentina,topic+title:no_politics,
UCN_Pbfq06ZFE2FKkV4KPfVg,3,Q6406872,mass media|media company|news media|news website|newspaper|online newspaper,Kilgore News Herald,United States,no_topic_or_title,
UCNaQMcnWvx95j7OG3217IMg,3,Q48773539,mass media|news media|television channel|television station,SMNI News Channel,Philippines,unresolved,
UCNc-LweL-zZyH-LNy3lQamA,3,Q110875875,journalist,Q110875875,United States,zero_videos,
UCNcp_OiViBPNMerCLoHm4lg,3,Q3893724,blogger|journalist,Paolo Attivissimo,Italy,title_only:stale,
UCNfOctc1ZuPxakfIwW0clJQ,3,Q136720743,journalist,Ed Drantch,United States,topic+title:stale,
UCNimiZnMAqLXxnM6zHipYQw,3,Q97130083,journalist,Chris Schodt,,no_topic_or_title,
UCNkvN6R5-wDGnXtjQFR0M4w,3,Q7898763,journalist,Melchor Miralles,Spain,topic+title:stale,
UCNlImL8gjuWuuGQqvUFJMng,3,Q131827772,journalist|pundit,Q131827772,Philippines,no_topic_or_title,
UCNnclFk7L48soGA04sN7kHQ,3,Q55666285,newspaper,Forest City Summit,United States,no_topic_or_title,
UCNoqJNsAfTNqNT3cm9dT9RA,3,Q109669010,journalist,Matt Kelly,,title_only:stale,
UCNpplOCBply_kQBNYaf7hQw,3,Q141102952,mass media|news media|news website,Gamezoom,,no_topic_or_title,
UCNuBaOqG1GnT1irYFyB8KDA,3,Q55666727,newspaper,Kokomo Herald,United States,title_only:stale:gate2_fp68,
UCNur4MCV_o4NV2tS6lS_5vg,3,Q589149,journalist,Pedro Ferriz de Con,Mexico,unresolved,
UCNvzD7Z-g64bPXxGzaQaa4g,3,Q108687936,mass media|news media|news website,gameranx,,no_topic_or_title,
UCNwOdxIQDBb-fkgIMJClz0g,3,Q141023656,mass media|news media|news website,CyberInsider.com,United States,title_only:gate2_demoted:gate2_fp68,
UCNwVU7L58JvoZdMYoIRfFFw,3,Q24849508,columnist|journalist|pundit,Chana Katan,United States,topic:no_politics,
UCO01ytfzgXYy4glnPJm4PPQ,3,Q100417135,journalist|podcaster|pundit,Matt Walsh,United States,topic+title:no_politics,
UCO1LD_J389n3DdGKe3DbSBg,3,Q140183686,journalist,Jithinraj,India,topic+title:no_politics,
UCO3_Znz0qmHjxo5OfKu6rcw,3,Q115126126,journalist,Spenser Mestel,United States,title_only:stale,
UCO7ICHyVGMTzZk9kQDjVSmg,3,Q107424103,journalist,Bianca de la Garza,United States,zero_videos,
UCO8sJ8KxbJPYiCuQtJVXBhg,3,Q119872554,journalist,Marieke Kuypers,Kingdom of the Netherlands,zero_videos,
UCOAmnTpKrwNyfkXZytDXlyw,3,Q5722009,journalist,Hossein Bastani,Iran,topic+title:stale,
UCOEoLXMokgbz7l0pxDy-lWA,3,Q4074136,journalist,Sergey Babayev,Russia,no_topic_or_title,
UCOHCRQDAr9HC5d59XvziJFQ,3,Q13422541,mass media|newspaper|public broadcaster|radio station,EITB,Spain,title_only:gate2_demoted:gate2_fp68,
UCOTK4ae6wrPbRbYynM95mjA,3,Q16195244,journalist,Tony Ortega,United States,topic+title:stale,
UCOTrDo-iQQ4pXEkPQ7vmZYw,3,Q23091340,newspaper,Journal of the San Juan Islands,United States,unresolved,
UCOVRJEsJFeK_hd_YKrNe6Fw,3,Q119240753,journalist,Loureen Ayyoub,United States,topic:no_politics,
UCOWtOs75KRwlPFLZGTaq6lg,3,Q114648731,YouTuber|blogger|journalist|pundit,Ethan Kelly,United States,title_only:gate2_demoted,
UCOXJMJAFFTLbdBec8yUrfWw,3,Q107392998,journalist,Vered Ramon-Rivlin,Israel,topic:stale,
UCObU4EifVpjL3t6istaj2xQ,3,Q56239249,newspaper,Lexington Leader,,title_only:stale:gate2_fp68,
UCOfba6t-w3wyoPuf3UVwoog,3,Q124053970,journalist,Fatima Khadueva,,no_topic_or_title,
UCOii0I46elKYqpyQwga-ZeA,3,Q64711221,blogger|journalist,Muhammad Bilal Khan,Pakistan,topic+title:stale,
UCOilDZK0e_H8LGJ8FvsKwgw,3,Q921095,mass media|news media|news website|newspaper,The Phnom Penh Post,Cambodia,unresolved,
UCOqYqw2oFbJ_nlGGbqQKSyg,3,Q135645636,journalist,Stoyan Neshev,,topic+title:stale,
UCOrXO-fYEKE2xD-31EOQPKg,3,Q138757134,journalist,Q138757134,Poland,topic:no_politics,
UCOtpVO8IWM5mEQHKLapx3Xw,3,Q55666886,newspaper,Courier Traveler,United States,title_only:stale:gate2_fp68,
UCOu59qVYN1YgWJUgDcKmHiQ,3,Q125296620,magazine|mass media|news media|news website|newspaper|online newspaper,The Cults Bay,India,title_only:stale:gate2_fp68,
UCOze79Gv3-NjtqOUcqRn_Dw,3,Q819558,newspaper,Bergens Tidende,Norway,no_topic_or_title,
UCP-t5I7mMditAKYN4QR3iUQ,3,Q6139624,journalist,Takashi Uesugi,Japan,topic:stale,UCWxSm9ewo3PIKFioFTu9m1w
UCPAYAZIOoMD-4A3-3Hr_4wQ,3,Q137209313,magazine|mass media|news media|news website,Juanfutbol,Mexico,title_only:gate2_demoted:gate2_fp68,
UCPDQZW9bUmsXSTmUq4rYeVw,3,Q3178208,mass media|news media|news website,Q3178208,,no_topic_or_title,
UCPDifaMI2qsRcSz9iYyAbLQ,3,Q123900281,mass media|news media,Q123900281,Japan,no_topic_or_title,
UCPFgPMimo4kZnRBbGTLMI9g,3,Q55665505,newspaper,Dana Point Times,United States,title_only:stale:gate2_fp68,
UCPG1AP3-0J96Oeluyxn6-mg,3,Q110695360,mass media|news media|news website|newspaper|online newspaper,Shilapatra,Nepal,unresolved,
UCPGElt_yCa5dn_m2W7anEkQ,3,Q12295435,journalist,Stoycho Kerev,,no_topic_or_title,
UCPI0AgcDOd3kjNxfxq4yMcQ,3,Q11427993,journalist,Mika Tsutsumi,Japan,topic:no_politics,
UCPOV75ao-ovmuFiQ-yKqA5w,3,Q136536879,mass media|news media|news website,ztgd,,no_topic_or_title,
UCPQUr7rxGKVflzczGvB8ijg,3,Q122838765,journalist,Arancha Rodríguez,Spain,title_only:stale,
UCPQv3PHyvBSIEYcY2-bMMNg,3,Q75652285,blogger|journalist,JJ Koczan,United States,no_topic_or_title,
UCPUzO0Zdp1tiAt1SvZyeu-w,3,Q3266407,journalist,Luigi Carletti,Italy,topic+title:stale,
UCPb3-sVCHv6Z_KVfABPp8Iw,3,Q109829033,journalist,Q109829033,,no_topic_or_title,
UCPcFKIKKLP21ZTUjwmHOELw,3,Q4501589,journalist,Evelina Khromchenko,Russia,no_topic_or_title,
UCPfDVvmh0aBo4OYASnksQPA,3,Q29522052,journalist,Vilan van de Loo,Kingdom of the Netherlands,title_only:stale,
UCPhKAfBMRI-GDozE1ldix3A,3,Q19661,YouTuber|blogger|journalist|podcaster,Ana Kasparian,United States,zero_videos,
UCPhPBJ3qE719TgLYVcNY8yg,3,Q7801032,newspaper,Tien Phong,Vietnam,title_only:gate2_demoted:gate2_fp68,
UCPloxWwwKP_HwuvBXlY8c6g,3,Q117474723,journalist,Chantal Da Silva,,title_only:stale,
UCPo2pVDCVz8qs8Jnh2fpFKA,3,Q3303194,journalist,Andrea Matthies,Venezuela,topic+title:no_politics,
UCPqfFW_MZTA4W0E04jR8Prw,3,Q8064013,journalist,Zachery Kouwe,United States,topic+title:stale,
UCPsfiR8RrcirTs6RUG9K3DQ,3,Q4213412,journalist,Vladimir Kara-Murza,Russia,no_topic_or_title,
UCPt5G9sCnG-jlBdFWmZo0cw,3,Q125199630,journalist,Cherisse Halsall,,topic+title:stale,
UCPvswDZZsul7i9JLCdmLaqA,3,Q18244212,journalist,Claudia Matarazzo,Brazil,title_only:stale,
UCQ-sNs0jmkCUXzdGmigSqfg,3,Q125509155,journalist,Zahida Membrado,Spain,topic+title:stale,
UCQ0i3BCmNCG4WfCLWFZQhog,3,Q22138657,journalist,Elena Letuchaya,Russia,topic:no_politics,
UCQ1oyArkCpC5UmJBhRsmigg,3,Q104552008,mass media|news media|news website|newspaper,Hockeysverige,Sweden,title_only:stale:gate2_fp68,
UCQ350yBWkpgyfnJOUbAKE6A,3,Q16302318,journalist,Atala Sarmiento,Mexico,title_only:stale,
UCQ3OQJj6xio_-7bzNLtSo_g,3,Q12274559,journalist,Valya Ahchieva,Bulgaria,topic+title:no_politics,
UCQ5RLrwp2no2rmH18iNKPNg,3,Q29513949,journalist,Suzanne Herfy,Egypt,topic+title:stale,
UCQ9HFdVojiS8pmbNlReu_nA,3,Q55671513,newspaper,Lovell Chronicle,United States,title_only:stale:gate2_fp68,
UCQCQXhKPgJGN_3juvsDIZPw,3,Q97278021,mass media|news media|news website|newspaper|online newspaper,Q97278021,,unresolved,
UCQHFE06Vyhfc8DIAz1jXjUg,3,Q2366665,mass media|news media|news website,Gameblog.fr,France,no_topic_or_title,
UCQJahDgv1aF77kJMm7d-oMw,3,Q117794261,mass media|news media,Pickon,,title_only:stale:gate2_fp68,
UCQLFzkIqAQQ62f2GIh-rK1Q,3,Q7689939,newspaper,Taylor Daily Press,United States,title_only:stale:gate2_fp68,
UCQP95osHy5PZk3gi4coZphg,3,Q84370099,mass media|news media|news website,GameGrin,,no_topic_or_title,
UCQPdgnsauC54aRuGIYv0fog,3,Q8033576,newspaper,Woodward News,United States,title_only:stale:gate2_fp68,
UCQPjj9DqbDzmtxODXR1EKXg,3,Q122584347,journalist,Andrea Cionci,Italy,topic+title:no_politics,
UCQPqOU598hTSNmpLijiSe3A,3,Q97344467,journalist|pundit,Sergey Krivokharchenko,Russia,no_topic_or_title,
UCQW3tGdtKlogo-bgihiTZww,3,Q11224728,mass media|news media|news website,Impress Watch,Japan,title_only:gate2_demoted:gate2_fp68,
UCQb6W0vblp5ewU75watnqQQ,3,Q129184345|Q5256946,magazine|mass media|news media|news website,Dengeki Online,Japan,no_topic_or_title,
UCQdOSU-4IZeik8kV3Muzi1A,3,Q4271491,journalist,Aleksandr Lyubimov,Russia,unresolved,
UCQfNP-t7ppHXLQ0zFCaDp-A,3,Q7722194,newspaper,The Charlotte Post,United States,unresolved,
UCQgzWQFrwP0JpOl9VeGorLA,3,Q102047061,journalist,Ruslan Agayev,Azerbaijan,no_topic_or_title,
UCQi1ZEPHDYxvjbdwFX3mCag,3,Q138717247,mass media|news media|television channel,Awesome TV,United States,unresolved,
UCQjPwl5Q0rsHhq4zbn49KBA,3,Q113453790,journalist|news presenter,Meghan Drakas,United States,topic+title:stale,
UCQlRluwSVryF5z9z_YIDHdQ,3,Q116206869,mass media|news media|news website,Cinema Cafe,Japan,no_topic_or_title,
UCQlcl6e4irYUvGJbyLrW1ow,3,Q137888211,journalist|podcaster|pundit,Pavel Shchelin,Russia,topic+title:no_politics:alt,UCGqfDyOfUH_6jxz_PMc5MRg
UCQnu2fbjL0PPW_2ZDbu9KbA,3,Q125556209,journalist,Cady Voge,,topic+title:stale,
UCQoOmu6mKZkXTnwZcpD8Ciw,3,Q92271928,journalist|podcaster|pundit,Jason Schreier,United States,no_topic_or_title,
UCQpaKxwdhjxRGFeTOmu1ESw,3,Q56236453,newspaper,The Champion,,unresolved,
UCQtaT3pS4wAtIKcWLX3R1xg,3,Q126373740,mass media|news media|news website,GiveMeSport,,title_only:gate2_demoted:gate2_fp68,
UCQumpEQN-n03lsCNW9hIztg,3,Q135197920,columnist|journalist|podcaster|pundit,Michael Harriot,United States,topic+title:stale,
UCQwDZ7LBviwRSJdRW1clayA,3,Q71681,mass media|news media|news website|newspaper|online newspaper,Xfire,,no_topic_or_title,
UCQxrvBnAxlwCm31u2v-je_w,3,Q82811700,journalist,Ryan Broderick,United States,zero_videos,
UCR1wCXM9e7NshYfonwa5BAg,3,Q589042,mass media|news media|news website,VideoGamer.com,,unresolved,
UCR3_cQTTUyucLndOMeqeZIw,3,Q23908039,journalist,Ferruccio Sansa,Italy,topic+title:stale,
UCR5V8BTvlkyYtw6T_9swNEw,3,Q3415245,mass media|news media|news website|newspaper,RMC Sport,France,no_topic_or_title,
UCR8CZREO3NQUY52pgBpVfhw,3,Q3785307,newspaper,Heroldo de Esperanto,,title_only:stale:gate2_fp68,
UCR8Wno6tExKLC92M9fQjalg,3,Q47494408,journalist,Álamo Pérez-Luna,Peru,topic+title:stale,
UCRAmeKZONsyNgQ4c91DhRvw,3,Q11765988,journalist,Magda Mołek,Poland,title_only:gate2_demoted,
UCRCOCvfOkoqneyQCbNOUPwg,3,Q3520826,magazine|mass media|newspaper,The Fader,United States,no_topic_or_title,
UCRHhScZmH-SfBin8tbTixPA,3,Q4412798,mass media|news media|news program,Segodnya,,unresolved,
UCRK1bR5eBlauWmxVaKwWFHg,3,Q10286893,journalist,Fábio Pannunzio,Brazil,topic+title:stale,
UCRKhzUgpVwJo_0UIfxQ9C_g,3,Q55667780,newspaper,Clinton Courier,United States,title_only:stale:gate2_fp68,
UCRLdU5_ezrCRxKOvOJ1YaZQ,3,Q115380239,columnist|journalist|pundit,Jenny Melita,Greece,title_only:stale,
UCRLonAg0jUkRiLG9PSxTUEg,3,Q55935961,newspaper,Gallatin News,United States,no_topic_or_title,
UCRUpN27XRxagDvMZxJdouog,3,Q11376556,journalist,Hajime Imai,Japan,topic:stale,
UCRZt1k09MRJNMwGu4LiNsFg,3,Q12178675,journalist,Ahmed Al-Muslimani,Egypt,topic:stale,
UCRcXIVr_v6BWu8QUpa34ITw,3,Q2446815,columnist|journalist|pundit,Victoria Koblenko,Kingdom of the Netherlands,no_topic_or_title,
UCReavmDwxYpJ-IHhfiUb4KQ,3,Q7418694,newspaper,Sankei Sports,,no_topic_or_title,
UCRjSO-juFtngAeJGJRMdIZw,3,Q107970803,journalist,Gary Sims,,title_only:gate2_demoted,
UCRl0tzAFRKfNvAQnnfvIR9A,3,Q4052505,mass media|news media|news website,VG247,United Kingdom,no_topic_or_title,
UCRoWHyT3pI8RQpyvAtWdmtg,3,Q123408460,columnist|journalist|pundit,Daichi Sakaiya,Japan,no_topic_or_title,
UCRv0foldueVzZl9kyb1AuNQ,3,Q63827100,columnist|journalist|pundit,Syed Adnan Kakakhail,Pakistan,topic+title:no_politics,
UCRwQUTDZL9u1q_9rPwf1SVA,3,Q4061133,journalist,Nikolay Alexandrov,Russia,no_topic_or_title,
UCRyWDt2FZU906GyAvSp4H1Q,3,Q56236734,newspaper,Republican-Clipper,,title_only:stale:gate2_fp68,
UCS-3MPqYH8aLgvqGycB71rA,3,Q10573235,magazine|mass media|news media|news website|newspaper|online newspaper,M3,Sweden,title_only:gate2_demoted:gate2_fp68,
UCS0ljnCp5wI1RSo251cJyfg,3,Q9610041,journalist,Amaury Jr.,Brazil,topic+title:no_politics,
UCS3tA7okiOko3_Inl0fSp0Q,3,Q4345434,newspaper,The Parliamentary Newspaper,Russia,unresolved,
UCS6nbOke9DAME3_5BzwVVUA,3,Q108861678,mass media|news media|news website,Q108861678,,no_topic_or_title,
UCS7SPQdDYlFbUdii-41Xd7w,3,Q108790490,journalist,Marianka Swain,,title_only:stale,
UCS8qbXEE6Uowgg1HCwALTxA,3,Q132008978,journalist,Marco Aurélio Weissheimer,Brazil,topic+title:stale,
UCS9W-rC33wJ8j43eTtkwojg,3,Q135672174,journalist,Giyora Yahalom,Israel,title_only:stale,
UCSAToGMNhgkDv4pIGZX5LKg,3,Q115097668,mass media|news media|news website,Assignment X,,no_topic_or_title,
UCSE6hbmod0tqM9QbCpoK5JA,3,Q55623243,newspaper,Mountain News,United States,title_only:stale:gate2_fp68,
UCSEuSqSFFghMCYGUXtQd0Sw,3,Q11320301,newspaper,Daily Sports,Japan,no_topic_or_title,UC3FAnq3tVbZucEZx6p842xA
UCSJNGMZBlpaY4el5JceFL2A,3,Q101089696,journalist,Julian Huguet,,title_only:stale,
UCSUISPQ23cManSW5usutYag,3,Q98276334,mass media|news media|news website,DualShockers,,no_topic_or_title,
UCSY0wFrd7q6Wgz4-AStBJrg,3,Q27067857,journalist,Germain Lussier,,title_only:gate2_demoted,
UCSYdf8VItbGrb_3MPFBx9KA,3,Q122899240,journalist,Charles Young,People's Republic of China,no_topic_or_title,
UCSb2ni9poVceR7NOpJdmpWA,3,Q137957277,journalist,B.J. Bethel,United States,no_topic_or_title,
UCSbn9bp08BEMwZnwnIzWG6g,3,Q117745588,mass media|news media|news website,Trashbox.ru,,no_topic_or_title,
UCSeuik3zufSQ3nzH8ZoZNPQ,3,Q94940548,mass media|news media|news website|newspaper|online newspaper,Barnanews,Spain,no_topic_or_title,
UCSf-Xx-OHoEE-QVmOAhHqVg,3,Q4152265,journalist,David Hurwitz,United States,no_topic_or_title,
UCSm67Y1Pi0kMVN3b27dMNqQ,3,Q141147470,journalist,Q141147470,Colombia,topic:stale,
UCSxCU02U70B8VFcxuHnMjXQ,3,Q66710711,journalist|podcaster,Vassili Golod,Germany,topic+title:stale,
UCSz4vZo647SIp5dJShzD-ow,3,Q115934407,mass media|news media|news website,Pagina de Psihologie,,title_only:gate2_demoted:gate2_fp68,
UCSz7ACPV6dgOO_U9tzLPb-A,3,Q3638022,journalist,Benedetta Parodi,Italy,title_only:gate2_demoted,
UCT-Rm57f2eVXYngzPqvBu9g,3,Q16207849,journalist,Brian Deer,United Kingdom,topic+title:stale,
UCT1uOKCUIcMLmqKMDhCgoIg,3,Q55667862,newspaper,Ranger Review,United States,title_only:stale:gate2_fp68,
UCT3SPe9HtAlvmnjVjs83pfg,3,Q107245,journalist,Q107245,Poland,topic:stale,
UCT6OGv9vKClTeBx0r8NqyUw,3,Q4231069,blogger|columnist|journalist|pundit,Maxim Kononenko,Russia,topic+title:stale,
UCT9EX-MgfOYNHyvZQaOUbyw,3,Q113192246,mass media|news media|news website,Sega-Mag,,no_topic_or_title,
UCTC-KTVmSEpvi5QCW-0MIew,3,Q106149869,mass media|news media|news website,Dexerto,United Kingdom,no_topic_or_title,UCB6pCNk61wXCsnEgi94HEBg
UCTEcCHzIqv5krXXR2UkIK9g,3,Q111475079,mass media|news media|news website,Legia.Net,Poland,title_only:gate2_demoted:gate2_fp68,
UCTGBHncizmXKmgvwwLh8UlQ,3,Q124344063,mass media|news media|news website|newspaper|online newspaper,Droid Life,,title_only:gate2_demoted:gate2_fp68,
UCTGhfhlMOdDiC8YHSam4W-g,3,Q124031052,magazine|mass media|newspaper,The Trail Blazer,United States,no_topic_or_title,
UCTH6SHv6aItquOkeEEPQEhg,3,Q113636472,journalist,Holger Kulick,Germany,title_only:stale,
UCTKAyuZQm19WcW7G2zf-cmw,3,Q55524279,mass media|news media|news website|newspaper|online newspaper,MusicVoice,,no_topic_or_title,
UCTLF7wgcl6e7E5iVkqaXp_A,3,Q130899817,mass media|media company|news media|news website,Front Office Sports,United States,title_only:gate2_demoted:gate2_fp68,
UCTW9hCQE5l30YKHctuttsKQ,3,Q4945036,newspaper,Borger News-Herald,United States,title_only:stale:gate2_fp68,
UCTcl0ZX34NVJj77Hm2_1OLg,3,Q7858119,public broadcaster,Minnesota PBS,United States,unresolved,
UCTgPKojoNZbsnYtDbKHYmLA,3,Q23787790,mass media|news media|news website|newspaper|online newspaper,Schlager.de,Germany,no_topic_or_title,
UCThbshpAD5ADSB9fgssgx1Q,3,Q27734110,journalist,Mabelle Prior,Switzerland,no_topic_or_title,
UCTkK4ODg5Qp8Q_yNFukZy4g,3,Q6369592,journalist|news presenter,Karen Davila,Philippines,title_only:gate2_demoted,
UCTmGHlZDX_7AMMMQ6HeCj6g,3,Q139145897,mass media|news media|news website|newspaper|online newspaper,JinaCoin,Japan,title_only:stale:gate2_fp68,
UCTrTsVHUWlcaJ1lFvKduqyQ,3,Q136498672,journalist,Q136498672,United States,zero_videos,
UCTt1T_9iPhSaF0QhlgYeoeg,3,Q6832043,mass media|news media|news website,Mako,Israel,title_only:gate2_demoted:gate2_fp68,
UCTu5hALGJ5lLmsawfkKugHQ,3,Q141147834,journalist,Lewis Brackpool,United Kingdom,topic+title:stale,
UCTynZ5MsRFPVPGeSz8N1WJA,3,Q1785199,journalist,Sara Blædel,Kingdom of Denmark,topic:stale,
UCU10fGLISRzKeFC30ZLgO8Q,3,Q19958433,journalist,Mona Iraqi,Egypt,title_only:stale,
UCU4E23leW2S456YWSaJVL0A,3,Q1780189,newspaper,Kommersant,Russia,unresolved,
UCU6VxlYQNMmhe8Xe6E4pdDw,3,Q130285952,journalist,Timur Olevsky,Russia,no_topic_or_title,
UCU94Ee0McqWbtLo-nVrqPGw,3,Q2531297,journalist|pundit,Volker Sielaff,Germany,no_topic_or_title,
UCU9HN32yj0Fbm3do1JN-qHw,3,Q22279607,journalist,Stacey Patton,,topic+title:stale,
UCU9Ra54_MiPLVlhY01pPkag,3,Q106149869,mass media|news media|news website,Dexerto,United Kingdom,unresolved,UCB6pCNk61wXCsnEgi94HEBg
UCU9xtv8ih6aQHYMji2q1RVg,3,Q10368414,journalist,Sarah Oliveira,Brazil,no_topic_or_title,
UCUCbjMTRDOuWxY-wJeQfdAg,3,Q124838401,journalist,Ghalia Hamad,Palestine,topic+title:stale,
UCUFjd1bYIFhEn9yDovSsQOQ,3,Q201882,journalist,Richard Roeper,United States,title_only:stale,
UCUIdf6119nHH48H_t4l-9PQ,3,Q55666874,newspaper,Sabetha Herald,United States,no_topic_or_title,
UCUKQ8pM0Qa4aVROCWRQowqQ,3,Q62711122,mass media|news media|news website,Kotaku Australia,Australia,unresolved,
UCUNoEsSfUcyNlaJbieYkMvg,3,Q59391361,journalist|pundit,Jon Bois,United States,no_topic_or_title,
UCUOhDEB40-aj-zQ3oPuTnuA,3,Q123566267,journalist,Ruslan Ihnatovich,Belarus,title_only:stale,
UCUOsDBuiB_1zkRixc33TgSg,3,Q12073024|Q12106161,mass media|media company|news agency|news media|television channel,Western Information Agency,Ukraine,unresolved,
UCUR0Zd_CswEx0ZqHvre4cDw,3,Q2002826,newspaper,Nova Makedonija,,no_topic_or_title,
UCURyVSENOYqfZZ04FaN_lLg,3,Q111966143,journalist,Shatha Hanaysha,Palestine,topic:stale,
UCUTeRJXYVpfwLKUtmVjiN7g,3,Q106576500,journalist|pundit,Nobel Arustamyan,Russia,title_only:gate2_demoted,
UCUYlnh96-v0OZxzQu6Kx9Hg,3,Q55666977,newspaper,Eunice News,United States,no_topic_or_title,
UCUa-iDS4ri16kw7gz98yVkw,3,Q19765965,mass media|news media|news website|newspaper|online newspaper,Android Planet,Netherlands,title_only:gate2_demoted:gate2_fp68,
UCUbsiCjXynjpKU64L65Gu-A,3,Q104708566,journalist,Laure Valée,France,no_topic_or_title,
UCUdh03xdul9ITREyFGQp4dw,3,Q64214536,YouTuber|blogger|journalist,Alicia Atout,Canada,title_only:stale,
UCUfy1Z7eeuAmjfq61HgZw2w,3,Q55671150,newspaper,Standard Radio Post,United States,title_only:stale:gate2_fp68,
UCUhtv0VMCbe3RVNr6Qz0lWQ,3,Q4229404,journalist|pundit,Eugeni Komarovskiy,Ukraine,topic:no_politics,
UCUlUtKwyTPs1oeIkaR-S_mA,3,Q56236982,newspaper,Javelin,,title_only:stale:gate2_fp68,
UCUmWQQZKzr7SGDYUCcvzKfA,3,Q138719341,journalist|podcaster,Dylan Bowker,Canada,title_only:gate2_demoted,
UCUm_p8OswQBh9jJHBRQ-3Cw,3,Q113341362,blogger|journalist|podcaster,Carmel Vaisman,Israel,topic:stale,
UCUnSMSUkbGNC-AT1xwCBFbA,3,Q25423877,journalist,Mahmud Farjami,Iran,topic:no_politics,
UCUnqDGpx7vnxD1HpoGCDocA,3,Q130540177,mass media|media company|news agency|news media|news website|newspaper|online newspaper,V gorode N,Russia,title_only:stale:gate2_fp68,
UCUpkxKcCy99ePA1nbkiYLUA,3,Q85269061,journalist,Yūji Kitamaru,Japan,zero_videos,
UCUtA8yDLUf5o4YggNmHEumA,3,Q107379485,YouTuber|blogger|journalist,Łukasz Lamża,Poland,title_only:gate2_demoted,
UCUuab1dctZzN5ZmRmQnTzkg,3,,,WDR Doku,DE,,
UCUw_4eYee0l0oJCZXDkehWg,3,Q101542162,mass media|news media|news website,Siliconera,,no_topic_or_title,
UCUwtS9EM2utp95QA-Ei1pig,3,Q10320259,journalist,Luciana Liviero,Brazil,topic+title:stale,
UCUxeRVPImpU2WoryMRcmoOQ,3,Q68023812,journalist|pundit,Mikki Kendall,United States,title_only:stale,
UCV40upHYovteOs4uAUH9LjQ,3,Q55665270,newspaper,Choctaw Sun,United States,no_topic_or_title,
UCV5ys-3_oGpRGwHdfEDgxww,3,Q910448,journalist,Bret Baier,United States,topic+title:stale,
UCV6aB6YC_vA-1dHCvLiYgaA,3,Q55671218,newspaper,Ozona Stockman,United States,unresolved,
UCV7eg3WWTflIZzYJRYcAqMQ,3,Q4194814,journalist|pundit,Mikhail Zygar,Russia,topic+title:stale:alt,UC_N9FTphHyPgVc07VAfL3ZA
UCV8uAmtnGLlvPnOFG9QCO0A,3,Q87445445,journalist,Magdalena Taube,Germany,topic+title:stale,
UCVFvoX8A8eDqIyEKXWUVbcQ,3,Q1135320,newspaper,Correo del Orinoco,Venezuela,unresolved,
UCVIOvu8pA9ne3SXX_19hUlQ,3,Q7306032,newspaper,Redlands Daily Facts,United States,title_only:stale:gate2_fp68,
UCVITNlkbLneMV-C9FxzMmEA,3,Q51914906,journalist,Toshihiro Yamada,Japan,topic:no_politics,
UCVK3UnDqOzlWfrzhIm_z00A,3,Q55666327|Q55666328,newspaper,Nashua Reporter,United States,no_topic_or_title,
UCVLOaQFzl1reP57HVqAbLXQ,3,Q7110020,newspaper,Ottumwa Courier,United States,title_only:stale:gate2_fp68,
UCVN5Sfg--88VmKgy75e598g,3,Q6967985,journalist|podcaster,Natali Morris,United States,topic+title:stale,
UCVNBbyCsSjKxh8mNaoLMMhg,3,Q105296682,magazine|mass media|news media,inside digital,,title_only:gate2_demoted:gate2_fp68,
UCVNZLCTXFK2sQfD7DO7v7sQ,3,Q112144605,journalist,Nick Kivits,Kingdom of the Netherlands,title_only:stale,
UCVOXHCJtqVelkwEZmeme4BQ,3,Q108869462,journalist,Sara Gibbs,United Kingdom,title_only:stale,
UCVT_-SkBadUv_mJ6A4Jwz8w,3,Q25439356,journalist,Isabele Benito,Brazil,title_only:gate2_demoted,
UCVZxdZfVe7l4023ha9q5C2A,3,Q56236979,newspaper,Wildcat,,title_only:stale:gate2_fp68,
UCVbdR67RVvfS3vwOcyE-6ag,3,Q83259083,blogger|journalist,Vitaly Egorov,Russia,topic:no_politics,
UCVgyoCxjAnrJkKxn3ioZWwA,3,Q108199739,mass media|news media|news website|newspaper|online newspaper,SRSLY,Russia,no_topic_or_title,
UCViBDNNrrT-7fBXXHkgCHRA,3,Q61946975,journalist,Owen Good,,no_topic_or_title,
UCVl2mEgK4ioP7IKiK-cmaHA,3,Q4134088,journalist|pundit,Artur Gasparyan,Russia,no_topic_or_title,
UCVogCMB50uIYYdbwv7_w-tQ,3,Q114714024,columnist|journalist|pundit,Rohit Bhargava,United States,title_only:gate2_demoted,
UCVqjqXskXvI86QP5GydQhHQ,3,Q116672356,journalist,Karishma Vaswani,,topic+title:stale,
UCVrkWIswXg0DkHuCJDeC9LQ,3,Q140243424,mass media|news media|news website|newspaper|online newspaper,Kediripedia.com,Indonesia,title_only:gate2_demoted:gate2_fp68,
UCVsSnnJ8fL5PwOokVLsbAMw,3,Q1724426,journalist,Simon Krätschmer,Germany,no_topic_or_title,
UCVt-X7qJ3TqlSYmQCs6YgUQ,3,Q56236483,newspaper,Pilot Tribune,,no_topic_or_title,
UCVtrDZAqOFM8_wIZHHzsqvg,3,Q96354717,journalist,Elliot Richards,,no_topic_or_title,
UCVzNYfUQN3ltcXkGGal3Muw,3,Q4102175,journalist,Serhiy Vahanov,Soviet Union,topic:stale,
UCVzVXBiyEdPwjA-EU2CZsEg,3,Q136680750,mass media|news media|news website,thexboxhub.com,,no_topic_or_title,
UCW3_10Nk08TVv-7CqSBqz6A,3,Q2097006,newspaper,Sovetsky Sport,Russia,no_topic_or_title,
UCW6KUZCyMmukXLHpVnM_uNg,3,Q9298597,journalist,Q9298597,Taiwan,no_topic_or_title,
UCW7VJ55_UEp5WzAbWCgXkYg,3,Q130771850,journalist|news presenter,Lai Zhengkai,Taiwan,no_topic_or_title,
UCWAK-dRtTEjnQnD96L6UMsQ,3,Q2627117|Q4386462|Q629733,mass media|media company|newspaper|television channel|television station,RBK TV,Russia,unresolved,
UCWCw2Sd7RlYJ2yuNVHDWNOA,3,Q136780046|Q19667527,YouTuber|blogger|journalist|mass media|news media|news website,Jim Sterling,United States,no_topic_or_title,
UCWL6IkWPTo-PFlUMN3sDEbw,3,Q140053800,journalist,Giorgi Kokiashvili,Georgia,title_only:stale,
UCWOyp92UtL6P93dJIGjjZjw,3,Q13377685,journalist,Q13377685,United States,no_topic_or_title,
UCWSZJ4r3s5xk8zICXEveFpg,3,Q1458864,newspaper,Mundo Deportivo,Spain,title_only:gate2_demoted:gate2_fp68,
UCWU-Xtcs-yngK1WnLF-CNsA,3,Q55667667,newspaper,Elsberry Democrat,United States,title_only:stale:gate2_fp68,
UCWUD6pi7KFajtFs8Oy9CcfQ,3,Q55666683,newspaper,Jackson County Banner,United States,title_only:stale:gate2_fp68,
UCWVQDfab6IaM9Sh91EZYrtg,3,Q15043852,journalist,Arbana Osmani,Albania,title_only:gate2_demoted,
UCWVmTAYeA--m-6MDNsxp4Ow,3,Q2043897,magazine|mass media|news media|news website,Q2043897,Germany,no_topic_or_title,
UCWXaZr0zadTcBNujxqt3OvA,3,Q117191790,YouTuber|blogger|journalist,Tetsu Bōzu,Canada,no_topic_or_title,UC3CUX9lODey4neWlVtftTlg
UCWaZLW7Bfa83J_h587dH1WQ,3,Q110507290,YouTuber|blogger|journalist|podcaster|pundit,True Geordie,United Kingdom,topic+title:no_politics,
UCWbsmx2S_ouVbKjMoOc4LHw,3,Q115624988,journalist|podcaster,David Pierce,,zero_videos,
UCWdKVVJ5Xt1VFBouijG2cag,3,Q56236855,newspaper,Oneida Dispatch,,no_topic_or_title,
UCWgNZNWBzi72ufEcTQMyeEw,3,Q136565927,mass media|news media|news website,hookedgamers.com,,no_topic_or_title,
UCWsnxQ5Yb2k8zTES1Dciy8w,3,Q140458143,journalist|pundit,Oré Olukoga,United Kingdom,topic+title:no_politics,
UCWxSm9ewo3PIKFioFTu9m1w,3,Q6139624,journalist,Takashi Uesugi,Japan,no_topic_or_title,
UCWzzUnG_CzEdrZRtyqMePMA,3,Q10326225,journalist,Mariana Ferrão,Brazil,title_only:gate2_demoted,
UCX1em-uaFMS02Rrk_Bowyng,3,Q105064384,journalist|pundit,Fabrizio Romano,Italy,title_only:gate2_demoted,
UCX2B8AAnHPRMmJFjjUo7EeQ,3,Q117191790,YouTuber|blogger|journalist,Tetsu Bōzu,Canada,no_topic_or_title,UC3CUX9lODey4neWlVtftTlg
UCX2ObQGt6UgUTIRCeM6HhUg,3,Q28126763,mass media|newspaper,The Cincinnati Herald,United States,title_only:stale:gate2_fp68,
UCX5k9Bd_u2M7LJ7GHUJwXsQ,3,Q55666905,newspaper,Cynthiana Democrat,United States,title_only:stale:gate2_fp68,
UCX77Km4pLRsU9OFYEMdIvew,3,Q108722156,mass media|news media|news website,TheGamer,,no_topic_or_title,
UCX8qcTUtvyc68nn7zs-QsQA,3,Q13157896,journalist,Torlach Mac Con Midhe,Ireland,title_only:stale,
UCX9A50gEVTvleF3FimtdhbA,3,Q55668135,newspaper,Downbeach Current,United States,title_only:stale:gate2_fp68,
UCX9_njhDkdghnIlp1JkyuoQ,3,Q141407030,magazine|mass media|news media|news website,Motociclismo,Portugal,title_only:gate2_demoted:gate2_fp68,
UCXAjub1yM01dqjgJRG1nvsQ,3,Q81078886,YouTuber|blogger|journalist,Mauri Hermundsson,Sweden,no_topic_or_title,
UCXDo7oMDwv9lri2QJVIYgCA,3,Q12116272,columnist|journalist|pundit,Otar Kushanashvili,Russia,topic:no_politics,
UCXFFejsZH7a0tw2QiKbXi5w,3,Q55667915,newspaper,Caldwell Journal,United States,title_only:stale:gate2_fp68,
UCXJNCXMJbDqWy-VL1YWpj3g,3,Q103844942,journalist,Q103844942,Ukraine,topic:stale,
UCXJs1YDd7uRkCbviKkN62kg,3,Q134713464,journalist,Lena Aroni,Greece,no_topic_or_title,
UCXKJqO8mem5vtnFVMB_Fplg,3,Q7019295,newspaper,News & Review,United States,no_topic_or_title,
UCXKjhxsfFQUqlNVQzLVnpEA,3,Q600669,mass media|news media|news website,FiveThirtyEight,United States,unresolved,
UCXM17mQdNfkRRUQNR4_IY5Q,3,Q45910603,journalist,Q45910603,United States,zero_videos,
UCXORDenrw6IHFUvg0PH-3hg,3,Q107027604,journalist,Asad Ali Toor,Pakistan,topic+title:no_politics,
UCX_m6ilie-ch0MaomQaRaJw,3,Q118492477,mass media|news media|news website,RW News,Taiwan,unresolved,
UCXd3_IbeVbU-19TF3BcVSvg,3,Q105722514,blogger|journalist,Alexey Yaroshevsky,Russia,unresolved,
UCXd6dUdTQchAg2P0QRh_42Q,3,Q131938259,mass media|news media|news website|newspaper|online newspaper,Plain Law Movement,Taiwan,title_only:gate2_demoted:gate2_fp68,
UCXdaW83gs5HnEl92u_OqO2g,3,Q138240258,columnist|journalist|pundit,Eldebiran Ayan,Turkey,title_only:gate2_demoted,
UCXdfGoYTQq5eQXP6OJwWSQw,3,Q27863159,YouTuber|blogger|journalist,Rayk Anders,Germany,topic+title:stale,
UCXfL4L3tfTpbGra03yEfAZQ,3,Q139771837,journalist,Giancarlo Aulino,Canada,title_only:gate2_demoted,
UCXioYh_B3UDqkdQ0NEwk_dg,3,Q12227553,journalist,Alaa Sadek,Egypt,title_only:gate2_demoted,
UCXklA8QChleOIea-oYmpZ5g,3,Q7743218,mass media|newspaper,Pittsburgh Jewish Chronicle,United States,zero_videos,
UCXnQRKyO8o8YceseumdR4ww,3,Q4754218,newspaper,Anderson Valley Advertiser,United States,title_only:stale:gate2_fp68,
UCXnbSPGHJyxM_QRVxuuTouw,3,Q25452131,newspaper,Magyar Nemzet,Hungary,unresolved,
UCXo65y5PbphZTk-IbHPn7_A,3,Q114022964,journalist,Sasha Sulim,Russia,topic:no_politics,
UCXqB_9JyVib1aD6VAE_j8VQ,3,Q70250881,YouTuber|blogger|journalist,Vladimir Rayevsky,Russia,no_topic_or_title,
UCXtxU_PEVMzBJfDaf_1Mxjg,3,Q136779750,mass media|news media|news website,Q136779750,,no_topic_or_title,
UCXumIQumcdwxpjMqNGlUA-g,3,Q132887902,journalist,Q132887902,Germany,topic:stale,
UCXun84vnLvUnv1hLpaIMhgA,3,Q124428835,blogger|journalist,Denis Blisch,Belarus,title_only:stale,
UCY46nxC-bWjGWsASsJUBGhw,3,Q56446609,newspaper,Leader-News,,title_only:stale:gate2_fp68,
UCY4mnvvB_Qp69SbBfVe6YLA,3,Q86712640,mass media|news media|news website,Q86712640,Belgium,no_topic_or_title,
UCY7biaci2s86YoL2gYfhU4Q,3,Q12207796,journalist,Hossam El Sokkari,Egypt,topic+title:stale,
UCY8Hb9qkOe0RJCTC5e58MRg,3,Q108555600,newspaper,Q108555600,,no_topic_or_title,
UCY8cdfayYVQc4hqrSWXu4yQ,3,Q98462334,journalist,Rob Rich,,no_topic_or_title,
UCY9iXUCie5dr-nV1ELeecTA,3,Q117600264,journalist,Piotr Żytnicki,Poland,topic+title:no_politics,
UCYAE_GQmODQNie7DSM0X70g,3,Q11348098,journalist,Richard Koshimizu,Japan,topic+title:stale:alt,UCxbvGkwTuGV91aH0z4er0Ew
UCYD9hDR29NvLe_AOdnFOsTA,3,Q136793377,mass media|news media|news website,well-played.com,Australia,no_topic_or_title,
UCYHTG--hjzs7Tl0mbM63tfg,3,Q140389517,journalist,Christian Pyles,United States,title_only:stale,
UCYLycjM5ngsUFZFsvE9T71g,3,Q55667894,newspaper,Courier Tribune,United States,unresolved,
UCYMRXCew7NkWXXbgksUlf7g,3,Q7049680,journalist,Omri Hayun,Israel,no_topic_or_title,
UCYMUZ_bCBsTBPG18HzdoiPA,3,Q130379900,mass media|news media|news website|newspaper|online newspaper,Wijchens Nieuws,Netherlands,title_only:gate2_demoted:gate2_fp68,
UCYMavtJDtcC1F-y5zeqfTYA,3,Q124650810,mass media|news media|news website,BNN Breaking,People's Republic of China,zero_videos,
UCYPI43Cy8lzCWa3BtHi6KIQ,3,Q56057586,mass media|news media|news website,WagmeeTv,Sri Lanka,no_topic_or_title,
UCYTzRIGEWWE2FKFhGukJsUw,3,Q135641052,magazine|mass media|news media,Connecting Africa,South Africa,unresolved,
UCY_uiDvbEWAUyMoptY0erww,3,Q110062897,journalist,Q110062897,,topic:stale,
UCYb8RgHm9ew-wJzGr8_3agQ,3,Q138840840,mass media|news media|news website|newspaper|online newspaper,Tecnoandroid,Italy,title_only:gate2_demoted:gate2_fp68,
UCYgLsDYsYipkHBzJuOGoOZQ,3,Q3277825,journalist,Mahmoud Saad,Egypt,topic:no_politics,
UCYnJoSCXCyOLLWmjfHeAIYg,3,Q11491139,journalist,Rei Shiba,Japan,topic+title:stale,
UCYoGgQqM3YtVREOJSxr3DJw,3,Q105037688,journalist,Omar Mehtab,,topic+title:stale,
UCYs0ZTRQWCtdoOQCF4CylTw,3,Q815066,mass media|media company|news agency|news media,Belarusian Telegraph Agency,Belarus,unresolved,
UCYzNg69k1vt9oPtcYJ1kuIg,3,Q7296776,blogger|journalist|news presenter|pundit,Ravish Kumar,India,topic:stale,
UCZ-wqgbJEvpg0w7d9rGWkcw,3,Q137602106,journalist,Yurii Smyk,,no_topic_or_title,
UCZ0ZkDDKjU0Ep_EzCRy-eLg,3,Q55665455,newspaper,Mad River Union,United States,title_only:stale:gate2_fp68,
UCZ3ZswL1Y5Cd8kSmGpXnoAw,3,Q141366330,mass media|news media,YouGaze,,title_only:gate2_demoted:gate2_fp68,
UCZ4K7-m7AELgNS6-MvjYZ1g,3,Q5528565,magazine|mass media|newspaper,Gay Community News,Ireland,no_topic_or_title,
UCZ8Sxmkweh65HetaZfR8YuA,3,Q61503,magazine|mass media|newspaper,The Hollywood Reporter,United States,title_only:gate2_demoted:gate2_fp68,
UCZA9Ngn2fDuTWwwE46uUzBQ,3,Q4889407,journalist,Benjamin Wittes,United States,topic+title:stale,
UCZLp5YQ3Gz4SF4tQjJQrjog,3,Q118559523,mass media|news media|news website,DRONE.jp,,unresolved,
UCZMgB5RqNTG5gL0y1X8oeqw,3,Q28500914,journalist|news presenter,Artyom Sheynin,Russia,topic:stale,
UCZQ0H5rvxajQCHyqu-ISE0A,3,Q15073312,journalist,Anna Mongait,Russia,topic:stale,
UCZUuoqMUY0I4mPr4So4fyhQ,3,Q137918288,journalist,Q137918288,Kingdom of Denmark,topic:stale,
UCZYShIzcvrEBXqqjqYfMAsA,3,Q220509,mass media|news media|news website,Anime News Network,Canada,title_only:gate2_demoted:gate2_fp68,
UCZZGlAth4oFxoxhj_FLGtxg,3,Q123738450,YouTuber|blogger|journalist,Saleh al-Jafarawi,Palestine,topic+title:stale,
UCZZslGLyRd2rbnF07SVoouA,3,Q16907519,journalist,Ben Hedges,United Kingdom,topic+title:stale,
UCZaUL-3n1aGLkS9wTUZ_FXw,3,Q7313682,journalist,René Carayol,United Kingdom,topic+title:no_politics,
UCZcV5kg33RvwuT0SK7mZyGg,3,Q124634085,mass media|news media|news website|newspaper|online newspaper,RUHR24,Germany,title_only:gate2_demoted:gate2_fp68,
UCZf1eq-SyucAeq413aFpn1Q,3,Q1740804,journalist,Rachel Kramer Bussel,United States,title_only:stale,
UCZicct4Udj-T6yreWe7yOAg,3,Q94123325,journalist,Russell Mokhiber,,topic+title:stale,
UCZkXDQbcmFT4BA2nue_8Bvg,3,Q136955656,mass media|news media|news website|newspaper,Somos Fanáticos,Brazil,title_only:gate2_demoted:gate2_fp68,
UCZrTf86Mo7a0pm9OX-GpJww,3,Q55665245,newspaper,Brewton Standard,United States,unresolved,
UCZrwbrnec6iR2lVujCgm9Qw,3,Q10346358,journalist,Paula Valdez,Brazil,topic+title:stale,
UCZrxXp1reP8E353rZsB3jaA,3,Q65119249,mass media|news media|news website,Easy Allies,,no_topic_or_title,
UCZtL0Z52RsNiwbHsRXaSlxQ,3,Q23995134,YouTuber|blogger|journalist,Firas Alshater,,topic:stale,UCz-8zsGYprvl8C00C7cy9Ew
UCZtNyE2oP-5meINheUbWNDg,3,Q55668536,newspaper,North Coast Citizen,United States,title_only:stale:gate2_fp68,
UCZtwIT7l9NiVKNPmsE1K5oQ,3,Q118635178,mass media|news media|news program,Q118635178,,unresolved,
UCZv2YTFkSkskHvOZEZOtq4w,3,Q7418694,newspaper,Sankei Sports,,no_topic_or_title,UCReavmDwxYpJ-IHhfiUb4KQ
UCZv84WhdmHuMwVWDpYZZSHw,3,Q55667234,newspaper,Guilford Gazette,United States,title_only:stale:gate2_fp68,
UCZy0mCOt6izb2o1bQEUNGRg,3,Q70250881,YouTuber|blogger|journalist,Vladimir Rayevsky,Russia,topic:no_politics,UCXqB_9JyVib1aD6VAE_j8VQ
UC_1m8pdcTgltLP_oF0H2lhg,3,Q6061967,journalist|news presenter,Fredrik Ralstrand,Sweden,topic:no_politics,
UC_2H4igfknWcNnbUDYxt1yw,3,Q109437548,journalist|podcaster|pundit,Justinus Lhaksana,Indonesia,title_only:gate2_demoted,
UC_3hebn6Err2JaFuTb7WNUA,3,Q3807049,journalist,Janira Majello,Italy,title_only:stale,
UC_903HH21YFXh7UGBBA8efg,3,Q12286911,journalist,Mirolyuba Benatova,Bulgaria,topic:stale,
UC_9FzicajUNLvwUsuAoqOuw,3,Q3522402,mass media|news media|news program,The Rachel Maddow Show,,unresolved,
UC_AcdgJUzSP_2Y43KPdKFjg,3,Q5193970,newspaper,Cumberland Times-News,United States,title_only:stale:gate2_fp68,
UC_CPcPccwFUfugcNyqZuN5A,3,Q132718085,journalist,Q132718085,Poland,unresolved,
UC_Ds7nedV3NqYf0zhpYti4A,3,Q20402993|Q4119651,journalist|media company,Ahmad Al Shugairi,Saudi Arabia,topic:stale,
UC_F9B2-NjbbWevbhzY7_6Ag,3,Q56236540,newspaper,Post & Mail,,unresolved,
UC_IIsaPxtb2WmYKvZi0dl_A,3,Q23664199,journalist,Hadi Al Abdullah,Syria,zero_videos,
UC_N9FTphHyPgVc07VAfL3ZA,3,Q4194814,journalist|pundit,Mikhail Zygar,Russia,topic+title:stale,
UC_NBjgmkTzSeYti5WD8oBpA,3,Q111904439,journalist|pundit,Q111904439,,topic:stale,
UC_NukSq2ve_AHVAz_9ikTDg,3,Q22249416,YouTuber|blogger|journalist|pundit,Usul,France,no_topic_or_title,
UC_PBcAEU5KGZ6U41H-vT9yg,3,Q136401483,journalist,Nate Benson,United States,title_only:stale,
UC_Q1vhf7wcR_zGlc5ahAg0A,3,Q4197757,magazine|mass media|news media|news website,Q4197757,,no_topic_or_title,
UC_SSODehVb5PpOy3OmnTLQQ,3,Q12249168,journalist,Nouran Sallam,Egypt,topic:stale,
UC_WTBVZwDoyT_bmMugShQaw,3,Q55667307,newspaper,Allegan County News,United States,title_only:stale:gate2_fp68,
UC_XgNpE-GUz_0wWwpBGuyhQ,3,Q108898031,journalist,Laïssa Armelle Pamou,Cameroon,no_topic_or_title,
UC_ZDjiVK2Ro9NKmaEuvOp0A,3,Q86593099,journalist,Aino Kurkinen,,no_topic_or_title,
UC__GnfKF2jno8nGD4aX8cfA,3,Q26933313,mass media|news media|news website,iPhone Digital,,title_only:stale:gate2_fp68,
UC_ajunU4hfMIocWyNGSSgiQ,3,Q17100889,journalist,Dan Robert Larsen,Norway,title_only:stale,
UC_bLo4pbQsjytkWmsCWM_8A,3,Q131010045,mass media|news media|news website,Full-Count,Japan,title_only:gate2_demoted:gate2_fp68,
UC_coAKNAptUrrszRexIHyEQ,3,Q7355860,newspaper,Rocky Mount Telegram,United States,title_only:stale:gate2_fp68,
UC_dXgIen7SREP9x-ESE3Qkg,3,Q8944181,journalist,Chen Hai-Yin,Taiwan,topic:stale,
UC_fykcNnreGmrEomTDnAniw,3,Q122544,mass media|news media|news website|newspaper|online newspaper,Newsru.com,Russia,no_topic_or_title,
UC_ibs-JPAeUv5Z_U3nWZ5AA,3,Q123989323,mass media|news media|news website,Looopings,Netherlands,title_only:gate2_demoted:gate2_fp68,
UC_ishXVF7noHK5kzr_aenww,3,Q60221301,journalist,Q60221301,United States,topic:stale,
UC_llJfUEASkfnBPmCZ48vfw,3,Q141407028,mass media|news media|news website,AutoGear,Portugal,title_only:gate2_demoted:gate2_fp68,
UC_rFVyOkSA0XxjLuD85-Cvw,3,Q31725705,newspaper,The Daily Karatoa,Bangladesh,unresolved,
UC_rpr10vOZDoa3usiwEFfwQ,3,Q16218443,blogger|journalist,Eliot Higgins,United Kingdom,topic+title:stale,
UC_t4XXT3KTLFFOmNBq1Wo8A,3,Q3048721,mass media|news media|news website,Q3048721,,unresolved,
UC_yP2DpIgs5Y1uWC0T03Chw,3,Q54820004,mass media|news media|news website,Joueur du Grenier,,no_topic_or_title,
UC_zL4oN5WXfWOJc2Hhn47Hw,3,Q7296610,journalist|news presenter,Ravi Baichwal,Canada,topic+title:stale,
UCa-0NsssnR1Vg1O9viiC4GQ,3,Q124956427,journalist,Yossy,,no_topic_or_title,
UCa-0wJybJxqM4qeeRrhXRVg,3,Q112995178,blogger|journalist,Q112995178,Azerbaijan,topic:no_politics,
UCa-BIqNjyBNKmu7Aj4plcaw,3,Q112208567,journalist,Bruno Boutot,Canada,title_only:stale,
UCa1-A42151DqNidTYRkyWug,3,Q11427993,journalist,Mika Tsutsumi,Japan,unresolved,UCPI0AgcDOd3kjNxfxq4yMcQ
UCa1QzYcSgpmWV2IENMCY7XA,3,Q6006121,journalist,Mathías Brivio,Peru,title_only:gate2_demoted,
UCa1v7zWVhWhJNF-yGR6K5pg,3,Q30302769,journalist|news presenter,Kaitlan Collins,United States,title_only:stale,
UCa8qBas58rCwW64PQLYd2_g,3,Q5130305,YouTuber|blogger|journalist,Clayton Morris,United States,no_topic_or_title,
UCaBU6qj0GRLDnykr44r26Tg,3,,,parismatch,,,
UCaExGnbEDnuJxKetjqrRUHg,3,Q41221013,journalist,Adelle Onyango,Kenya,title_only:stale,
UCaFg_IJ_vbnjP7oQoG7seuw,3,Q5012827,mass media|news media,CM&,,title_only:stale:gate2_fp68,
UCaJeMzlXhZqWIwuHNXCOs7w,3,Q6309664,journalist,Julius Babao,Philippines,title_only:gate2_demoted,
UCaK4r9InDzVQPXyyw1toohg,3,Q52942979,journalist,Anna Hakobyan,Armenia,topic+title:stale,
UCaLr5VPRX9gAxvGzZ7oH6_g,3,Q111604140,mass media|news media|news website,IGN Russia,Russia,no_topic_or_title,
UCaMJr0AGLD6SNv-CHy5UDbg,3,Q141252434,journalist|news presenter,Erika Mikaelsson,Sweden,zero_videos,
UCaMJuQv7-bK53w06f7Ogx4A,3,Q6681990,newspaper,Los Angeles Business Journal,United States,unresolved,
UCaSV83hDA9Ugfj8WPUi81_w,3,Q116877541,newspaper,L'Evènement,,title_only:stale:gate2_fp68,
UCaUBCV22IHCSGOsoGBHi1_A,3,Q28413436,journalist,Q28413436,Taiwan,no_topic_or_title,
UCaVlX6NkBUbxyYFHgLfFK-Q,3,Q97005117,journalist,Q97005117,,no_topic_or_title,
UCa_ge1kVb-6ybEeZB2XdluA,3,Q5349874,journalist,Eirini Nikolopoulou,Greece,topic+title:stale,
UCabvYnvuUUbbGUrxkaFRgSA,3,Q129254995,mass media|news media|news website,AUTOMATON,Japan,no_topic_or_title,
UCafaKpF0xIw1s9aKy_BnoIg,3,Q19612893,mass media|news media|news website|newspaper|online newspaper,Q19612893,Russia,no_topic_or_title,
UCanxaCp65Ph4E1sPcEiwRkw,3,Q3433450,newspaper,Rivarol,France,unresolved,
UCasbeBsqYEUCEetAhXsRcyQ,3,Q117944600,journalist|pundit,Jerome B. Gordon,,topic+title:stale,
UCatcZAokNNV_tLL7amJfvxA,3,Q5934860,journalist,Sandra Barneda i Valls,Spain,topic+title:stale,
UCax8UqfUx0bknH-IwWa86ng,3,Q714427,mass media|news media|news website|newspaper|online newspaper,Taipei Times,Taiwan,unresolved,
UCb3AQiS1IXzVImJGROFBhXg,3,Q61911473,journalist,David Amerland,United Kingdom,title_only:stale,
UCb6QDBuxtoIP8kT4cO5BX0A,3,Q28415727,mass media|news media|news website,4Gamers,Taiwan,no_topic_or_title,
UCb7qPJDTHdIOdOjkCsJ8JnQ,3,Q136206174,journalist,Antonis Kokorikos,Greece,topic:stale,
UCb90SO-gi-k0_YqpfyhMWcQ,3,Q108866078,mass media|media company|news agency|news media,BNPS Press Agency,United Kingdom,no_topic_or_title,
UCb9EmqspwO4fHZHvJdM38HA,3,Q377629,newspaper,Télérama,France,no_topic_or_title,
UCbAwSkqJ1W_Eg7wr3cp5BUA,3,Q66320133,YouTuber|blogger|journalist,Safiya Nygaard,United States,title_only:gate2_demoted,
UCbBZSCn9IYOKdZxYydHsQ4A,3,Q57313586,journalist,Adam Hurrey,,no_topic_or_title,
UCbEzsYHlNTfhLZ_wtm9gAXQ,3,Q5000016,newspaper,Burnley Express,United Kingdom of Great Britain and Ireland,title_only:gate2_demoted:gate2_fp68,
UCbI-X9F07inmxYvQKDBOU7Q,3,Q108733456,mass media|news media|news website,Push Square,,no_topic_or_title,
UCbJJ8YRFIrAM1LaMFg7_KCQ,3,Q2847257,columnist|journalist|pundit,André Bercoff,France,topic:stale,
UCbLElfSqnOVYOLKydgCs3NA,3,Q108267444,mass media|news media|news website,IndieMag,,no_topic_or_title,
UCbWLl4ZfbSUD4Fg5CWfrEmA,3,Q126908737,journalist,José Ángel Ponsoda,,title_only:gate2_demoted,
UCbZNnOOHr96FWn-M4-dIESw,3,Q33103850,journalist,Del Irani,Australia,topic+title:no_politics,
UCbZoadQosdR20G7Ofr8RjRQ,3,Q112540114,YouTuber|blogger|journalist|pundit,Tony Havlík,,topic:no_politics,
UCbchv_qMvAPTglqWNHCmVwQ,3,Q20056333,mass media|news media|news website,Q20056333,Sweden,no_topic_or_title,
UCbd_cIHnI1J_XcLT86NMyvQ,3,Q15872832,public broadcaster,Q15872832,Netherlands,no_topic_or_title,
UCbeSMjoShh_QHXyLx68GRBg,3,Q5323957,mass media|news media|news website,EP Daily,,no_topic_or_title,
UCbeYsKlrfhafTYmiJzPCl8w,3,Q59643107,journalist,Cecilia Djurberg,Sweden,title_only:stale,
UCbjNIMSwSQ01hYUH8GiC9kA,3,Q7742538,newspaper,The Irish Echo,,title_only:stale:gate2_fp68,
UCbjyNHuD2eQbhvb0oDK96kg,3,Q108130787,journalist,Alice Diana Boboc,,topic+title:stale,
UCbkHwwf3Z10690mTU5VK0Tg,3,Q111805663,journalist,Donni Saphire,,title_only:stale,
UCbqhDIlZcSo1CDR1tdZvntA,3,Q113103273,YouTuber|blogger|journalist,Víctor Abad,Spain,no_topic_or_title,UC89aCe0fFyScFU-NegT2CFQ
UCbu2SsF-Or3Rsn3NxqODImw,3,Q45836,mass media|news media|news website,Q45836,United States,no_topic_or_title,
UCbwfUqs5Y6_jblWJwMIfRzA,3,Q16999575,YouTuber|blogger|journalist,Graham Phillips,United Kingdom,unresolved,
UCbwyrtTsuaru8ditvo1fqkA,3,Q80490473,mass media|news media|news website,TechRaptor,,no_topic_or_title,
UCc2OJiQsnfXfe_pz7ofHTxw,3,Q3770375,journalist,Giuseppe Cruciani,Italy,topic+title:stale,
UCc31oSdOSYPjusZU21-F7Fg,3,Q55666078,newspaper,Venice Gondolier,United States,title_only:stale:gate2_fp68,
UCc36qoLwBkcsOGHUDPlqfNQ,3,Q111283058,journalist,Q111283058,United States,topic:stale,
UCc4MnuNvuGkGuKUfeMliLGg,3,Q65972760,journalist|pundit,Friedemann Karig,Germany,zero_videos,
UCc7iu0qx2e9gery9bmWAhvQ,3,Q519984,journalist,Neil Strauss,United States,title_only:stale,
UCcBxAHPTyPNdCU5wGQ0SnMg,3,Q59496861,journalist,Eirik Solheim,Norway,title_only:stale,
UCcD99Gxaauy6OLsqQBzjlGQ,3,Q86472794,mass media|news media|news website,igli5.com,,no_topic_or_title,
UCcKLnvxLUKMjcjAfs0erpFA,3,Q108775008,mass media|news media|news website,Pure Xbox,,no_topic_or_title,
UCcP3HpPMKiQHsj7qDzu3q6g,3,Q89760514,journalist,Marine Périn,,topic:stale,
UCcP5HeQ55IT4ppzerxOOz_g,3,Q5369234,mass media|media company|news media|news website|newspaper|online newspaper,Emarat Al Youm,United Arab Emirates,no_topic_or_title,
UCcX5TJjQsRN4Bg-EVc5Dcfg,3,Q105418864,blogger|journalist,Diana Panchenko,Ukraine,unresolved,
UCcaq4iRoEYVJRkUFSyjHi2A,3,Q73939073,mass media|news media|news website,USgamer,,no_topic_or_title,
UCcaswDIh-nrXYofcYQm6KTg,3,Q104627194,mass media|news media|news website,Gematsu,United States,no_topic_or_title,
UCcb-_yNNsal_bf0K329heAQ,3,Q107767338,journalist,KWiNK,Germany,title_only:stale,
UCcbj7JtgyAUXvTQ3OoShuzw,3,Q118270884,journalist|pundit,Q118270884,,zero_videos,
UCccPR0akJY3t4MHF7M8eIcQ,3,Q97197435,journalist,Majid Hosseini,Iran,topic:stale,UCpTzn9K72X0qLTGZ1rRZo3A
UCcdKjoU_7733lU1-nAlIP_Q,3,Q114432245,mass media|news media|news website,Pocket-Lint,United Kingdom,title_only:stale:gate2_fp68,
UCcdfIjyUDAhYe9aEwa4fBoA,3,Q16206344,journalist,Cari Champion,United States,title_only:stale,
UCceyo1GjTLGMK5ZcaS-rv3A,3,Q1513049,newspaper,Primorski dnevnik,,no_topic_or_title,
UCcgUpAOKTTK4GccufqKvl4w,3,Q6177989,journalist,Jennie Gow,United Kingdom,title_only:stale,
UCcjNrwpT8PDac89rQ5bDADQ,3,Q24175779,journalist,Jamshid Barzegar,Iran,topic+title:stale,
UCcl_v-i1vPbLPNaSsMxFjIg,3,Q11971470,mass media|news media|news website|newspaper,Gamer.no,Norway,no_topic_or_title,
UCcrYxvtT9tp60RBsK9HvpqQ,3,Q7681850,journalist|news presenter|podcaster,Tamsen Fadal,United States,title_only:gate2_demoted,
UCctEW2-hzBVXvOkZ8kt4b5A,3,Q64235232,journalist|news presenter,Tina Redwine,,title_only:stale,
UCcw8hqnE79ngL7ijOlY8xDw,3,Q97961835,mass media|news media|news website,Q97961835,Netherlands,no_topic_or_title,
UCcwdhqwoECAvPVN6Br63Z7A,3,Q55392925,journalist,Tamara Gonzalez Perea,Poland,title_only:stale,
UCd1UXLYmP2xEx-jKi06lY2g,3,Q55666024,newspaper,Columbia County Observer,United States,title_only:stale:gate2_fp68,
UCd27iRLqJh3aozOqzGo1ONw,3,Q102138942,mass media|news media|news website|newspaper|online newspaper,Pulse Kenya,Kenya,title_only:gate2_demoted:gate2_fp68,
UCd2xKD82vb-LbFEgE6MPsGw,3,Q87119734,mass media|news media|news website,Exclusively Games,,no_topic_or_title,
UCd4g62283LB6RLwz2kCzbXQ,3,Q16133116,journalist,Ofer Taler,Israel,topic+title:no_politics,
UCdATSgKbkiEvw6L1k3FSmcg,3,Q56446600,newspaper,Monroe Journal,,title_only:stale:gate2_fp68,
UCdCBXf-3xGLDRqJKF9hllmA,3,Q1304693,newspaper,The New Paper,Singapore,title_only:stale:gate2_fp68,
UCdKEc2AdhUFM7Jt11QwLDEA,3,Q2777717,journalist,Martin U. Müller,Germany,title_only:stale,
UCdLJ65_p8R5psz49sQjEhKw,3,Q23893487,journalist,Amanda Ramalho,Brazil,title_only:gate2_demoted,
UCdRRqcz2tDUTcITuLpGxB2g,3,Q120767318,journalist,Casey Johnston,United States,title_only:stale,
UCdTB4Syoaxzf3FpvSGYtWjQ,3,Q10313941,journalist|news presenter,Karyn Bravo,Brazil,topic+title:stale,
UCdX6lI1cnIaznkmokdxJQ2Q,3,Q106363274,YouTuber|blogger|journalist|pundit,Thought Slime,Canada,no_topic_or_title,UCrr7y8rEXb7_RiVniwvzk9w
UCdXORTgvTDla5b3o0Kk3S8A,3,Q1176215,journalist,David Quammen,United States,title_only:stale,
UCdbJ5f4yyHf72i_nQ8GxNLg,3,Q140980175,journalist,Mohammad Imon Kazi,Bangladesh,zero_videos,
UCdcEhhmXDVrKTukbKqnC5bw,3,Q11255121,mass media|news media|news website,Yomiuri Online,Japan,no_topic_or_title,
UCdclFGt02DO2DfjM_KCtT8w,3,Q835762,journalist|pundit,Hirotada Ototake,Japan,no_topic_or_title,
UCdd1_6ErEs6WRylM8N8ZMSA,3,Q7445372,newspaper,Sedona Red Rock News,United States,title_only:stale:gate2_fp68,
UCder4glCBNRNsxWq0wo6HDw,3,Q122945110,blogger|journalist,Lauren Wainwright,United Kingdom,zero_videos,
UCdftmZ-Vq7XjP3q3yZ_NQIA,3,Q11372864,journalist,Kōzō Inoue,Japan,no_topic_or_title,
UCdhINeh2MrnKYLx87yIEHbA,3,Q3370704,journalist,David Faitelson,Mexico,unresolved,
UCdiYEB3J7Ew_0WhaqhzFdLg,3,Q55665778,newspaper,Chaffee County Times,United States,no_topic_or_title,
UCdiq218CwjyUX-bVF1wo2uA,3,Q55668186,newspaper,New Mexico Tribune,United States,unresolved,
UCdp_qGA4bYU6kbmbHNKB_nQ,3,Q16214613,journalist|news presenter,Jaynie Seal,Australia,no_topic_or_title,
UCdraepLM9oIVW6PmMS2I6_w,3,Q10671301,newspaper,Skövde Nyheter,,title_only:stale:gate2_fp68,
UCdsuPPge7nkd6hrh4I7P1nA,3,Q6451607,journalist,Kylie Gillies,Australia,no_topic_or_title,
UCdwSHDyXRB-VmrFDjszRuZg,3,Q97556054,mass media|news media|news website,IndianVideoGamer,India,no_topic_or_title,
UCe-5M1Gr1sDwOrwOR2nQ_YQ,3,Q6370978,journalist,Karina Carvalho,,no_topic_or_title,
UCe6wODuoC6FRbsglwp81xoA,3,Q12228512,journalist,Amr Ellissy,Egypt,topic+title:no_politics,
UCe7BLtnYfxTXVTRISlfupSw,3,Q9182431,journalist,Daisy Chiu,Taiwan,no_topic_or_title,
UCe9ap1Kstn9NQT7m8NjRnsw,3,Q55665879|Q55665889|Q55665899|Q55665910|Q55665926|Q55665928|Q56236416,newspaper,Branford News,United States,no_topic_or_title,
UCe9o5o8JnpzLH0jWQ1r4opw,3,Q138412584,mass media|news media|news website|newspaper|online newspaper,Torque News,United States,title_only:gate2_demoted:gate2_fp68,
UCeCfrca9s9gGaq4OEIiYz7w,3,Q108732410,mass media|news media|news website,SVG,,no_topic_or_title,
UCeCsJEBnJ_XSGeK3Uokr8hg,3,Q97384485,journalist,Henk van Ess,Kingdom of the Netherlands,no_topic_or_title,
UCeDwa_FYNCY5fspwM8jH7Ow,3,Q55666307,newspaper,Keota Eagle,United States,title_only:stale:gate2_fp68,
UCeHhBlJ9kST90jJKBZDi6vg,3,Q3459288,journalist,Lynne McTaggart,United States,topic+title:no_politics,
UCeI1wTa67ZzmNO7z1TW2G-A,3,Q124153408,journalist|pundit,Pokii Huang,Taiwan,no_topic_or_title,
UCeLTefZcq2nTCO2Vrx-njUw,3,Q3845942,journalist,Marco Berry,Italy,title_only:stale,
UCeLeyHAaZJb4tm0cAMxc60Q,3,Q117304746,journalist,Tatsuya Gotō,Japan,no_topic_or_title,
UCeNCijkbeRTVCKOc6DIBwbg,3,Q821172,mass media|media company|news agency|news media|news website|newspaper|online newspaper,RIA Novosti,Russia,unresolved,
UCeS1T0db23dbubj4libwgjw,3,Q7774324,newspaper,The Westfield News,,title_only:stale:gate2_fp68,
UCeTaeH5zCXmb1XdHigNEVfQ,3,Q809590,public broadcaster,BNN,Netherlands,unresolved,
UCeVqnnO_xq4cCCvCxBNBcLA,3,Q20709204,journalist,Jill Filipovic,United States,title_only:stale,
UCeWSOa0myWCuCBtQ8yjYjIw,3,Q126721616,journalist,Elza Gazizova,Russia,no_topic_or_title,
UCe_RdZRZmrEMiUeZm-MMbGA,3,Q105659225,journalist,Shmuel Munitz,Israel,topic:stale,
UCe_cTyXPMqe8IZy9eKdc9Nw,3,Q111585195,journalist,Naoto Ikeda,Japan,topic:stale,
UCeamXPhR60wNepXZkrPjJhw,3,Q139328442,journalist,Q139328442,Spain,no_topic_or_title,
UCecaVl3kMXw9U-yAhiHV0Zg,3,Q7827741,journalist,Toshinao Sasaki,Japan,no_topic_or_title,
UCelXvXZDvx8_TdOOffevzGg,3,Q106494961,YouTuber|blogger|journalist|news presenter,Eliana Sheriff,,topic:no_politics,
UCen0332_pM4sgHoSBsS6vrw,3,Q123422915,journalist,Blythe Lawrence,United States,title_only:stale,
UCetO6ETIJpd0jI9xx30VK0A,3,Q3754305,blogger|journalist,Fulvio Grimaldi,Italy,unresolved,
UCexS-W4ak_TwpFsB-lUbQjg,3,Q61756576,journalist,Stephen Totilo,United States,unresolved,
UCf4FYTsGFFcdc68AUPIU3RA,3,Q55715275,mass media|news media|news website|newspaper|online newspaper,BuzzFeed News,United States,unresolved,
UCf6UlDAfMlIyChWC7eddl1A,3,Q106211887,journalist,Rachel Bonnetta,Canada,title_only:stale,
UCf99BBKuwEutsiRu_9Te-uw,3,Q11531407,journalist,Tarō Matsumura,Japan,no_topic_or_title,
UCfBFXf99aPHDctL5XVS2uZA,3,Q5078055,journalist,Charles Glass,United States,topic+title:stale,
UCfCxCE6OZSg4uw4_Ll5uEiw,3,Q55665415,newspaper,Maricopa Monitor,United States,no_topic_or_title,
UCfDPpLHN-7_6cctaU8CgPhQ,3,Q5519916,magazine|mass media|news media|news website,Q5519916,Russia,no_topic_or_title,
UCfHBpJQCU28OsLUash02B1Q,3,Q16180668,mass media|news media|news website,Game Donga,South Korea,no_topic_or_title,
UCfHhlKakrkNYogQ7XqWdNfw,3,Q5126348,newspaper,Claremore Daily Progress,United States,zero_videos,
UCf_deS7E0Y0l4-n1BFEeCgA,3,Q11595779,newspaper,Akita Sakigake Shimpō,Japan,no_topic_or_title,
UCfhH3NnVbD4gxkw-XBIlb0w,3,Q140770584,YouTuber|blogger|columnist|journalist|pundit,Dariusz Pichalski,Poland,title_only:gate2_demoted,
UCfhzRY6IRJNAnh_R0zOiS8A,3,Q55666081,newspaper,Diario Palm Beach,United States,unresolved,
UCfj4VRlWGhyr5IxBe1DlHkg,3,Q55671137,newspaper,Rains County Leader,United States,title_only:stale:gate2_fp68,
UCfmcIZ4_XFSo9Hj4ByA262A,3,Q123269625,journalist,Sibel Arna,Turkey,title_only:gate2_demoted,
UCfmfzKErbJb23f9hypSaXdw,3,Q54834006,YouTuber|blogger|journalist|pundit,Luna Darko,,title_only:gate2_demoted,
UCfnkJQRla5jK2I5W7qLI6QA,3,Q24819250,journalist|pundit,Amir Moyal,Israel,no_topic_or_title,
UCfobfF0GXk0GIehdS4r8lIg,3,Q10939132,journalist,Roser Amills,Spain,topic+title:no_politics,
UCfp0kNMzBXVYaAguKprFALQ,3,Q138966057,mass media|news media|news website,sport.ro,Romania,title_only:gate2_demoted:gate2_fp68,
UCfpmNvInMOFMtKCHzObJP2Q,3,Q1325082,newspaper,Elbe-Jeetzel-Zeitung,Germany,title_only:gate2_demoted:gate2_fp68,
UCfuyyVnNfbiwovULXTRQiVA,3,Q139644159,journalist,Sigourney Cantelo,Australia,title_only:gate2_demoted,
UCfvahnsPCJZJeCMR_rg5T7Q,3,Q16207891,journalist|podcaster,Marc Fennell,Ireland,title_only:stale,
UCfvnojwgo9u3zrqapzjACEA,3,Q125350330,mass media|news media|news website,Q125350330,France,no_topic_or_title,
UCfxbE4_BAlry2GFoNLDXPRA,3,Q1522776,public broadcaster,Vietnam Television,Vietnam,no_topic_or_title,UCuJ5k3GndbHnXLYyiIR6Z8Q
UCfyxMrvJnoGAZFqJI4b3AgQ,3,Q7958001,mass media|public broadcaster|radio station,WYEP-FM,United States,no_topic_or_title,
UCg-FAw2i4Ee1pjQJ9AUHXLg,3,Q7824002,newspaper,Tooele Transcript-Bulletin,United States,title_only:stale:gate2_fp68,
UCg1jd0c_xql7t_bBpyQLdJA,3,Q7772819,newspaper,The Virginia Gazette,United States,no_topic_or_title,
UCg2xdE9HQt7WD9F7RYhJ3cg,3,Q7506007,journalist,Shykh Seraj,Pakistan,topic+title:no_politics,
UCg51v8bVHc8_RDtRoVCyaRA,3,Q20054619,columnist|journalist|pundit,Marine Petrossian,Armenia,topic+title:stale,
UCg5_8AyuiczHQ0c5nYdj9ZA,3,Q140310633,journalist,Emi La Palau,Indonesia,title_only:gate2_demoted,
UCg7U0Zo66_c3jZmu7B2zkAg,3,Q3521254,mass media|news media|news website|newspaper|online newspaper,The Hill Times,Canada,unresolved,
UCgAAaoK308_UhNONRfZmHfA,3,Q55668438,newspaper,Crain's Cleveland Business,United States,title_only:stale:gate2_fp68,
UCgBcTeH9MIsQteTNufpiuxA,3,Q64597246,journalist,Laura Kate Dale,United Kingdom,no_topic_or_title,
UCgCwls7NzZYy4vwQ8W5h6vg,3,Q113302700,journalist,Annalisa Vandelli,Italy,topic+title:no_politics,
UCgDAnKZngqzL2sJHTI7eUuA,3,Q5658581,journalist,Adrián Puente,Argentina,title_only:gate2_demoted,
UCgF1c2Q8T2OeCR_WeQH3AOA,3,Q2031151,mass media|media company|news agency|news media,Prensa Latina,Cuba,unresolved,
UCgFkUfMGLAYIud_5AnO4YFg,3,Q3992430,mass media|news media|news website,Tom's Hardware Italy,,title_only:gate2_demoted:gate2_fp68,
UCgMYcItRDCB82WdmeNpBrXA,3,Q98560897,journalist|pundit,Lindsey Newhall,,title_only:stale,
UCgNJG8Z3wNS9YN6zZBnxaBA,3,Q55665637,newspaper,South Pasadena Now,United States,title_only:stale:gate2_fp68,
UCgOi_I2Pmn2_INC4SzugeeQ,3,Q55668627,newspaper,GSA Business Journal,United States,unresolved,
UCgPWzimzNY_6ECyBqdY_qrQ,3,Q16993676,newspaper,Fort Bend Herald and Texas Coaster,,title_only:stale:gate2_fp68,
UCgSHm5EbCawxL9Z3JBye2_g,3,Q5526151,journalist,Gary Whitta,United Kingdom,no_topic_or_title,
UCgVOgntaY2YTEDtJi4m5B2g,3,Q56236475,newspaper,Progress-Review,,title_only:stale:gate2_fp68,
UCgXYKEiwFss9BAbvzdLnV0g,3,Q140355827,mass media|news media|news website|newspaper|online newspaper,FandomWire,United Arab Emirates,title_only:gate2_demoted:gate2_fp68,UCu6ZkNVmUDXefMWt4zIDBjg
UCgYrENqF_76IEV0TgZ1Mk1Q,3,Q116753659,journalist,Kit O'Connell,,topic+title:stale,
UCgZ7UJmNWlX1bbMRRW5lZvg,3,Q19866976,newspaper,Rock River Times,United States,unresolved,
UCgaIJfwFLXQsasrffZt4cEw,3,Q107656386,mass media|news media,As1 Entertainment,,no_topic_or_title,
UCgaPRP68bbyHnfkPhWWBrNw,3,Q2283786,magazine|mass media|news media|news website,Q2283786,United States,no_topic_or_title,
UCgcaYL03bSn67IwZGwnMsQQ,3,Q111038015,mass media|news media|news website,Strongman Archives,,title_only:stale:gate2_fp68,
UCgf99FxnJYCee6WEeH58n2w,3,Q16184321,newspaper,The Sportschosun,South Korea,no_topic_or_title,
UCgfT8tU7cSvhTIzxEqeWVTQ,3,Q109628790,columnist|journalist|pundit,Annie Rauwerda,United States,title_only:stale,
UCgidsLkWb4x3KdoPPmImGjg,3,Q105055468,mass media|news media|news website|newspaper|online newspaper,21 Mediavision,Australia,zero_videos,
UCgkSRmOjFpRjuzv9YqEZ3_g,3,Q139579382,journalist,Johannes Bornewasser,,zero_videos,
UCgngG8lgg8yAz--hQxJ8puA,3,Q131172370,journalist,Q131172370,,no_topic_or_title,
UCgo8qP50yVGHCaF03qo4ovw,3,Q136803449,mass media|news media|news website,Q136803449,Brazil,no_topic_or_title,
UCgoxc-VKU0cw9BcM9z_qokg,3,Q113835901,mass media|news media|news website|newspaper|online newspaper,Frandroid,France,title_only:gate2_demoted:gate2_fp68,
UCgqdgI7yETxwyuY0HJPvj0Q,3,Q55665608,newspaper,Mammoth Times,United States,title_only:stale:gate2_fp68,
UCgqe5A5YkIYVie_Ulpt0nWw,3,Q115743066,mass media|news media|news website,Daily Magazine,Romania,no_topic_or_title,
UCgtFkcoakUlnSRZyhsJiOdw,3,Q15904061,journalist,Q15904061,Taiwan,no_topic_or_title,
UCgvmDYJP2Vf0mlojdWZDr7w,3,Q55667586,newspaper,St. Peter Herald,United States,title_only:stale:gate2_fp68,
UCgxFsmsAFfB_2Hc5beU_mHA,3,Q55666257,newspaper,Wright County Monitor,United States,title_only:stale:gate2_fp68,
UCgyqtNWZmIxTx3b6OxTSALw,3,Q107970848,mass media|news media|news website,Android Authority,,title_only:gate2_demoted:gate2_fp68,
UCh00JnWjVD2HfSMnMyO5NEQ,3,Q113572544,journalist,Snunit Liss,Israel,title_only:gate2_demoted,
UCh0WAjb5YTVD7hgQikI4m_g,3,Q6940243,newspaper,Muscatine Journal,United States,title_only:stale:gate2_fp68,
UCh24_9600fCJemez4RgoOmw,3,Q107066807,journalist|podcaster,Marvin Wildhage,,topic+title:no_politics,
UCh2UY1hxlMr4_7Az_iQ82HQ,3,Q97577456,journalist|podcaster|pundit,Michael Brooks,United States,topic+title:stale,
UCh3AS0fPpUuNn_Agt6HXecg,3,Q137754128,columnist|journalist|podcaster|pundit,Steve Rhode,United States,title_only:gate2_demoted,
UCh3GsSMKOP2IoTLlpS74TPg,3,Q108882413,journalist,Franz Christian Irorita,,no_topic_or_title,
UCh3jYz8dRc-9kvqqRdzw5Tg,3,Q6646392,journalist,Kobi Sela,Israel,topic+title:no_politics,
UCh5AiT-ctNgPotkJJiNhz4w,3,Q56236582,newspaper,Messenger,United States,no_topic_or_title,
UCh5Ke3pxOtcpjHPxDZ79OKg,3,Q96379008,mass media|news media|news website,The Flow,Russia,no_topic_or_title,
UCh6o6XTVHPJI2B5B4arWS0A,3,Q124830633,mass media|news media|news website,Dansende Beren,Belgium,no_topic_or_title,
UCh7KBM_quxtT0Z-WMC9VL1g,3,Q115436290,mass media|news media,InsideBitcoins,,title_only:stale:gate2_fp68,
UChAK1l7hBY29zykhUwju7WQ,3,Q136452243,mass media|news media|news website|newspaper|online newspaper,Q136452243,Spain,no_topic_or_title,
UChBJrKb8HB1ViYagR7a-K4g,3,Q27509536,columnist|journalist|pundit,Tamara Wernli,Switzerland,title_only:gate2_demoted,
UChCCLbpmrhgCI1rS3-1GLjQ,3,Q12205286,newspaper,El Watan News,Egypt,no_topic_or_title,
UChDZzGGtMZAbISDDlb9qSAg,3,Q51002300,journalist|pundit,Maayan Adam,Israel,topic+title:stale,
UChPRHmJ6hU3FL6xD6k2ReFA,3,Q55667841,newspaper,Explore Big Sky,United States,unresolved,
UChRZTvSSB0itheN6PSyQVkQ,3,Q132127069,journalist,Rodrigo Castillo Bocanegra,Peru,no_topic_or_title,
UChSNRoqpCaTz3C5B2qQFPjA,3,Q111550676,journalist,Manoj Rajan Tripathi,India,no_topic_or_title,
UChSbeXOSPrtT4-XiZsNwJjw,3,Q55666381,newspaper,Sho-Ban News,United States,title_only:stale:gate2_fp68,
UChXHOzuSXAGZSDEWHOEk84g,3,Q136771836,mass media|news media|news website,levelup.com,Mexico,no_topic_or_title,
UChbaebd-Ye0pKt5BnAPJFjQ,3,Q126366061,journalist,Cris Guterres,Brazil,no_topic_or_title,
UChbs-RVGQ1kX9ZtBDqyoOmg,3,Q55671505,newspaper,Douglas Budget,United States,title_only:stale:gate2_fp68,
UChc7qLmVcLLGp21ItKxlzYQ,3,Q7715923,newspaper,The Baxter Bulletin,United States,title_only:stale:gate2_fp68,
UChhMknOcAZOQXC1rh0ler-Q,3,Q78126138,YouTuber|blogger|journalist,Lucy Edwards,,title_only:gate2_demoted,
UChhXy06ZLLwTsSa4OUwLYHg,3,Q12219862,mass media|news media|news website|newspaper|online newspaper,Sabq Online Newspaper,,no_topic_or_title,
UChk4fCR_CKJ6K_eW-4LJ4sQ,3,Q6781759,newspaper,Marysville Globe,United States,unresolved,
UChldv84NCjKTtfFE340PipA,3,Q123258698,journalist,Samar Abu Elouf,Palestine,topic+title:stale,
UChpZkdzY2R0s0xBvLvevuyQ,3,Q56236370,newspaper,Argonaut,,title_only:stale:gate2_fp68,
UChuoRqzIzmirCM1uftXBNWA,3,Q125506574,journalist,Anna Drouza,Greece,topic:no_politics,
UChw5QYzGsbEyepv_tji2ZFg,3,Q907792,newspaper,Hokkaido Shimbun,Japan,no_topic_or_title,
UChyHWB6Y1G9CUxpSP0nZMbQ,3,Q15693533,journalist,Farvartish Rezvaniyeh,Iran,topic+title:no_politics,
UCi0OI8Lk1ow6tPsgwiAgb5Q,3,Q136436231,journalist,Q136436231,,topic:stale,
UCi22FeiQgWPh8mYfb4tNftQ,3,Q4768266,journalist,Anne Diamond,United Kingdom,title_only:stale,
UCi4b0y6k9gHUgidtDi-9Sow,3,Q136950970,mass media|news media|news website|newspaper,Q136950970,Brazil,no_topic_or_title,
UCi5L_hitCfRLDiSQjE3SbAw,3,Q2918387,journalist,Noy Alooshe,Israel,no_topic_or_title,
UCi87XRXDgTMwULWc2KWgUEg,3,Q125252667,mass media|news media|news website|newspaper|online newspaper,Voice of Europe,,unresolved,
UCiBob5eofBmm2tkSEm2EOCg,3,Q274802,blogger|journalist|podcaster,Violet Blue,United States,title_only:gate2_demoted,
UCiI0IJaK_hRKY07venRb8Rw,3,Q138907626,mass media|news media|news website,L'Architetto,Italy,title_only:stale:gate2_fp68,
UCiIOLClVfRzsDDwzT3eslIQ,3,Q1431625,newspaper,Nikkan Sports,,no_topic_or_title,
UCiLSZCdbCYc7iJzsBfV5gLw,3,Q127789906,mass media|news media|news website,IGN Benelux,Belgium,no_topic_or_title,
UCiPRWovrYWudQx4qJqL3XxA,3,Q55665827,newspaper,Johnstown Breeze,United States,title_only:stale:gate2_fp68,
UCiTFwf4VFGMyfg3cQlXP9JQ,3,Q192632,magazine|mass media|newspaper,NME,United Kingdom,no_topic_or_title,
UCiU8hlLbqdubrjQ7qqXYxEg,3,Q46957292,YouTuber|blogger|columnist|journalist|pundit,Majid Oukacha,France,topic+title:no_politics,
UCiUbpnQC9lsoJziwaKbsFLg,3,Q55671427,newspaper,Chippewa Herald,United States,title_only:stale:gate2_fp68,
UCiWFqWkF2GqzlhydNu1_l4w,3,Q5718219,mass media|news media|news website,BandaAncha,Spain,title_only:gate2_demoted:gate2_fp68,
UCia7ArQd6KTk0jzwE5ck4XA,3,Q54857703,public broadcaster,PBS Hawaii,United States,title_only:gate2_demoted:gate2_fp68,
UCiaywKoOOQI7tdZxe1DC6OQ,3,Q121775563,journalist,Adil Arifoglu,,topic:stale,
UCicJ-arJIKGrx2nHk0SHR0g,3,Q73933860,mass media|news media|news website,Q73933860,Russia,no_topic_or_title,
UCieHRGCgGLeL-n9VmxYeYMw,3,Q55238265,journalist,Lisa Desjardins,United States,topic+title:stale,
UCieHwWZXwzIwWEjGtmQ2y6A,3,Q4485226,journalist,Mikhail Fishman,Russia,zero_videos,
UCigodSZ_LnUdcQSr3EMB9Aw,3,Q106363274,YouTuber|blogger|journalist|pundit,Thought Slime,Canada,no_topic_or_title,UCrr7y8rEXb7_RiVniwvzk9w
UCii48tyKLxM-at9P1tdlVPA,3,Q107674048,journalist|podcaster,Sana Qadar,,topic+title:stale,
UCijpMQJNscgFTgl0IQqYx_Q,3,Q134611131,journalist,Maria Karchilaki,Greece,unresolved,
UCiolkgvnTf0RaHCPDprFf6Q,3,Q7012108,newspaper,New Times Broward,United States,no_topic_or_title,
UCipnJgbjnv1XnM5uGVSSQIw,3,Q85538129,mass media|news media|news website|newspaper|online newspaper,Motorious,,title_only:stale:gate2_fp68,
UCir3sJnIkZMOmVCVFD1xmsQ,3,Q12714770,mass media|news media|news website|newspaper|online newspaper,Framtida.no,,unresolved,
UCirOUIzOQ1uKFiX8s8K9Rcg,3,Q136549375,mass media|news media|news website,Q136549375,,no_topic_or_title,
UCirWkVHGby5yk4TLqaswN9A,3,Q27843003,YouTuber|blogger|journalist,Hugo Gloss,Brazil,no_topic_or_title,
UCisTMASyp-chzw2fmNmMyGw,3,Q55667247|Q55667255|Q56236635,newspaper,Calvert Recorder,United States,no_topic_or_title,
UCiuSJzzwd41nRrjBWkh-WuQ,3,Q10869632,YouTuber|blogger|journalist,Fausto Vera,Ecuador,topic:stale,
UCivt2HJnQDlu_eV0ocbPyKw,3,Q115016623,journalist,Stanley Roberts,United States,topic:no_politics,
UCix7xKlFTkt8hzRSRWHUceQ,3,Q56037554,mass media|news media|news website|newspaper|online newspaper,Fier Panda,France,title_only:stale:gate2_fp68,
UCj5Ug7sV0Id9g-NEfFa1psg,3,Q117804081,journalist|podcaster|pundit,Tomasz Samołyk,Poland,topic+title:no_politics,
UCj8DGOv5P7Ngsh-telMG-pw,3,Q127117664,journalist,Jon Youshaei,,title_only:gate2_demoted,
UCjDqy-414-u2my3AwFnw40w,3,Q105872387,journalist,Hasan Alnajrani,Saudi Arabia,title_only:stale,
UCjFvWMiZnEtdPAD008RzYPA,3,Q91325424,YouTuber|blogger|journalist|pundit,Marcin Rola,Poland,unresolved,
UCjTB6rTXrRMw1oDvD_4AH-w,3,Q54834006,YouTuber|blogger|journalist|pundit,Luna Darko,,no_topic_or_title,UCfmfzKErbJb23f9hypSaXdw
UCjTz7Y3knaqfflxTeU0V73Q,3,Q134720260,mass media|news media,Q134720260,,no_topic_or_title,
UCjY9xqyQS4P8kBmyk54mlRQ,3,Q140179571,mass media|news media|news website|newspaper|online newspaper,L'Explik,Belgium,zero_videos,
UCjbgs9jfsGTarvKAkQHCxhQ,3,Q8054206,journalist,Yoav Kutner,Israel,no_topic_or_title,
UCjfyJM6nkBCTKPDnCiIO8FA,3,Q140033105,journalist,Charlie Specht,United States,topic+title:no_politics,
UCjk3z6XNdepcNOKECnHdJFw,3,Q12799521,newspaper,Primorske novice,,no_topic_or_title,
UCjnWOecNRt3wbzwSKBXHzMg,3,Q105236543,mass media|news media|news website,Twinfinite,,no_topic_or_title,
UCjnvwZLER_O-gTTGwTKKhbg,3,Q15836905,journalist,Nils Bomhoff,Germany,no_topic_or_title,
UCjrpTbCRzdADQonYs1TdQTA,3,Q687428,columnist|journalist|news presenter|pundit,Maria Bartiromo,United States,title_only:stale,
UCjt4zRCKnJpdEM3N6KDFhGg,3,Q72399247,mass media|news media|news website,Unseen64,,no_topic_or_title,
UCjt7yGyc_30befQwDq6hQCQ,3,Q106819725,journalist,Darriel Roy,Canada,topic+title:stale,
UCjuPrMBQjWlYwQUSxhuB1eQ,3,Q281042,mass media|news media|news website,Q281042,France,no_topic_or_title,
UCk0_i7nLLB509vYxSkF-qqw,3,Q4219530,journalist,A.  Kerdan,Russia,topic:stale,
UCk1GR3qgBGbjoeVSpvVFF7g,3,Q91111205,journalist,Lyubov Kuryanova,Russia,no_topic_or_title,
UCk2PYYJB4OW8p74KIYDc5NQ,3,Q126279934,journalist,Conny Winiwarter,Austria,topic+title:stale,
UCk2ipH2l8RvLG0dr-rsBiZw,3,Q960011,mass media|news media|news website,Q960011,United Kingdom,no_topic_or_title,
UCk4Ns5SkWSfA0W5WExjR96w,3,Q61126067,journalist,Eran Hildesheim,Israel,topic+title:stale,
UCk6tcGiLx61U0q0Px4tZPvw,3,Q100754558,media company|newspaper,El American,United States,unresolved,
UCk7dwwsoh1vSeHOeo4MV9sg,3,Q95681540,journalist,Yakeen Bido,Syria,topic:no_politics,
UCkAT_q1arfNjyFTh4vhBHww,3,Q7197526,newspaper,Piqua Daily Call,United States,title_only:stale:gate2_fp68,
UCkJhpD9noIr3inQcVE_oLvg,3,Q137578611,journalist,Q137578611,,zero_videos,
UCkKY6qvB7JKiHGrD9bLHOqw,3,Q24431072,YouTuber|blogger|journalist,Alwida Antonina Bajor,Lithuania,no_topic_or_title,
UCkL8AONjzbDD0XxhagGrmig,3,Q16943490,journalist,Carles Porta i Gaset,Spain,topic:no_politics,
UCkOZK2K0SFDgufSbzo03K6Q,3,Q55339884,mass media|news media|news website|newspaper|online newspaper,credo.press,Russia,title_only:stale:gate2_fp68,
UCkPbl19qvLRysWOGxrOHXSA,3,Q55666816,newspaper,Times Sentinel,United States,title_only:stale:gate2_fp68,
UCkPszdM92hJhZ9h6_WyPYAw,3,Q3967045,newspaper,Sport Mediaset,Italy,no_topic_or_title,
UCkQippNLcEUJZqnXUrdpQfQ,3,Q130213123,journalist,Solua Middleton,Australia,topic+title:stale,
UCkS_yeHu-S6whVIs-dfHc6w,3,Q130498186,magazine|mass media|news media|news website|newspaper|online newspaper,Euromag,Russia,title_only:stale:gate2_fp68,
UCkTf2lyLz2qeDQvDMhRuidw,3,Q4071335,journalist|pundit,Darya Aslamova,Russia,topic:stale,
UCkTigzIFeWMpiubcQlnkyYw,3,Q4031146,mass media|news media|news website,Q4031146,Russia,no_topic_or_title,
UCkXNyBuuvNUapt0PRK-6N2w,3,Q56236728,newspaper,Independent,,title_only:stale:gate2_fp68,
UCkZjsmAQnXfS-_5lwMiXKCQ,3,Q108723206,mass media|news media|news website,Game Rant,,no_topic_or_title,
UCkj06-9sh_zktjU8CoSEJ3g,3,Q112406039,media company|newspaper,Webstory,,no_topic_or_title,
UCkj57yQtaQqUEuzWxs0WOlQ,3,Q19909556,journalist,Yelena Kozenkova,,topic:no_politics,
UCklUGqDiqiIak4PWh-qbhxQ,3,Q119113175,journalist,Albert Fàbrega,Spain,title_only:gate2_demoted,
UCklsCp5pEApz0Jq7mVibR9w,3,Q4150421,journalist,Kostiantyn Volodymyrovych Hrubych,Ukraine,topic:no_politics,
UCktzrSKfxZUvHvebOVhtCyQ,3,Q15061021,journalist|pundit,Aleksandr Shmurnov,Russia,no_topic_or_title,
UCkwg67mAtBjUmSiY-ZOcfGQ,3,Q126956811,journalist,Cyrille Amoursky,France,topic+title:stale,
UCkx-OsXHD8eK9yxDiGcuVew,3,Q140318174,journalist,Q140318174,Tajikistan,no_topic_or_title,
UCkyyI-GnhuPmxSKHPd7xqLA,3,Q55671255,newspaper,Tri County Leader,United States,title_only:stale:gate2_fp68,
UCl-7VyolERWDI2CT2g9up0g,3,Q12405892,journalist|pundit,Dror Eydar,Israel,topic+title:stale,
UCl0VKD_n2O78G5GT7sdG2LA,3,Q88327500,mass media|news media|news website,Bit Cultures,,no_topic_or_title,
UCl0tVZ1qH2v7GZzIT-Bee0w,3,Q51704837,journalist,Ryan Satin,,no_topic_or_title,
UCl3aKvzB7uC5mTlVEWiCogA,3,Q10847025,mass media|news media|news website|newspaper|online newspaper,ETtoday.net,Taiwan,title_only:gate2_demoted:gate2_fp68,
UCl5-injfeS6CCLY1QzUaDZQ,3,Q4269735,blogger|journalist,Oleg Lurye,Russia,topic:stale,
UCl7XNtpYkfEkPuFRNMkoLcg,3,Q55665523,newspaper,Sespe Sun,United States,title_only:stale:gate2_fp68,
UCl7ZXbZUCWI2Hz--OrO4bsA,3,Q21563301,mass media|news media|news website,Nintendo Life,United Kingdom,no_topic_or_title,
UCl8F1LppsX_PwfSFLaYoUgg,3,Q136679327,columnist|journalist|pundit,Q136679327,Brazil,topic:no_politics,
UClA3oDGsxLNJ8EEWu9X7QuQ,3,Q18416026,blogger|journalist,Alessio Zucchini,Italy,topic+title:stale,
UClAljpBhQJYb2qqGNMFY8lg,3,Q124571084,journalist,Marion Kuchenny,,no_topic_or_title,
UClBNelX93p5L8meEBdY4DLA,3,Q55649992,journalist,Noa Rosin,Israel,title_only:stale,
UClCXO1Kyg4C9nGd-OeXLn3w,3,Q91097452,mass media|news media|news website,Q91097452,Russia,no_topic_or_title,
UClEEOiCxih_sf9XdPKpQ00w,3,Q137900187,journalist,Naan Thaan Baaa Ashiq,,no_topic_or_title,
UClEbb9MMsiLKdKE3-TBx81Q,3,Q55667831,newspaper,Starkville Daily News,United States,title_only:stale:gate2_fp68,
UClLRSTzsn0FfWMQWSc-cuWA,3,Q136653869,mass media|news media|news website,gamespace.com,United States,no_topic_or_title,
UClMWnUHbxJKJLUgloN1mPUA,3,Q29555907,journalist|pundit,Faith Goldy,Canada,zero_videos,
UClRUxOkBWVJfdwzffPb2qtQ,3,Q3355833,journalist,Adam Alsing,Sweden,unresolved,
UClXmqNb0mIGbBu9dNhT9wOQ,3,Q97397398,journalist,Hélène Pronk,Kingdom of the Netherlands,unresolved,
UCldHSUect7WUZW0kTG6BsSg,3,Q55665697,newspaper,NikkeiWest,United States,no_topic_or_title,
UCldinmApktMtmKWzq_cA6hw,3,Q110954358,journalist,Shiho Watanabe,Japan,no_topic_or_title,
UClgeVyZNUBmnINMDjHHVUAg,3,Q86947743,journalist,Roma Torre,United States,zero_videos,
UClhP3Lr6jl6A9kBRZC96eiQ,3,Q18653948,journalist,Q18653948,Taiwan,topic:stale,
UClkoGKsJIJcBYL33yQyiuQQ,3,Q4964019,journalist|news presenter,Brian Henderson,Australia,title_only:stale,
UClnt7bszRKsqxJj32RrcGMg,3,Q5209663,YouTuber|blogger|journalist,Tsuda Daisuke,Japan,no_topic_or_title,
UClqgDtzH-p8sNWHuZm3xwOg,3,Q111385327,journalist,Lily Hay Newman,United States,zero_videos,
UClu8SE58f7ofBfp8YusqJNw,3,Q4367499,journalist,Yevgeny Poddubny,Russia,unresolved,
UClw5k1GwMXbTYYkAHHOIJuA,3,Q4706450,blogger|journalist,Alan Cross,Canada,no_topic_or_title,
UClx9hUiBvrmVOEpZl4wlvDg,3,Q118774029,journalist,Rita Goldstein,Israel,title_only:gate2_demoted,
UClyj-Z-5qrE5YN5QIbExlqA,3,Q6640798,journalist,Arnon Segal,Israel,topic:stale,
UCm1ZXuroTtToHj-wSvbUIIg,3,Q55671502,newspaper,Casper Journal,United States,no_topic_or_title,
UCm3DfoFxJO0iKvVHAdpdOKg,3,Q39087049,mass media|news media|news website|newspaper|online newspaper,Daily Hive,Canada,no_topic_or_title,
UCm4tDRXMhE4UVPZ_9-QPiPw,3,Q109117230,journalist,Q109117230,United Kingdom,no_topic_or_title,
UCm694OHBjNjxkSzp7khLZyA,3,Q137917236,journalist,Giannis Politis,Greece,topic+title:stale,
UCm9lqWLMec4klbLEtUxKSbg,3,Q97362088,mass media|news media|news website,GamingOnLinux,,no_topic_or_title,
UCmDMqPHexbwtdjWhK5ZhvxQ,3,Q75588972,journalist,Charlotte Chelsom-Pill,,topic+title:stale,
UCmEruI997iPmG6LfNosQPpQ,3,Q16336605,journalist,André Trigueiro,Brazil,topic+title:no_politics,
UCmF3ZcCBFUD-mcwg-r3SMyA,3,Q114903559,mass media|news media|news website,LunarGaming,United Kingdom,no_topic_or_title,
UCmFtDPGx3BOwdK7YFX9ZJTA,3,Q140388015,newspaper,Q140388015,Belarus,no_topic_or_title,
UCmJw2iNyNSDfDwLPU3XzKYQ,3,Q100742812,mass media|media company|news agency|news media|news website|newspaper|online newspaper,metaratings.ru,Russia,title_only:stale:gate2_fp68,
UCmKCpHH5ATFMURHTRC2jLyA,3,Q3294503,magazine|mass media|news media,Marmiton,France,title_only:gate2_demoted:gate2_fp68,
UCmMLC1WDWBz_T1ahZf0jOYw,3,Q136767281,mass media|news media|news website,operationsports.com,United States,no_topic_or_title,
UCmNrDaqGxqgbu19YG9JD7zA,3,Q25174969,journalist|pundit,Antonio Naranjo,Spain,topic+title:stale,
UCmPKzzraAJ5m21_8DunEV0w,3,Q56236359,newspaper,News-Herald,,title_only:stale:gate2_fp68,
UCmRYJVN8nCGbgYI3YncVoQA,3,Q115690786,journalist,Baptiste Fallevoz,France,topic+title:stale,
UCmRpr4ubFNEmZ6IVOqXMUFg,3,Q5224125,journalist,Darnell L. Moore,United States,topic+title:stale,
UCmSnO6VgXIhpYOhUU4Epeyw,3,Q124857448,mass media|news media|news website,Mogura VR News,Japan,title_only:stale:gate2_fp68,
UCmVyeGK6HCNdOkuLZrXYzNw,3,Q1368995,journalist,Geraldo Rivera,United States,topic+title:no_politics,
UCmYgt9Jsx-3uukXPMmbGnRQ,3,Q108611323,mass media|news media|news website,Q108611323,,no_topic_or_title,
UCmYvW0gncDBC4GptA3XwUwA,3,Q115098554,mass media|news media|news website,AwardsWatch,,no_topic_or_title,
UCmaR5rTAFeVekr0S4X-L5Fg,3,Q54969864,journalist,Doron Cohen,Israel,topic+title:stale,
UCmb0LnmFYceH7toqgmUTJDA,3,Q6159503,mass media|news media|news website,Q6159503,,no_topic_or_title,
UCmdnGnAx71XCRf5vb39Y_KA,3,Q12249660,journalist,Hala Sarhan,Egypt,topic+title:stale,
UCmeI5vKzvFYWKXO01JARrLQ,3,Q136646333,mass media|news media|news website,player2.net.au,Australia,no_topic_or_title,
UCmeds0MLhjfkjD_5acPnFlQ,3,Q1657282,mass media|news media|news website,Q1657282,United States,no_topic_or_title,
UCmhfut5DqT1stPi1tJEYQcw,3,Q55667697,newspaper,Louisiana Press Journal,United States,title_only:stale:gate2_fp68,
UCmhqq48ZXgmrKUFrV5Vg1Jw,3,Q5239974,journalist,David Speers,Australia,no_topic_or_title,
UCmlSYFBe9n0XixazFdLRBUQ,3,Q17351431,journalist|news presenter,Matijn Nijhuis,Kingdom of the Netherlands,no_topic_or_title,
UCmlg_UCp1iCM2asqvSd80Jw,3,Q139619399,mass media|news media|news website|newspaper|online newspaper,Q139619399,Brazil,no_topic_or_title,
UCmmlBMKvOMt4w9SGkVPEmrg,3,Q273168,journalist,Susan Orlean,United States,title_only:stale,
UCmsL9IeU1OACgBGVZ5MfnNw,3,Q6390598,journalist|podcaster,Q6390598,United States,no_topic_or_title,
UCmttMi2RZmw4WCawZGKxOcA,3,Q55666679|Q55666697|Q55666747,newspaper,Bourbon News-Mirror,United States,no_topic_or_title,
UCmvi4VkRrSScYrEYTOlmhqQ,3,Q125270226,mass media|news media|news website,Wij zijn De Stad Middelburg,Netherlands,title_only:gate2_demoted:gate2_fp68,
UCmvqWTCKWdwJVhH8VwNTeYA,3,Q61984711,journalist,Patrick Klepek,http://www.wikidata.org/.well-known/genid/3ff3cbc74d84be4d8187fd34221cdd14,no_topic_or_title,
UCmyTlYzwAhqplIE0DpmQ4qA,3,Q118109758,journalist,Tomoko Suzuki,Japan,no_topic_or_title,
UCn2rXwZuN_pyEACiv_hGY9g,3,Q55665557|Q55665679|Q55665686|Q55665688,newspaper,Beach & Bay Press,United States,no_topic_or_title,
UCn35n2Z9a1Yf7xHGpLR1o2g,3,Q115716035,YouTuber|blogger|journalist|podcaster,Caroline Cabot,Sweden,no_topic_or_title,
UCn7b6PCehgg4ZNh5NDcmy9g,3,Q116762256,mass media|news media|news website,Peacock Panache,,unresolved,
UCnEMTffdYHzn-5XYgS1jjWQ,3,Q110288839,mass media|news media|news website,GamingTalker,Italy,no_topic_or_title,
UCnKYLsM7gUc3t-aCXEfPLhw,3,Q43081031|Q55665477|Q55665728|Q55665741|Q56030655,newspaper,Acorn,United States,no_topic_or_title,
UCnQ3znGoKAybm2LrvDukWfQ,3,Q140314638,newspaper,The Times of Hersican,,zero_videos,
UCnSFwk_mZPnUuh0m7Z6T-4g,3,Q108841379,journalist|podcaster,Matt Baume,United States,title_only:gate2_demoted,
UCnSyMD9pu4AU7rJu0diGCNA,3,Q137919358,newspaper,The Daily Beacon,,no_topic_or_title,
UCnVHmrZCfZUfbiI_M9qTs6g,3,Q87047794,journalist,Tommi Manninen,Finland,no_topic_or_title,
UCnVf4BZXc-_q4WSHyDMzxrA,3,Q141047328,mass media|news media|news website|newspaper|online newspaper,Spelinsikten,,title_only:gate2_demoted:gate2_fp68,
UCnXwCDeKJHyBwoi8lZXhhVQ,3,Q3110601,journalist,Gonzague Saint Bris,France,topic+title:stale,
UCncLBamqLXhLc9uptTzEt4A,3,Q5162226,journalist|pundit,Conor Friedersdorf,United States,topic+title:stale,
UCngtmkW9fC4jyfrHbjCevsA,3,Q4420077,journalist,Natalya Sindeyeva,Russia,topic:stale,
UCniFRtjQi-AoBwquxhYiK2A,3,Q4093510,journalist,Yuliya Bordovskikh,Russia,no_topic_or_title,
UCnk8TbzVUZ6beuenLH3UHSg,3,Q7771552,newspaper,The Union Democrat,United States,title_only:stale:gate2_fp68,
UCnkYymEbl1qZ0VhGrzH9guw,3,Q6890051,journalist,Moeed Pirzada,,topic+title:no_politics,
UCnnsCS4DiaryfyKT7FJJSIA,3,Q97128662,journalist,Drew Prindle,,title_only:stale,
UCnnuGRuYWW_PWLoZujKisBg,3,Q55671374,newspaper,Peninsula Gateway,United States,title_only:stale:gate2_fp68,
UCnpjF5ks8AyKBJnLn1lfLmg,3,Q55671122,newspaper,Zavala County Sentinel,United States,title_only:stale:gate2_fp68,
UCnq0zNFkSa8YFc3f1-7Q3mg,3,Q103810677,mass media|news media|news website,Q103810677,People's Republic of China,no_topic_or_title,
UCnqjw_8zU9z0kAwdQ5iAyHQ,3,Q55665676,newspaper,Calaveras Enterprise,United States,unresolved,
UCnrSmy1MRRGU2LSrlgGTikQ,3,Q55671308,newspaper,Loudoun Times-Mirror,United States,title_only:stale:gate2_fp68,
UCnw7vLVa_zOCPFlCKgsLvmw,3,Q12250383,journalist,Wael el-Ebrashy,Egypt,topic+title:stale,
UCnxQ8o9RpqxGF2oLHcCn9VQ,3,Q51882459,YouTuber|blogger|journalist|podcaster,Anthony Fantano,United States,no_topic_or_title,
UCnyxY2BpDbbFpx3J9qwd4rg,3,Q86741222,mass media|news media|news website,Q86741222,Japan,no_topic_or_title,
UCo0TVH1huDOt27cYgGE97Yg,3,Q17486288,journalist|pundit,Kristina Inhof,Austria,title_only:stale,
UCo0kqUAwNb1QPLkbyWO-9Mg,3,Q9093658,journalist|news presenter,Catherine Chang,Taiwan,topic:stale,
UCo11SFxYTAWUVyuV0yBSLsw,3,Q12276760,journalist|pundit,Georgi Toshev,,no_topic_or_title,
UCo2tSNJdJgFxVj4-AIsoPpQ,3,Q130941356,journalist,Thomas Leturgey,United States,no_topic_or_title,
UCo2ufm5B36Vl693GWQAqe8A,3,Q55524279,mass media|news media|news website|newspaper|online newspaper,MusicVoice,,no_topic_or_title:alt,UCTKAyuZQm19WcW7G2zf-cmw
UCo4eRrUQ39EN5aJrQ6cL9Sg,3,Q85269061,journalist,Yūji Kitamaru,Japan,zero_videos,UCUpkxKcCy99ePA1nbkiYLUA
UCo65CArMc8OoKi3NyooEYZw,3,Q115727261,YouTuber|blogger|columnist|journalist|podcaster|pundit,Marta Meneu,Spain,no_topic_or_title,
UCo6aajiV-3GusSerTKEZPgg,3,Q138042686,journalist,David Bixenspan,United States,no_topic_or_title,
UCo6jS4Wp8oUIEDfUyywc2Sw,3,Q25136935,columnist|journalist|pundit,Ernesto Abella,Philippines,unresolved,
UCoAf_IAZKhnUb0AajE5VSyA,3,Q15904208,mass media|news media|news website|newspaper|online newspaper,Passion Times,People's Republic of China,no_topic_or_title,
UCoG_WtEGHB_H96-T4LyPhsw,3,Q55666338,newspaper,Pella Chronicle,United States,no_topic_or_title,
UCoHjGuDUDowAJOf1jN9Y3qw,3,Q5448251,newspaper,FilGoal,Egypt,title_only:gate2_demoted:gate2_fp68,
UCoJIC7zM9Jl2PpowY9X-j1A,3,Q21683725,journalist,Vitalii Haidukevych,,zero_videos,
UCoJhK5kMc4LjBKdiYrDtzlA,3,Q5130305,YouTuber|blogger|journalist,Clayton Morris,United States,no_topic_or_title:alt,UCa8qBas58rCwW64PQLYd2_g
UCoMQbtcPuPk-yW0BxpevEIg,3,Q136487071,mass media|news media|news website,inputmag.dk,Denmark,no_topic_or_title,
UCoMjylTnIYG44ovbtMKryUA,3,Q130472123,journalist,Bill Melugin,,topic+title:stale,
UCoO28dF7ebUqqsdI4xtQ1uw,3,Q4305465,mass media|news media|news website|television station,My Planet,Russia,no_topic_or_title,
UCoPFfs-pI3Kso2Ol5hMDR6g,3,Q131071855,mass media|news media|news website,BASEBALL KING,,no_topic_or_title,
UCoR4ZfRapNfqQOhC_zk34dA,3,Q66799525,journalist,Mikah Sargent,,title_only:stale,
UCoRwVRrzVq3qTw7GqOEfH6Q,3,Q10367120,journalist,Salvador Nogueira,Brazil,topic:no_politics,
UCoTREVo1yJwXXDY0TbTA4EQ,3,Q132058274,newspaper,Kora Plus,Egypt,title_only:gate2_demoted:gate2_fp68,
UCoXtmmnLCbXDiSo8GxsmOzA,3,Q105038628,YouTuber|blogger|journalist|podcaster|pundit,Rocío Vidal,Spain,topic:no_politics,
UCoYiLP9wH8Hz71LvEerJANg,3,Q55668203,newspaper,El Defensor Chieftain,United States,title_only:stale:gate2_fp68,
UCoZDGXUiwT2VefeT4TdcPig,3,Q6845863,journalist,Mike Amor,Australia,topic+title:stale,
UCoZnm-beM69I2Vcz3LtdXUQ,3,Q27829864,journalist|podcaster,Dan Ryckert,United States,no_topic_or_title,
UCoZuf11di9gR8aP8WOAByRQ,3,Q16211141,journalist,Rachel Martin,United States,title_only:stale,
UCo_y8AOQQWkQAZxvtf_rVBg,3,Q140835325,journalist,Suzanne Alyssa Andrew,Canada,title_only:stale,
UCogX-wvzkIzwOEZFTLTPUuw,3,Q29095210,newspaper,Winston-Salem Chronicle,,unresolved,
UCok45CxM0NucPe1UgUZm2FQ,3,Q107720713,mass media|news media|news website,Q107720713,Slovenia,no_topic_or_title,
UCok9Z8Fq6TOvULXUIeVf4Kg,3,Q134894070,mass media|news media|news website,classicalmusic.gr,Greece,zero_videos,
UCokfj4SqQZsdjRoG4mUci4A,3,Q107092624,journalist,Ahmad Noorani,Pakistan,topic+title:no_politics,
UCol-2SVcy88WW5pAAGJ_O4Q,3,Q55665614,newspaper,Milpitas Post,United States,unresolved,
UConQeJRfaLwJ9LbXBS5nhxQ,3,Q65930903,journalist,Q65930903,United States,no_topic_or_title,
UCorshkhu8upUY3NXgQdWRqA,3,Q55665286,newspaper,Luverne Journal,United States,unresolved,
UCotkNLf_Y3jfbLWuSFUCSBQ,3,Q7801032,newspaper,Tien Phong,Vietnam,title_only:gate2_demoted:gate2_fp68:alt,UCPhPBJ3qE719TgLYVcNY8yg
UCoumRzRfv6oZLBS3jis4Uwg,3,Q137835779,journalist,Giuseppe Baratta,Italy,title_only:gate2_demoted,
UCow8oFES_sFLjw5lEm9uGmQ,3,Q974931,newspaper,Sport Express,Russia,no_topic_or_title,
UCowYpWyOJf600yX_HuOZtqA,3,Q139705352,mass media|news media|news website,XiaomiToday,Italy,no_topic_or_title,
UCp-x1BqSzW0Z_-Xh6xiBA2A,3,Q55668454,newspaper,Marysville Journal-Tribune,United States,title_only:stale:gate2_fp68,
UCp0alK_INpAnPcHSAftprTw,3,Q63089469,mass media|news media|news website,Kotaku UK,United Kingdom,no_topic_or_title,
UCp536rDj5ugflp2q-7ZkWbQ,3,Q55671136,newspaper,Eldorado Success,United States,no_topic_or_title,
UCp6GvRIDVeB3G10RQyrFY_w,3,Q123177292,journalist,Rushdi Abualouf,,topic:stale,
UCp6Nll0a8V8j3Hc-Uqqycig,3,Q15061021,journalist|pundit,Aleksandr Shmurnov,Russia,no_topic_or_title,UCktzrSKfxZUvHvebOVhtCyQ
UCp8Kv-cF9YfA-G33CRxv6SQ,3,Q4864720,blogger|journalist,Barry Schwartz,United States,title_only:gate2_demoted,
UCpDJ6VjJsGmQIR_auxpacvA,3,Q16206751,journalist,Sjokz,Belgium,no_topic_or_title,
UCpF7XxbqjfhrQkt4gIIWCFw,3,Q9697368,journalist|news presenter,Carlos Tramontina,Brazil,title_only:stale,
UCpFof1HklLC9YLAcxjl1gYQ,3,Q106581650,mass media|news media|news website|newspaper|online newspaper,Oskarshamns-Nytt,Sweden,no_topic_or_title,
UCpHMLTA0uQAuqEaRIXbCUeg,3,Q55668007,newspaper,Western Nebraska Observer,United States,title_only:stale:gate2_fp68,
UCpHyslB69YRUgWz3xmn6LCg,3,Q77471,columnist|journalist|podcaster|pundit,Sarah Kuttner,Germany,title_only:gate2_demoted,
UCpLh6CawAd90bJ9tyDBovTg,3,Q110507290,YouTuber|blogger|journalist|podcaster|pundit,True Geordie,United Kingdom,no_topic_or_title,UCWaZLW7Bfa83J_h587dH1WQ
UCpMxNe617PurqdrHo6XKSfw,3,Q16162932,journalist,Karin Björkegren Jones,Sweden,title_only:stale,
UCpQu57KgT7gOoLCAu3FFQsA,3,Q18437771,journalist,Park Yeon-mi,United States,topic+title:stale,
UCpS0HZw_-isOY072Hr5tG9w,3,Q1127560,journalist,Levente Lakatos,Hungary,topic+title:no_politics,
UCpT3M9Qwh22TbvWynMSoGWQ,3,Q3845942,journalist,Marco Berry,Italy,no_topic_or_title,UCeLTefZcq2nTCO2Vrx-njUw
UCpTzn9K72X0qLTGZ1rRZo3A,3,Q97197435,journalist,Majid Hosseini,Iran,topic:stale,
UCpU9ZipqbQD0ez-M-V-QWrQ,3,Q124151980,columnist|journalist|pundit,Leandro Guidini,Brazil,title_only:gate2_demoted,
UCpU_4EjU-t061aQ3I6Vr4Lw,3,Q8049272,mass media|media company|news media|news website,Yardbarker,United States,title_only:stale:gate2_fp68,
UCpVsMZgafoY7nA0yHfYGknQ,3,Q123419071,journalist,Ruth Gumbau Velasco,Spain,title_only:stale,
UCpX3nqy7pIwxTkcagJwXKtA,3,Q97381031,mass media|news media|news website,Adventure-Treff,,no_topic_or_title,
UCpXf60RAWO2C3lUSbkJ9W7w,3,Q55665484,newspaper,Ceres Courier,United States,title_only:stale:gate2_fp68,
UCpZTlnT7l_1XUqXCIY8Vjfw,3,Q140459697,journalist|podcaster,Q140459697,,topic:stale,
UCpZZEq5a5IYmfvZF_xPVlFw,3,Q86680608,mass media|news media|news website|newspaper|online newspaper,Letidor,,title_only:stale:gate2_fp68,
UCpZzwgvTUGBreqIFaiFKa3w,3,Q141328738,journalist,Vyacheslav Abdusalamov,Russia,title_only:gate2_demoted,
UCpbmxxPprgXmkfYH_VAJUHg,3,Q139937573,journalist,Willie Star Santos Pereira,Portugal,topic+title:no_politics,
UCpeZPtTv7e8JEm4nkEBR6sw,3,Q112673192|Q112673208,blogger|journalist|mass media,Budiey Isma,Malaysia,title_only:stale,
UCpgd-z9uyhgmj-jkJ8Jferw,3,Q22829161,journalist,Wojciech Chmielarz,Poland,topic+title:stale,
UCpgfZSDjJLKuXVvobvpxx8g,3,Q12593786,mass media|news media|news website,Thisisgame,South Korea,no_topic_or_title,
UCpguAA4VKBftSU7kcgQl5Iw,3,Q3867056,mass media|news media|news website,Multiplayer.it,,no_topic_or_title,
UCpj3gHSgjOZtumjT4pUIvdQ,3,Q7742124,newspaper,The Inquirer and Mirror,,title_only:stale:gate2_fp68,
UCpl6N2vdHD5DoAgpY19UQew,3,Q7054092,newspaper,North Bay Bohemian,United States,title_only:stale:gate2_fp68,
UCpl8im6yzeBG2qctNo1SCRg,3,Q349472,journalist,Mark Levengood,Sweden,topic+title:stale,
UCpqCyT-qXt1SQshHu025Scg,3,Q3954946,blogger|columnist|journalist|pundit,Selvaggia Lucarelli,Italy,topic+title:no_politics,
UCprQU7eQ7wgQwdMTLncEVfg,3,Q134375851,journalist,Laura Grados,Peru,topic+title:stale,
UCprWC5gZXAZ6M5V--ZtmTvw,3,Q281055,mass media|news media|news website,Jeuxvideo.com,,no_topic_or_title,
UCpsmVuwH-c5yOSD1XuVoH_g,3,Q114334864,blogger|journalist,Nikolay Khodasevich,Belarus,no_topic_or_title,
UCpvwUNu6K00wXgJtSDA-TkQ,3,Q15622207,journalist,Paris Lees,United Kingdom,title_only:stale,
UCpyjuuh7iJIMWOg1h034ybQ,3,Q141223957,journalist,Amilcar Trejo Mosquera,Venezuela,topic+title:stale,
UCq0NsM1Wv6RZeylWGyB8rqw,3,Q47575812,journalist,Natasha Bertrand,United States,zero_videos,
UCq6Ng2REMFrvHIJ81Kwv6vA,3,Q20908911,journalist,Antonio Pampliega,Spain,zero_videos,
UCq7JZ8ATgQWeu6sDM1czjhg,3,Q72406450,mass media|news media|news website,Q72406450,,no_topic_or_title,
UCq7Uan13APmZNdtfffmyuRw,3,Q55666331,newspaper,Ogden Reporter,United States,title_only:stale:gate2_fp68,
UCq9yMBjAGMHEmK7Vh-GW9Jw,3,Q23000953,journalist,Chika Oduah,United States,topic+title:stale,
UCqA5IrPE-yZ6SiBcapubyTQ,3,Q109484321,mass media|news media|news website,AdoredTV.com,,title_only:stale:gate2_fp68,
UCqB8pBdrbaqNdWtf5K-GYYg,3,Q136538488,journalist,Q136538488,Israel,topic:stale,
UCqCZWHlTINQOsgu3zmtlgrw,3,Q12004814,newspaper,Sør-Trøndelag,Norway,no_topic_or_title,
UCqEVwTnDzlzKOGYNFemqnYA,3,Q19599559,mass media|news media|news website|newspaper|online newspaper|television channel,RT en français,France,unresolved,
UCqEYtxhWmTCyRQQegeQ8SkA,3,Q11586821,journalist,Reiji Ishiwatari,Japan,no_topic_or_title,
UCqNZ8nchul6WCUKlWIPGV6Q,3,Q108802194,journalist,Chris Mason,,topic+title:stale,
UCqPdMRKS9fDvPyMd0foZ8QQ,3,Q110914122,journalist|news presenter|pundit,Jackie Redmond,Canada,title_only:stale,
UCqQ7iz3Ka-gNPxBo-QNHekg,3,Q838464,mass media|news media|news website,Hardcore Gamer,,no_topic_or_title,
UCqQcghcvYmhiNO0l1UF8sSQ,3,Q55666315,newspaper,Marion Times,United States,title_only:stale:gate2_fp68,
UCqQtUAKCJEBWIhIAkoujuGA,3,Q107304101,journalist|podcaster|pundit,Emily Austin,United States,title_only:stale,
UCqSCjiYXYZ2rbRc2wfT-B2A,3,Q97553220,mass media|news media|news website,GodisaGeek,United Kingdom,no_topic_or_title,
UCqSllZ7UUq0giIkkPfVYujg,3,Q29169693,YouTuber|blogger|journalist,Mai Thi Nguyen-Kim,Germany,no_topic_or_title,
UCqU7kO7e9HQo6QpQ6l3Nk_A,3,Q81911812,YouTuber|blogger|journalist|pundit,Gunnar Kaiser,Germany,topic+title:stale,
UCqW7G8SmyeEeQYzLOk5tdSg,3,Q56376853,YouTuber|blogger|journalist,Ahmed El-Ghandour,Egypt,no_topic_or_title,
UCq_9lRHOI0orfT8CTb94eMw,3,Q115924033,mass media|news media|news website|newspaper|online newspaper,NeuralGamer,Australia,unresolved,
UCq_h2YbIzdi_JEHewBQ1D7g,3,Q28739789,mass media|media company|news agency|news media|news website|newspaper|online newspaper,The Bookmaker Ratings,Russia,no_topic_or_title,
UCqaw9PMOMjYDMMzrrhGuQuw,3,Q81879928,mass media|news media|news website|newspaper|online newspaper,Afro Dope News,United States,unresolved,
UCqc2--ogMBzl4zaAGjt2N6Q,3,Q55667982,newspaper,Custer County Chief,United States,title_only:stale:gate2_fp68,
UCqgS3Ur5InNxOcK3nENKyJQ,3,Q28410983,journalist,Q28410983,Taiwan,topic:stale,
UCqjZTzZwHK42Zpf7pCY9YVw,3,Q55666722,newspaper,Dubois County Herald,United States,title_only:stale:gate2_fp68,
UCqjgM02TFRSy6cIWeflKuPg,3,Q55665672,newspaper,West Sacramento News Ledger,United States,title_only:stale:gate2_fp68,
UCqkBwhGrXa0PcELd1Ks7yDA,3,Q139409963,journalist,Q139409963,Croatia,topic:stale,
UCqmB3luMSTBJNTDxYagbzFg,3,Q108756711,mass media|news media|news website,Q108756711,,no_topic_or_title,UC8Y7yuPl1NCG-CWKJmg5DJg
UCqpeqqzqqSb-280EB8oHDDA,3,Q18148919,newspaper,ClickHole,United States,title_only:gate2_demoted:gate2_fp68,
UCqqHsdvCAQpc7CcP4k7QPmA,3,Q55671062,newspaper,Citizen Tribune,United States,title_only:stale:gate2_fp68,
UCqtpgjz-tAnVF9zLwaRwGCQ,3,Q97353,journalist,Frank Elstner,Germany,topic+title:stale,
UCqwQPYrolYXR2op5pieud3A,3,Q55671227,newspaper,Port Aransas South Jetty,United States,title_only:stale:gate2_fp68,
UCqx1wMUfficlekLJopmzWjQ,3,Q94934920,journalist,Rubi Hammerschlag,Israel,topic+title:no_politics,
UCqx6SglEbqxuz4xuLw-rWyA,3,Q56236538,newspaper,Herald Tribune,,title_only:stale:gate2_fp68,
UCqxIZPqtAwHmTOXYvLtzfpw,3,Q122899520,journalist,Nick Wallis,,topic+title:stale,
UCqxg46AaAwoZDpZXQBslVLg,3,Q107189088,journalist,David McClelland,,title_only:stale,
UCr1_DthFubiTcAb0Sdjbs2g,3,Q7244955,newspaper,Princeton Daily Clarion,United States,title_only:stale:gate2_fp68,
UCr3S50A3UmXeBsHBTHCW-Ow,3,Q113247160,journalist|pundit,Marcelo Bechler,Spain,topic+title:no_politics,
UCr6LD_KKECR6Q2JRuOmuG6g,3,Q55671252,newspaper,Van Horn Advocate,United States,title_only:stale:gate2_fp68,
UCrFXg5Am_RZVeeRZno5yaNg,3,Q55666264,newspaper,Times Plain Dealer,United States,no_topic_or_title,
UCrGAbJgHPtdvXtNb8CoyWIg,3,Q4945358,journalist,Yukiko Duke,Sweden,topic+title:stale,
UCrK7tZ2-kCe4O7mcnq5ONFg,3,Q6189902,newspaper,Jewish News of Greater Phoenix,United States,title_only:stale:gate2_fp68,
UCrKisUQ4nAlroBzGgTutqmA,3,Q6832043,mass media|news media|news website,Mako,Israel,unresolved,UCTt1T_9iPhSaF0QhlgYeoeg
UCrLIIohrtGyn0QVfS_VYydA,3,Q55666125,newspaper,Dahlonega Nugget,United States,title_only:stale:gate2_fp68,
UCrRcRKCxci6MbLjlJoeAeeA,3,Q136703410,journalist,Melina Kokkori,Greece,zero_videos,
UCrSlDFRMaXvo6yLaxcZZaCA,3,Q124488141,journalist,Anabel Schunke,Germany,topic+title:stale,
UCrVea4W2E0ZSiPBt96rqK8Q,3,Q7148508,journalist|news presenter,Patti Ann Browne,United States,topic+title:stale,
UCr_F4Y9iboUKlg_ZPm4jkVQ,3,Q9297511,journalist|pundit,Liang Hongda,People's Republic of China,topic:no_politics,
UCrdPiSPVW0rtRsI002BX8iw,3,Q3634855,journalist|news presenter,Barkha Dutt,India,topic:no_politics,
UCrgLfFlVsszE1JSzYCmj9Yg,3,Q7815482,journalist,Tom Cunliffe,,title_only:gate2_demoted,
UCrgYgrJAn7KMghgQJeJi6Gg,3,Q20525028,columnist|journalist|podcaster|pundit,Davor Dijanović,,topic+title:stale,
UCrijVzgp5lzjA15BWPkqVZw,3,Q56236564,newspaper,Mercury,,no_topic_or_title,
UCrk7jhruZVuLshUNh1qUi4g,3,Q97383312,mass media|news media|news website,COGconnected,Canada,no_topic_or_title,
UCrlQidqJ-REOpMOH5AJ3RGQ,3,Q4763201,journalist,Angie Goff,United States,title_only:stale,
UCrnCvV-LUB7D_Txa9x4YirA,3,Q139937573,journalist,Willie Star Santos Pereira,Portugal,topic+title:no_politics:alt,UCpbmxxPprgXmkfYH_VAJUHg
UCrr7y8rEXb7_RiVniwvzk9w,3,Q106363274,YouTuber|blogger|journalist|pundit,Thought Slime,Canada,topic+title:no_politics,
UCrsLalraxPumc8j-GH2srkA,3,Q132794882,mass media|news media|news website,Digitally Downloaded,United States,no_topic_or_title,
UCrt6X6pXNRl5rRxaKbzCrvw,3,Q105271570,YouTuber|blogger|journalist,Christoph Krachten,,no_topic_or_title,
UCruVMBHEVUXfNnGTeol7oEQ,3,Q6751288,journalist,Manoucher Deghati,France,topic+title:stale,
UCrubYTf4F5mmz_QTqwyGPjg,3,Q55667467,newspaper,Isanti-Chisago County Star,United States,title_only:stale:gate2_fp68,
UCry4EXWs7YupJOym_DXGI5A,3,Q64577880,journalist,Fuad Abbasov,Azerbaijan,unresolved,
UCs-hgDzb4omWRHgQi6T3q4g,3,Q123801339,mass media|news media|news website,olamsport.com,Uzbekistan,title_only:gate2_demoted:gate2_fp68,
UCs250S7fDzkfV8BZXGyYTSQ,3,Q4149763,journalist,Jennifer Griffin,United States,title_only:stale,
UCs3grmREeegKmLEFvqRPN9A,3,Q110108234,journalist,Ethan Kuan,Taiwan,no_topic_or_title,
UCs4SwbHuDwRw_C97C1vgbCg,3,Q133252149,journalist,Yaëlle Kahn,,title_only:stale,
UCs6ZIh3CHMRM_YfgCeZBzPg,3,Q12634265,journalist,Karmela Vukov-Colić,Croatia,title_only:stale,
UCs9kKtvtWnYkfPEY-H0_GNw,3,Q129591657,journalist|podcaster,Joana Cabratosa Pons,,title_only:stale,
UCsAoO_SdTB55bnb0aXHnxNQ,3,Q3225791,newspaper,Le Populaire du Centre,France,title_only:gate2_demoted:gate2_fp68,
UCsICWC_wVfThquj574oseZQ,3,Q112703418,journalist,Oussama Chaouali,Tunisia,title_only:stale,
UCsIbM4uhLH2x3fpIg8jPFlw,3,Q115862047,journalist,Emily Smith,,no_topic_or_title,
UCsJ86N5n7fcEC_Ds8dYJKzA,3,Q51120751,journalist|podcaster|pundit,Q51120751,United States,unresolved,
UCsMywJTJT7QdrepfEtCwhbQ,3,Q136706443,blogger|journalist,Matthias Schüssler,Switzerland,title_only:stale,
UCsP1iHp0nq0RJyoD6PfLw0A,3,Q166178,journalist|news presenter,Kiran Chetry,United States,no_topic_or_title,
UCsWdK8GzuDiYhntwzogJwYg,3,Q55666844,newspaper,Holton Recorder,United States,title_only:stale:gate2_fp68,
UCs_WnwnbibgESIJPeJ0xMDQ,3,Q3856762,journalist,Michele Posa,Italy,unresolved,UCGHwTOC64k45dEByIdmLrlg
UCsaOU6Cj1fv0KZkg236qkRA,3,Q55668368,newspaper,Fire Island News,United States,title_only:stale:gate2_fp68,
UCsbK5DYMv6-ksdoNoErSQZQ,3,Q3725945,journalist,Enrico Nascimbeni,Italy,no_topic_or_title,
UCsbrjaxF47ZZ08olK9dALCw,3,Q124595989,journalist|pundit,Mihály Csernai,Hungary,no_topic_or_title,
UCsd4tKHuW5LRIfUwf109Zvg,3,Q821172,mass media|media company|news agency|news media|news website|newspaper|online newspaper,RIA Novosti,Russia,unresolved,UCeNCijkbeRTVCKOc6DIBwbg
UCsg4L4gUwA1KM4EHATR78cw,3,Q11467926,columnist|journalist|pundit,Mayumi Yamazaki,Japan,no_topic_or_title,
UCsue2psdQnWmF4QWSJMszuA,3,Q12237132,journalist,Lojain Omran,Saudi Arabia,title_only:stale,
UCsxz2byuu1UfDhFw_8Mkhgw,3,Q28665369,journalist,Pavel Kanygin,Russia,topic+title:stale,
UCsyVTPsvSmZDSTR9ObOetUw,3,Q130301917,journalist|pundit,Ambre Godillon,France,title_only:stale,
UCt5q9IoHaX1eE8nR_lU_2qQ,3,Q113566644,journalist,Eito Suzuki,Japan,topic:stale,
UCt7OtrUCL4bIBKvEkesYROw,3,Q135189147,blogger|journalist|podcaster,Q135189147,,topic:no_politics,
UCt9NayVdh6uBmXssgRT_HtQ,3,Q7579766,newspaper,Sports Nippon,Japan,no_topic_or_title,UCCDmd01WsuFBF8n3yMjHQ1A
UCtB1S9P0O0ujEnhGXwDjCDA,3,Q55671234,newspaper,Rockport Pilot,United States,title_only:stale:gate2_fp68,
UCtDUKarntQMUpeV_k6Sr6Eg,3,Q136803361,mass media|news media|news website,Q136803361,Brazil,no_topic_or_title,
UCtEcnC19iHrEUPZbKHnOXwg,3,Q29641526,newspaper,The Middletown Press,United States,zero_videos,
UCtFucXNCn-yo_pj53rsfzpQ,3,Q5682013,journalist|podcaster,Jeff Gerstmann,United States,no_topic_or_title,
UCtGQzzUtoseLchsEWlFY14w,3,Q11316551,journalist|pundit,Tarzan Yamamoto,Japan,no_topic_or_title,UCEuEhZR2i_mJCQwVw2la-3Q
UCtI0TJg0gIb-akFR4hkqLWw,3,Q107302628,journalist,Salih Muhammad An-Na'ami,Palestine,topic:stale,
UCtKOXh-4zjzZE1Hkfs4fgfA,3,Q55665549,newspaper,Ledger Dispatch,United States,title_only:stale:gate2_fp68,
UCtKlKwIPNWUb9aMpDqYGwlg,3,Q110534908,blogger|journalist,Thorsten Küper,Germany,no_topic_or_title,
UCtLDyz18o42cCQlWuMnY6BQ,3,Q134082097,journalist,Q134082097,Spain,no_topic_or_title,
UCtNDRHwCiW0pAFqpcpY-n6A,3,Q133073916,journalist,Q133073916,,no_topic_or_title,
UCtPJ74BHSV6TgZM2MBE1P4Q,3,Q304514,magazine|mass media|news media|news website,Pelaaja,,no_topic_or_title,
UCtRDiSL6Ig0qehVaemH57EQ,3,Q138590136,mass media|news media|news website,autonocion.com,,title_only:gate2_demoted:gate2_fp68,
UCtWKx728OBeMslia6MJ1kLA,3,Q7675570,newspaper,Tahlequah Daily Press,United States,title_only:stale:gate2_fp68,
UCtXTGXYlCv2HnQwvQgGs72g,3,Q13717,newspaper,Libération,France,title_only:stale:gate2_fp68,
UCtZ7TDp_UPX6wsg86NtQHVg,3,Q492439,newspaper,Jeju Ilbo,,no_topic_or_title,
UCt_4wzTQqmcUvemNkeO0plA,3,Q137410844,mass media|news media,Q137410844,Brazil,no_topic_or_title,
UCt_zUfSpvpDufjbzaCmnjyw,3,Q136705492,mass media|news media|news website,culturedvultures.com,United States,no_topic_or_title,
UCtaBFQsyvlFbbfHvCLByd7g,3,Q110630090,journalist,Sofie Rozendaal,Kingdom of the Netherlands,title_only:gate2_demoted,
UCtcbCJlpvfZ9bB0zPDxeWEw,3,Q141446538,journalist,John Pozarowski,United States,no_topic_or_title,
UCteYtNnnHTaTk-rkazdYv7w,3,Q6672746,newspaper,Long Islander News,,title_only:stale:gate2_fp68,
UCtfNs0wKKWKnOyjXceYFx_w,3,Q136561621,mass media|news media|news website,ragequit.gr,Greece,no_topic_or_title,
UCtg939iTgYW2HaazqwW_BtQ,3,Q71131388,journalist,Matti Riitakorpi,Finland,topic:no_politics,
UCtiaVjgFxjpSVKYjHxZs33A,3,Q11928357,journalist,Jordi Robirosa i Dejean,Spain,topic+title:stale,
UCtjVVEXwcB9wLxxaXmN6skA,3,Q1164334|Q5206089,mass media|media company|public broadcaster|television channel,DR,Denmark,no_topic_or_title,
UCtmqiS_54E4CgpEt9pNX9Rw,3,Q97238025,mass media|news media|news website|newspaper|online newspaper,STARNEWS,South Korea,no_topic_or_title,
UCtnSBeKEA0swUnGHQ08SibQ,3,Q24075231,mass media|news media|news website,Q24075231,United States,no_topic_or_title,
UCts635pFW52fSLuBNKu7bgw,3,Q135265373,journalist,Alexia Tasouli,Greece,topic+title:stale,
UCttTIOYTM2TXhKiqOwu9ohw,3,Q16694375,newspaper,Vesti,,unresolved,
UCtuT-_ZwqFhL8XgyTtsZVhg,3,Q136675005,mass media|news media|news website,videochums.com,Canada,no_topic_or_title,
UCtunp-h2hvyQtAvs6SH3zZQ,3,Q22081172,journalist,Sharon Davidovitch,Israel,title_only:stale,
UCtzRkaKB6yQvLnp_4fGSSUA,3,Q24884094,magazine|mass media|news media,Bizbash,United States,unresolved,
UCu0Uc1oNDF36jRY_sskl8bA,3,Q5132413,mass media|news media|news program,Click,,title_only:stale:gate2_fp68,
UCu41XPkhdLFSflj9nqC7ZNQ,3,Q123594770,journalist,Johannes Grunert,Germany,topic+title:stale,
UCu6ZkNVmUDXefMWt4zIDBjg,3,Q140355827,mass media|news media|news website|newspaper|online newspaper,FandomWire,United Arab Emirates,title_only:gate2_demoted:gate2_fp68,
UCuHAomPjgg3cqqEhVwvJ87w,3,Q55666700,newspaper,Kankakee Valley Post-News,United States,no_topic_or_title,
UCuHo-TtuPt5ZrxkNLaY_tEQ,3,Q113436800,journalist,Victor Ho,Canada,unresolved,
UCuItHEWaVmDgT84ZMthwr3w,3,Q5386975,journalist,Eric Lipton,United States,unresolved,
UCuJ5k3GndbHnXLYyiIR6Z8Q,3,Q1522776,public broadcaster,Vietnam Television,Vietnam,no_topic_or_title,
UCuRKZqDJKZcFid5szGEbs5Q,3,Q141085978,mass media|news media|news website,Q141085978,Chile,no_topic_or_title,
UCuRWty8es-M_kKpYcyzDbFA,3,Q108101303,journalist,Shimon Liberty,Israel,topic+title:stale,
UCuTyGPMuCG4SBPyhFzhC5VQ,3,Q16845367,newspaper,Box Elder News Journal,United States,title_only:stale:gate2_fp68,
UCuVxaQDraOja6xKidcmoufA,3,Q7226423,mass media|news media|news website,Polygon,,no_topic_or_title,
UCuXYQD_4R6Z9EjSize_NIsQ,3,Q109770660,journalist,Pyotr Aleksandrovich Fadeev,Russia,unresolved,
UCuZFuykrlN9GUhobrTvP0Bg,3,Q118745270,mass media|news media|news website|newspaper|online newspaper,Q118745270,Vietnam,no_topic_or_title,
UCuclSDvaGjutZQkCxPnFt4A,3,Q98821929,journalist|news presenter,Sarah Mulkerrins,Ireland,topic+title:stale,
UCucsynOA9zToTsOthXrsdPg,3,Q4268152,journalist,Ilya Ludanov,Russia,topic:stale,
UCufHkTfKd3UFwrna3W8H1Cg,3,Q16197116,journalist,Bob Andelman,United Kingdom,no_topic_or_title,
UCufmgU-QUGEBPPQXI4VzO5w,3,Q4926012,journalist,Blendi Fevziu,Albania,title_only:gate2_demoted,
UCunUSy3zI68oLNYr37K07Gg,3,Q76624488,journalist,Sotiris Danezis,Greece,topic+title:stale,
UCunn9Zv11XUYB8pdlK_yV7A,3,Q461063,columnist|journalist|pundit,Meghan McCain,United States,topic:stale,
UCupCPjlklosth7Rzo7ALe9Q,3,Q6875490,journalist|news presenter,Mishal Husain,United Kingdom,unresolved,
UCuqy2VaBAKSJmVgBhbzRePg,3,Q12594670,mass media|news media|news website|newspaper|online newspaper,MYDAILY,South Korea,unresolved,
UCura5JPb8QkzXrMfAxq4Ssw,3,Q11765347,YouTuber|blogger|journalist,Maciej Frączyk,Poland,no_topic_or_title,
UCuvYEFKaxD49_IalZF1ywuw,3,Q136377104,journalist,Christine Estima,Canada,no_topic_or_title,
UCuwAwBsW4fiMace8QZJwsdQ,3,Q114835125,mass media|news media|news website,uDiscoverMusic,,no_topic_or_title,
UCuyLN6dFG4y316fEhe455fQ,3,Q10832302|Q10832314|Q1522776,public broadcaster|television station,VTV10,Vietnam,no_topic_or_title:alt,UCuJ5k3GndbHnXLYyiIR6Z8Q
UCuzaJiIORaXi7DsuEs03Gow,3,Q108734192,mass media|news media|news website,Video Games Chronicle,United Kingdom,no_topic_or_title,
UCv-efSc8ylRd2D6ogQ17GXw,3,Q8998064,journalist,Q8998064,Taiwan,topic:stale,
UCv6_HST2Gb6GKWznkj10yRQ,3,Q7758689,magazine|mass media|news media|news website|newspaper,The Public Domain Review,United Kingdom,title_only:stale:gate2_fp68,
UCv9Rl2oI-c5X7ZV_mRolZPg,3,Q90969071,journalist,Ihtisham Ul Haq,United Kingdom,unresolved,
UCvCujaBHfOVexZnRctRreZQ,3,Q28754066,journalist,Ahmad Musa,Egypt,topic:no_politics,
UCvDnh-MM9FRCP_H5mndomyQ,3,Q117878392,journalist,Tomasz Pytko,Poland,topic+title:no_politics,
UCvEYcVt_KqgDlGVAPyzSWDQ,3,Q55671129,newspaper,El Heraldo News,United States,title_only:gate2_demoted:gate2_fp68,
UCvGUH0ZvMbOidApPzA09aqA,3,Q111971891,mass media|news media|news website|newspaper|online newspaper,BRUZZ Ket,Belgium,no_topic_or_title,
UCvMPen_xEkspXCnJgu2u8dQ,3,Q105672143,columnist|journalist|pundit,Effie Agrafioti,Greece,no_topic_or_title,UCF65uBi2Q-yPDLe1kYaJVBA
UCvNp0_JGaUO4JykHT213T9w,3,Q55667793,newspaper,Itawamba County Times,United States,title_only:stale:gate2_fp68,
UCvQdaDib8NfUw6Q83zytdTQ,3,Q141250274,mass media|news media|news website,Gamebit.gr,Greece,no_topic_or_title,
UCvTFbV4tOgWmiuBHX5u789Q,3,Q55668487,newspaper,Wapakoneta Daily News,United States,title_only:stale:gate2_fp68,
UCvVz_9cbeS05FpM572T_k3A,3,Q138975315,mass media|news media|news website,Tourprom,Russia,unresolved,
UCvYFt07KwKjJY4wAhBRlSRQ,3,Q135683545|Q55672263,newspaper,All Point Bulletin,United States,no_topic_or_title,
UCv_cUrrYgcH2sEt0K1eGVqg,3,Q137781344,mass media|media company|news media|news website|newspaper,World Soccer Talk,United States,title_only:stale:gate2_fp68,
UCva-P6dY9-FhlzXCdv2xP_w,3,Q6623879,journalist,Arad Nir,Israel,topic:no_politics,
UCvapa0SZ7_vwks-OtvFBqDw,3,Q7285946,journalist,Rajeev Masand,India,title_only:gate2_demoted,
UCvg8rB20NlcUbI51R2anQ0w,3,Q2261865,newspaper,Västerbottens-Kuriren,Sweden,title_only:gate2_demoted:gate2_fp68,
UCvgEwJS-SNGQiBacogVDRwg,3,Q1080976,columnist|journalist|pundit,Christian Macharski,Germany,no_topic_or_title,
UCvhHSpm4VMSQYrwNIPbIcWA,3,Q55668537,newspaper,River Reflections,United States,title_only:gate2_demoted:gate2_fp68,
UCviJkclNGZaqDeb8B9wpfkA,3,Q141246292,mass media|news media|news website,HIPHOPCs,Japan,no_topic_or_title,
UCvn3czQsR_XqqC5CQ7q6Wqg,3,Q1680057,journalist|pundit,Marcel Feige,Germany,no_topic_or_title,
UCvntK93tWvlzNoNZf8yIWOA,3,Q65613230,mass media|news media,iMore,,title_only:stale:gate2_fp68,
UCvoXXZq7ljQh7b5R5HgRL2g,3,Q15618324,journalist|pundit,Rabii Bhouri,Tunisia,title_only:stale,
UCvsjX80Xz4SfCqVFLnvBxVg,3,Q56033146,newspaper,San Clemente Times,United States,title_only:stale:gate2_fp68,
UCw0wGD--N6e1y5BO15NXAVg,3,Q542860,journalist,Fearne Cotton,United Kingdom,title_only:gate2_demoted,
UCw42tLDKCStDCtT6Omhhfqw,3,Q4321110,journalist|pundit,Aleksandr Nikonov,Russia,topic:no_politics,
UCw9wrfCuind_AyJK01ho0ew,3,Q23059250,journalist,Mara Pfeiffer,Germany,no_topic_or_title,
UCwAVYR-BmFt1bCyCA68Tbbg,3,Q4463516,magazine|mass media|newspaper,Troitskiy Variant,Russia,title_only:gate2_demoted:gate2_fp68,
UCwCUni_LUDp5MqOFPCMaBxA,3,Q64346774,journalist,Sonja Skeistrand Sunde,Norway,zero_videos,
UCwEeGz642neKIXgv7AdWggA,3,Q136559481,mass media|news media|news website,Q136559481,United Kingdom,no_topic_or_title,
UCwFSp0TgSm-p3FdKpLdRqJw,3,Q54867850,mass media|news media|news website|newspaper|online newspaper,Komitid,France,unresolved,
UCwHlRYlHLNYgpzLwEyfz4kw,3,Q4463473,journalist,Artemi Troitski,Russia,topic:no_politics,
UCwJfCH_c6Ary5xrrx92g1ow,3,Q12037625,journalist|podcaster|pundit,Miloš Čermák,Czech Republic,topic+title:stale,
UCwMMaHcTp9vShFkqBBnZZ3Q,3,Q55666105,newspaper,Fannin Focus,United States,title_only:stale:gate2_fp68,
UCwNuCDBrykKmQVlCL6OG05Q,3,Q96761122,blogger|columnist|journalist|pundit,Muhammad Bilal Ghauri,Pakistan,topic+title:no_politics,
UCwOrjPhx-Sm3h7diLec-NoA,3,Q4039642,mass media|news media|news website,Gram.pl,,no_topic_or_title,
UCwPzq5yQwczLmivBX8zq7Mw,3,Q108679343,blogger|journalist,Anton Lyadov,Russia,topic:no_politics,
UCwQEK1CGaOyHp9gBFRS0Ksw,3,Q130772010,journalist|news presenter,Patience Lee,Taiwan,no_topic_or_title,
UCwSDL-7rP0ARq516UfDKO1w,3,Q5271264,journalist,Diana Pavlac Glyer,United States,topic+title:stale,
UCwUBjt6qaDPXjOFZVRGkv1Q,3,Q71129068,journalist,Emma Karasjoki,Finland,zero_videos,
UCwa-2erArYxG-SLI2ngtVFA,3,Q123818564,newspaper,Q123818564,,no_topic_or_title,
UCwaGvd-7m-X3GZqK_lLutXw,3,Q18572033,mass media|media company|news agency|news media,Sputnik,Russia,unresolved,UCE8LqmM9zkuzOgaYhakwTdw
UCwhg1T-eenZbvO0-xe1SEQA,3,Q101010777,journalist,Kiilu Nyasha,,topic:stale,
UCwoDG_sYa0B3PsMajjjre-A,3,Q4737047,newspaper,Altus Times,United States,title_only:stale:gate2_fp68,
UCwtf7Tgsj5PX3zgds7yzung,3,Q111443806,mass media|news media|news website|newspaper|online newspaper,elculture,Greece,no_topic_or_title,
UCww7wZ5uMaN5zIeq3srIgjA,3,Q73936604,mass media|news media|news website,Q73936604,,no_topic_or_title,
UCwz-vpQaawff1CxXKpU-FAw,3,Q85683765,YouTuber|blogger|journalist|podcaster,Rafał Gębura,Poland,topic+title:no_politics,
UCxBqOyVGNnf6ZAxClNPRaOA,3,Q11189161,journalist|pundit,Aki Inose,Japan,title_only:gate2_demoted,
UCxCynS7Pn__zXfoQ5kHxqqw,3,Q138747799,mass media|media company|news media|news website,GAMES.GG,United Arab Emirates,no_topic_or_title,
UCxKQxPXNZCSaBVJU_IKf_fg,3,Q134397176,journalist|news presenter,Q134397176,Taiwan,no_topic_or_title,
UCxOqelhdkXRpxEA8_q2F5mg,3,Q26279538,journalist|pundit,Jacek Międlar,Poland,unresolved,
UCxPN-JU3DsKwDgn5sTetNUQ,3,Q66753915,blogger|journalist,Ran Bar-Zik,Israel,topic+title:no_politics,
UCxRNlBHpFJNPAF3pmilGPpQ,3,Q120441439,YouTuber|blogger|journalist,Daniel Valero,Spain,title_only:stale,
UCxRcAm_X-ZgCTkqI-is593Q,3,Q20979204,journalist,Lara B. Krinsky,,no_topic_or_title,
UCx_2Vso6Qz76n-w5KV8DZcA,3,Q78184133,columnist|journalist|podcaster|pundit,Allie Beth Stuckey,United States,topic+title:no_politics,
UCxbvGkwTuGV91aH0z4er0Ew,3,Q11348098,journalist,Richard Koshimizu,Japan,topic+title:stale,
UCxdM-sUirM519Lax62o56Aw,3,Q27916325,blogger|journalist,Eric Alper,Canada,unresolved,
UCxgpOJqv7i_zkf2k0xUBNDQ,3,Q66974598,journalist,Q66974598,United States,zero_videos,
UCxhlaRxHLKYr3GxFYEpic-Q,3,Q4503430,journalist,Alexey Tsvetkov,Russia,topic:no_politics,
UCxjE5746HR0Macf0v-1aUzw,3,Q385079,newspaper,Daily Sport,,title_only:gate2_demoted:gate2_fp68,
UCxknseqkoJv3WeYLCT4MrbA,3,Q4118565,newspaper,Al-Wafd,Egypt,no_topic_or_title,
UCxkxET_tI9GZSooK04SJIYg,3,Q18335183,public broadcaster,Ålands Radio and TV,Finland,no_topic_or_title,
UCxlORhgBP6vfnhwpsz96UEA,3,Q112410655,blogger|journalist|pundit,Jana Florentýna Pišová,Czech Republic,title_only:stale,
UCxmcEcUHq-TA7WVZbxg4amA,3,Q108756711,mass media|news media|news website,Q108756711,,no_topic_or_title,UC8Y7yuPl1NCG-CWKJmg5DJg
UCxspNrAzV28nA0f76hbn5eA,3,Q4042056,mass media|news media|news website,Q4042056,Russia,no_topic_or_title,
UCxuksozHJD_f1w9nVa6UhAw,3,Q776358,magazine|mass media|newspaper,Autosport,,title_only:gate2_demoted:gate2_fp68,
UCxzrV8BxOh8kUU6yUA1HEdA,3,Q5534188,blogger|journalist,Geoff Keighley,Canada,no_topic_or_title,
UCy43EVksRkpNtDdvZ7Y2AKg,3,Q11767871,journalist,Marcin Wroński,Poland,zero_videos,
UCy5Q5XoFEdzSTvnvkLMeWhg,3,Q110310390,mass media|media company|news media|news website|newspaper|online newspaper,Eviathema.gr,Greece,title_only:gate2_demoted:gate2_fp68,
UCy77dX8TWyKTwAXYjgRPeXw,3,Q106920312,journalist,Ahmed Ghazi,Yemen,title_only:gate2_demoted,
UCy96kzug_aXEM7r8MB_qDKQ,3,Q18452157,mass media|news media|news website|newspaper|online newspaper,MovieZine,Sweden,title_only:gate2_demoted:gate2_fp68,
UCy9MfJ6pF1IA17bHzhsDy0Q,3,Q24852301,journalist,Dan Ashley,United States,no_topic_or_title,
UCyCSfNOk9df_PFDEuadXggg,3,Q16926635,newspaper,Hou Kong Daily,People's Republic of China,no_topic_or_title,
UCyCVUsheoE7DMJ0dYMYihVg,3,Q96375363,journalist,Q96375363,United States,no_topic_or_title,
UCyFMndKW6Dm6dryuDCkRybg,3,Q112192777,journalist|news presenter|podcaster,Martin Čermák,Czech Republic,topic:stale,
UCyFcwWUu7lW4OCuB_0CUpnw,3,Q135196901,mass media|news media|news website|newspaper|online newspaper,Harderwijkse Zaken,Netherlands,title_only:stale:gate2_fp68,
UCyGRDwx5FfAteHB-RNX35ng,3,Q28542250,journalist|podcaster,Jake Hanrahan,,topic+title:no_politics,
UCyTQDR5KpFnkeGf8x8OjntQ,3,Q55668277,newspaper,Putnam County Courier,United States,title_only:stale:gate2_fp68,
UCyYqix5IbJ5Dg3M444wW_3A,3,Q122801962,journalist,Tom Reynolds,Australia,title_only:stale,
UCy_CNX8bnprdeEGI4MhbbEw,3,Q108442887,journalist,Ross Lydall,,topic+title:no_politics,
UCycYusQ1yKOvUpzhJlwRjHA,3,Q4060304,newspaper,Aqçarlaq,,no_topic_or_title,
UCynKUN0cVtbAmUrPOE66gdA,3,Q8152375,newspaper,Tokyo Sports,Japan,no_topic_or_title,
UCyo5eRYRBoKp9Xi_OH8Lgfg,3,Q123371509,journalist,Jotam Confino,Kingdom of Denmark,topic+title:stale,
UCyoK-0y0jsIChtP0fT5jlFw,3,Q55668574,newspaper,Kane Republican,United States,title_only:stale:gate2_fp68,
UCyp5QIMVodVaYWXp7sHV-6Q,3,Q327147,newspaper,Q327147,Turkey,no_topic_or_title,
UCys8ibGUCHAWPZQVPTiWi6A,3,Q111976636,journalist|news presenter,Rabia Anum Obaid,Pakistan,title_only:stale,
UCytFHg2H7tK83q5l8WP-s-A,3,Q11481995,journalist,Yasushi Hirai,Japan,no_topic_or_title,
UCytgGnPVjzSxK4k3JscLWxw,3,Q6863795,newspaper,Minden Press-Herald,United States,title_only:stale:gate2_fp68,
UCythebfSIIzVzWRSixI0eYQ,3,Q137883473,journalist,Rikiya Yamaji,Japan,no_topic_or_title,
UCyx4GxlyO29ACB9oJCudo3g,3,Q55671379,newspaper,South Whidbey Record,United States,unresolved,
UCz-8zsGYprvl8C00C7cy9Ew,3,Q23995134,YouTuber|blogger|journalist,Firas Alshater,,title_only:stale,
UCz-MqEPXSDQijdxR1QxgyjA,3,Q12392722,journalist,Manuel Gago Mariño,Spain,title_only:gate2_demoted,
UCz243WtLKTFi5hFz5AgaqUQ,3,Q1252408,journalist|political analyst|pundit,Douglas Murray,United Kingdom,topic+title:stale,
UCzEUzr97Wa9WsHdCR5QOCrA,3,Q115677724,journalist|podcaster,Michael Hobbes,,topic+title:stale,
UCzFNUR0g3AjJDZMg--LBHeQ,3,Q2129720,mass media|newspaper|television channel,Gujarat Samachar,India,unresolved,
UCzIO0iX4yKW2P4NkmmKq1PA,3,Q88853554,mass media|news media|news website,9to5Google,,title_only:gate2_demoted:gate2_fp68,
UCzIriT9umG933jE8U9POvjA,3,Q124257495,journalist,Piotr Żyłka,Poland,topic+title:no_politics,
UCzPOu_p446ktIzNtGpyuODg,3,Q141312395,mass media|news media|news website,aera.gr,Greece,title_only:gate2_demoted:gate2_fp68,
UCzQrzbEZEP841f0z-7d1RLA,3,Q40322,mass media|media company|news agency|news media|radio station,Radio Free Asia,United States,no_topic_or_title,
UCzSNwrZGxCE3X_COflj9HmQ,3,Q106765711,mass media|news media|news website|newspaper|online newspaper,The Village,Russia,title_only:stale:gate2_fp68,
UCzSd_7b5VAihkZLA9uSIr5Q,3,Q5936436,journalist|pundit,Sivan Rahav-Meir,Israel,topic:no_politics,
UCzSm5lA-Rzzwzotf40jiz0g,3,Q55666699,newspaper,Decatur Daily Democrat,United States,no_topic_or_title,
UCzVBnaEfYkBCc6btBbc9EeA,3,Q7761273,newspaper,The Rockdale Citizen,,title_only:stale:gate2_fp68,
UCz_LKCKWs6Bf7hPCrUa_VtQ,3,Q5272817,journalist,Dick DeBartolo,United States,title_only:gate2_demoted,
UCzc_wqrGNHpyEy-1cCYm0WQ,3,Q19852783,journalist,Gladys Lee,Taiwan,title_only:stale,
UCzcm5lzQch7dPoCSM1x-Eow,3,Q60198863,mass media|news media|news website,Game Industry News,,no_topic_or_title,
UCzd7dHP7w7zWt-XSPWyyh4g,3,Q6922906,newspaper,Mount Pleasant Daily Tribune,United States,title_only:stale:gate2_fp68,
UCzdIF74kEBLcpdQj5Fy7tdQ,3,Q55668156,newspaper,Two River Times,United States,no_topic_or_title,
UCzdgh34HFyN8v2k3ZZA5uNA,3,Q17499997,magazine|mass media|news media|news website|newspaper|online newspaper,The Paper,,title_only:gate2_demoted:gate2_fp68,
UCzhJ6J7AAbIsizNbrtLdyRA,3,Q2227969,journalist|news presenter,Savannah Guthrie,United States,unresolved,
UCzjjWIcocZkVBHj5QSCM1JQ,3,Q78143486,journalist,Thanos Dimadis,Greece,topic+title:stale,
UCzkvLqQUufTMYDERNXiKnFA,3,Q5170377,journalist,Q5170377,United States,no_topic_or_title,
UCzp5eveEqKFfZZDh762Lifg,3,Q55666009,newspaper,Coral Springs News,United States,no_topic_or_title,
UCzpZ-vq_wJYOVkwNtqF2D_A,3,Q28690495,journalist,Hiroaki Watanabe,Japan,topic:stale,
UCzqRwR7Ew0Wx8H674FSKpOg,3,Q128329840,journalist,Mick Boskamp,,no_topic_or_title,
UCzqwkn9biwIRpqudHPVFswQ,3,Q13132725,newspaper,Intex-Press,,zero_videos,
UCzsL5jpt0fbEdgVMOV-k-2Q,3,Q83389,public broadcaster,Turkish Radio and Television Corporation,Turkey,no_topic_or_title,
UCzsgS9-QpkKjdJytHo-FfYQ,3,Q6812682,journalist,Melissa Doyle,Australia,no_topic_or_title,
UCzuCW8olhfXml48tunQBKpw,3,Q24282704,mass media|news media|news website,Q24282704,,no_topic_or_title,
UCzxdGoNthGC-EII5eJKJZwA,3,Q106937134,journalist,Fira Jalilova,Azerbaijan,topic+title:no_politics,
UCzytW9FifdLdBI0lXMSFjFw,3,Q122370312,journalist,Daniil Orain,Russia,topic+title:no_politics,
UCzz6z566lJPtjqKOPUmHZKQ,3,Q140073547,journalist,Stephen M. Miller,United States,topic+title:no_politics,
